>>> Running Step 02: Apply Scale Factors & Correction
ntuple path : /Users/jhlee/ttHH/ntuple/skimmed/gen_tier3/TTTo2L2Nu.root
Sample Name: TTTo2L2Nu
[ Mode ] Applying Scale Factors & Correction
Error in <TBranchElement::WriteBasketImpl>: basket's WriteBuffer failed.
Error in <TBranchElement::TBranch::Fill>: Failed to write out basket.

Error in <TBranchElement::Fill>: Failed filling branch:jetPt, nbytes=-1
Error in <TTree::Fill>: Failed filling branch:Tree.jetPt, nbytes=-1, entry=663
 This error is symptomatic of a Tree created as a memory-resident Tree
 Instead of doing:
    TTree *T = new TTree(...)
    TFile *f = new TFile(...)
 you should do:
    TFile *f = new TFile(...)
    TTree *T = new TTree(...)


Error in <TBranchElement::WriteBasketImpl>: basket's WriteBuffer failed.
Error in <TBranchElement::TBranch::Fill>: Failed to write out basket.

Error in <TBranchElement::Fill>: Failed filling branch:jetEta, nbytes=-1
Error in <TTree::Fill>: Failed filling branch:Tree.jetEta, nbytes=-1, entry=663
 This error is symptomatic of a Tree created as a memory-resident Tree
 Instead of doing:
    TTree *T = new TTree(...)
    TFile *f = new TFile(...)
 you should do:
    TFile *f = new TFile(...)
    TTree *T = new TTree(...)


Error in <TBranchElement::WriteBasketImpl>: basket's WriteBuffer failed.
Error in <TBranchElement::TBranch::Fill>: Failed to write out basket.

Error in <TBranchElement::Fill>: Failed filling branch:bTagScore, nbytes=-1
Error in <TTree::Fill>: Failed filling branch:Tree.bTagScore, nbytes=-1, entry=663
Error in <TBranchElement::WriteBasketImpl>: basket's WriteBuffer failed.
Error in <TBranchElement::TBranch::Fill>: Failed to write out basket.

Error in <TBranchElement::Fill>: Failed filling branch:jetPUids, nbytes=-1
Error in <TTree::Fill>: Failed filling branch:Tree.jetPUids, nbytes=-1, entry=663
Error in <TBranchElement::WriteBasketImpl>: basket's WriteBuffer failed.
Error in <TBranchElement::TBranch::Fill>: Failed to write out basket.

Error in <TBranchElement::Fill>: Failed filling branch:hadFlavs, nbytes=-1
Error in <TTree::Fill>: Failed filling branch:Tree.hadFlavs, nbytes=-1, entry=663
Error in <TBranchElement::WriteBasketImpl>: basket's WriteBuffer failed.
Error in <TBranchElement::TBranch::Fill>: Failed to write out basket.

Error in <TBranchElement::Fill>: Failed filling branch:partonFlavs, nbytes=-1
Error in <TTree::Fill>: Failed filling branch:Tree.partonFlavs, nbytes=-1, entry=663
Error in <TBranchElement::WriteBasketImpl>: basket's WriteBuffer failed.
Error in <TBranchElement::TBranch::Fill>: Failed to write out basket.

Error in <TBranchElement::Fill>: Failed filling branch:bTagScore, nbytes=-1
Error in <TTree::Fill>: Failed filling branch:Tree.bTagScore, nbytes=-1, entry=1326
 This error is symptomatic of a Tree created as a memory-resident Tree
 Instead of doing:
    TTree *T = new TTree(...)
    TFile *f = new TFile(...)
 you should do:
    TFile *f = new TFile(...)
    TTree *T = new TTree(...)


Error in <TBranchElement::WriteBasketImpl>: basket's WriteBuffer failed.
Error in <TBranchElement::TBranch::Fill>: Failed to write out basket.

Error in <TBranchElement::Fill>: Failed filling branch:partonFlavs, nbytes=-1
Error in <TTree::Fill>: Failed filling branch:Tree.partonFlavs, nbytes=-1, entry=1326
 This error is symptomatic of a Tree created as a memory-resident Tree
 Instead of doing:
    TTree *T = new TTree(...)
    TFile *f = new TFile(...)
 you should do:
    TFile *f = new TFile(...)
    TTree *T = new TTree(...)


Error in <TBranchElement::WriteBasketImpl>: basket's WriteBuffer failed.
Error in <TBranchElement::TBranch::Fill>: Failed to write out basket.

Error in <TBranchElement::Fill>: Failed filling branch:jetPt, nbytes=-1
Error in <TTree::Fill>: Failed filling branch:Tree.jetPt, nbytes=-1, entry=1327
 This error is symptomatic of a Tree created as a memory-resident Tree
 Instead of doing:
    TTree *T = new TTree(...)
    TFile *f = new TFile(...)
 you should do:
    TFile *f = new TFile(...)
    TTree *T = new TTree(...)


Error in <TBranchElement::WriteBasketImpl>: basket's WriteBuffer failed.
Error in <TBranchElement::TBranch::Fill>: Failed to write out basket.

Error in <TBranchElement::Fill>: Failed filling branch:jetEta, nbytes=-1
Error in <TTree::Fill>: Failed filling branch:Tree.jetEta, nbytes=-1, entry=1327
 This error is symptomatic of a Tree created as a memory-resident Tree
 Instead of doing:
    TTree *T = new TTree(...)
    TFile *f = new TFile(...)
 you should do:
    TFile *f = new TFile(...)
    TTree *T = new TTree(...)


Error in <TBranchElement::WriteBasketImpl>: basket's WriteBuffer failed.
Error in <TBranchElement::TBranch::Fill>: Failed to write out basket.

Error in <TBranchElement::Fill>: Failed filling branch:jetPUids, nbytes=-1
Error in <TTree::Fill>: Failed filling branch:Tree.jetPUids, nbytes=-1, entry=1327
Error in <TBranchElement::WriteBasketImpl>: basket's WriteBuffer failed.
Error in <TBranchElement::TBranch::Fill>: Failed to write out basket.

Error in <TBranchElement::Fill>: Failed filling branch:hadFlavs, nbytes=-1
Error in <TTree::Fill>: Failed filling branch:Tree.hadFlavs, nbytes=-1, entry=1327
Error in <TBranchElement::WriteBasketImpl>: basket's WriteBuffer failed.
Error in <TBranchElement::TBranch::Fill>: Failed to write out basket.

Error in <TBranchElement::Fill>: Failed filling branch:bTagScore, nbytes=-1
Error in <TTree::Fill>: Failed filling branch:Tree.bTagScore, nbytes=-1, entry=1988
 This error is symptomatic of a Tree created as a memory-resident Tree
 Instead of doing:
    TTree *T = new TTree(...)
    TFile *f = new TFile(...)
 you should do:
    TFile *f = new TFile(...)
    TTree *T = new TTree(...)


Error in <TBranchElement::WriteBasketImpl>: basket's WriteBuffer failed.
Error in <TBranchElement::TBranch::Fill>: Failed to write out basket.

Error in <TBranchElement::Fill>: Failed filling branch:partonFlavs, nbytes=-1
Error in <TTree::Fill>: Failed filling branch:Tree.partonFlavs, nbytes=-1, entry=1988
 This error is symptomatic of a Tree created as a memory-resident Tree
 Instead of doing:
    TTree *T = new TTree(...)
    TFile *f = new TFile(...)
 you should do:
    TFile *f = new TFile(...)
    TTree *T = new TTree(...)


Error in <TBranchElement::WriteBasketImpl>: basket's WriteBuffer failed.
Error in <TBranchElement::TBranch::Fill>: Failed to write out basket.

Error in <TBranchElement::Fill>: Failed filling branch:jetPt, nbytes=-1
Error in <TTree::Fill>: Failed filling branch:Tree.jetPt, nbytes=-1, entry=1989
 This error is symptomatic of a Tree created as a memory-resident Tree
 Instead of doing:
    TTree *T = new TTree(...)
    TFile *f = new TFile(...)
 you should do:
    TFile *f = new TFile(...)
    TTree *T = new TTree(...)


Error in <TBranchElement::WriteBasketImpl>: basket's WriteBuffer failed.
Error in <TBranchElement::TBranch::Fill>: Failed to write out basket.

Error in <TBranchElement::Fill>: Failed filling branch:jetEta, nbytes=-1
Error in <TTree::Fill>: Failed filling branch:Tree.jetEta, nbytes=-1, entry=1989
 This error is symptomatic of a Tree created as a memory-resident Tree
 Instead of doing:
    TTree *T = new TTree(...)
    TFile *f = new TFile(...)
 you should do:
    TFile *f = new TFile(...)
    TTree *T = new TTree(...)


Error in <TBranchElement::WriteBasketImpl>: basket's WriteBuffer failed.
Error in <TBranchElement::TBranch::Fill>: Failed to write out basket.

Error in <TBranchElement::Fill>: Failed filling branch:jetPUids, nbytes=-1
Error in <TTree::Fill>: Failed filling branch:Tree.jetPUids, nbytes=-1, entry=1989
Error in <TBranchElement::WriteBasketImpl>: basket's WriteBuffer failed.
Error in <TBranchElement::TBranch::Fill>: Failed to write out basket.

Error in <TBranchElement::Fill>: Failed filling branch:hadFlavs, nbytes=-1
Error in <TTree::Fill>: Failed filling branch:Tree.hadFlavs, nbytes=-1, entry=1989
Error in <TBranchElement::WriteBasketImpl>: basket's WriteBuffer failed.
Error in <TBranchElement::TBranch::Fill>: Failed to write out basket.

Error in <TBranchElement::Fill>: Failed filling branch:bTagScore, nbytes=-1
Error in <TTree::Fill>: Failed filling branch:Tree.bTagScore, nbytes=-1, entry=2651
 This error is symptomatic of a Tree created as a memory-resident Tree
 Instead of doing:
    TTree *T = new TTree(...)
    TFile *f = new TFile(...)
 you should do:
    TFile *f = new TFile(...)
    TTree *T = new TTree(...)


Error in <TBranchElement::WriteBasketImpl>: basket's WriteBuffer failed.
Error in <TBranchElement::TBranch::Fill>: Failed to write out basket.

Error in <TBranchElement::Fill>: Failed filling branch:partonFlavs, nbytes=-1
Error in <TTree::Fill>: Failed filling branch:Tree.partonFlavs, nbytes=-1, entry=2651
 This error is symptomatic of a Tree created as a memory-resident Tree
 Instead of doing:
    TTree *T = new TTree(...)
    TFile *f = new TFile(...)
 you should do:
    TFile *f = new TFile(...)
    TTree *T = new TTree(...)


Error in <TBranchElement::WriteBasketImpl>: basket's WriteBuffer failed.
Error in <TBranchElement::TBranch::Fill>: Failed to write out basket.

Error in <TBranchElement::Fill>: Failed filling branch:jetPt, nbytes=-1
Error in <TTree::Fill>: Failed filling branch:Tree.jetPt, nbytes=-1, entry=2652
 This error is symptomatic of a Tree created as a memory-resident Tree
 Instead of doing:
    TTree *T = new TTree(...)
    TFile *f = new TFile(...)
 you should do:
    TFile *f = new TFile(...)
    TTree *T = new TTree(...)


Error in <TBranchElement::WriteBasketImpl>: basket's WriteBuffer failed.
Error in <TBranchElement::TBranch::Fill>: Failed to write out basket.

Error in <TBranchElement::Fill>: Failed filling branch:jetEta, nbytes=-1
Error in <TTree::Fill>: Failed filling branch:Tree.jetEta, nbytes=-1, entry=2652
 This error is symptomatic of a Tree created as a memory-resident Tree
 Instead of doing:
    TTree *T = new TTree(...)
    TFile *f = new TFile(...)
 you should do:
    TFile *f = new TFile(...)
    TTree *T = new TTree(...)


Error in <TBranchElement::WriteBasketImpl>: basket's WriteBuffer failed.
Error in <TBranchElement::TBranch::Fill>: Failed to write out basket.

Error in <TBranchElement::Fill>: Failed filling branch:jetPUids, nbytes=-1
Error in <TTree::Fill>: Failed filling branch:Tree.jetPUids, nbytes=-1, entry=2652
Error in <TBranchElement::WriteBasketImpl>: basket's WriteBuffer failed.
Error in <TBranchElement::TBranch::Fill>: Failed to write out basket.

Error in <TBranchElement::Fill>: Failed filling branch:hadFlavs, nbytes=-1
Error in <TTree::Fill>: Failed filling branch:Tree.hadFlavs, nbytes=-1, entry=2652
Error in <TBranchElement::WriteBasketImpl>: basket's WriteBuffer failed.
Error in <TBranchElement::TBranch::Fill>: Failed to write out basket.

Error in <TBranchElement::Fill>: Failed filling branch:bTagScore, nbytes=-1
Error in <TTree::Fill>: Failed filling branch:Tree.bTagScore, nbytes=-1, entry=3315
 This error is symptomatic of a Tree created as a memory-resident Tree
 Instead of doing:
    TTree *T = new TTree(...)
    TFile *f = new TFile(...)
 you should do:
    TFile *f = new TFile(...)
    TTree *T = new TTree(...)


Error in <TBranchElement::WriteBasketImpl>: basket's WriteBuffer failed.
Error in <TBranchElement::TBranch::Fill>: Failed to write out basket.

Error in <TBranchElement::Fill>: Failed filling branch:partonFlavs, nbytes=-1
Error in <TTree::Fill>: Failed filling branch:Tree.partonFlavs, nbytes=-1, entry=3315
 This error is symptomatic of a Tree created as a memory-resident Tree
 Instead of doing:
    TTree *T = new TTree(...)
    TFile *f = new TFile(...)
 you should do:
    TFile *f = new TFile(...)
    TTree *T = new TTree(...)


Error in <TBranchElement::WriteBasketImpl>: basket's WriteBuffer failed.
Error in <TBranchElement::TBranch::Fill>: Failed to write out basket.

Error in <TBranchElement::Fill>: Failed filling branch:jetPt, nbytes=-1
Error in <TTree::Fill>: Failed filling branch:Tree.jetPt, nbytes=-1, entry=3316
 This error is symptomatic of a Tree created as a memory-resident Tree
 Instead of doing:
    TTree *T = new TTree(...)
    TFile *f = new TFile(...)
 you should do:
    TFile *f = new TFile(...)
    TTree *T = new TTree(...)


Error in <TBranchElement::WriteBasketImpl>: basket's WriteBuffer failed.
Error in <TBranchElement::TBranch::Fill>: Failed to write out basket.

Error in <TBranchElement::Fill>: Failed filling branch:jetEta, nbytes=-1
Error in <TTree::Fill>: Failed filling branch:Tree.jetEta, nbytes=-1, entry=3316
 This error is symptomatic of a Tree created as a memory-resident Tree
 Instead of doing:
    TTree *T = new TTree(...)
    TFile *f = new TFile(...)
 you should do:
    TFile *f = new TFile(...)
    TTree *T = new TTree(...)


Error in <TBranchElement::WriteBasketImpl>: basket's WriteBuffer failed.
Error in <TBranchElement::TBranch::Fill>: Failed to write out basket.

Error in <TBranchElement::Fill>: Failed filling branch:jetPUids, nbytes=-1
Error in <TTree::Fill>: Failed filling branch:Tree.jetPUids, nbytes=-1, entry=3316
Error in <TBranchElement::WriteBasketImpl>: basket's WriteBuffer failed.
Error in <TBranchElement::TBranch::Fill>: Failed to write out basket.

Error in <TBranchElement::Fill>: Failed filling branch:hadFlavs, nbytes=-1
Error in <TTree::Fill>: Failed filling branch:Tree.hadFlavs, nbytes=-1, entry=3316
Error in <TBranchElement::WriteBasketImpl>: basket's WriteBuffer failed.
Error in <TBranchElement::TBranch::Fill>: Failed to write out basket.

Error in <TBranchElement::Fill>: Failed filling branch:bTagScore, nbytes=-1
Error in <TTree::Fill>: Failed filling branch:Tree.bTagScore, nbytes=-1, entry=3981
 This error is symptomatic of a Tree created as a memory-resident Tree
 Instead of doing:
    TTree *T = new TTree(...)
    TFile *f = new TFile(...)
 you should do:
    TFile *f = new TFile(...)
    TTree *T = new TTree(...)


Error in <TBranchElement::WriteBasketImpl>: basket's WriteBuffer failed.
Error in <TBranchElement::TBranch::Fill>: Failed to write out basket.

Error in <TBranchElement::Fill>: Failed filling branch:partonFlavs, nbytes=-1
Error in <TTree::Fill>: Failed filling branch:Tree.partonFlavs, nbytes=-1, entry=3981
 This error is symptomatic of a Tree created as a memory-resident Tree
 Instead of doing:
    TTree *T = new TTree(...)
    TFile *f = new TFile(...)
 you should do:
    TFile *f = new TFile(...)
    TTree *T = new TTree(...)


Error in <TBranchElement::WriteBasketImpl>: basket's WriteBuffer failed.
Error in <TBranchElement::TBranch::Fill>: Failed to write out basket.

Error in <TBranchElement::Fill>: Failed filling branch:jetPt, nbytes=-1
Error in <TTree::Fill>: Failed filling branch:Tree.jetPt, nbytes=-1, entry=3982
 This error is symptomatic of a Tree created as a memory-resident Tree
 Instead of doing:
    TTree *T = new TTree(...)
    TFile *f = new TFile(...)
 you should do:
    TFile *f = new TFile(...)
    TTree *T = new TTree(...)


Error in <TBranchElement::WriteBasketImpl>: basket's WriteBuffer failed.
Error in <TBranchElement::TBranch::Fill>: Failed to write out basket.

Error in <TBranchElement::Fill>: Failed filling branch:jetEta, nbytes=-1
Error in <TTree::Fill>: Failed filling branch:Tree.jetEta, nbytes=-1, entry=3982
 This error is symptomatic of a Tree created as a memory-resident Tree
 Instead of doing:
    TTree *T = new TTree(...)
    TFile *f = new TFile(...)
 you should do:
    TFile *f = new TFile(...)
    TTree *T = new TTree(...)


Error in <TBranchElement::WriteBasketImpl>: basket's WriteBuffer failed.
Error in <TBranchElement::TBranch::Fill>: Failed to write out basket.

Error in <TBranchElement::Fill>: Failed filling branch:jetPUids, nbytes=-1
Error in <TTree::Fill>: Failed filling branch:Tree.jetPUids, nbytes=-1, entry=3982
Error in <TBranchElement::WriteBasketImpl>: basket's WriteBuffer failed.
Error in <TBranchElement::TBranch::Fill>: Failed to write out basket.

Error in <TBranchElement::Fill>: Failed filling branch:hadFlavs, nbytes=-1
Error in <TTree::Fill>: Failed filling branch:Tree.hadFlavs, nbytes=-1, entry=3982
Error in <TBranchElement::WriteBasketImpl>: basket's WriteBuffer failed.
Error in <TBranchElement::TBranch::Fill>: Failed to write out basket.

Error in <TBranchElement::Fill>: Failed filling branch:bTagScore, nbytes=-1
Error in <TTree::Fill>: Failed filling branch:Tree.bTagScore, nbytes=-1, entry=4646
 This error is symptomatic of a Tree created as a memory-resident Tree
 Instead of doing:
    TTree *T = new TTree(...)
    TFile *f = new TFile(...)
 you should do:
    TFile *f = new TFile(...)
    TTree *T = new TTree(...)


Error in <TBranchElement::WriteBasketImpl>: basket's WriteBuffer failed.
Error in <TBranchElement::TBranch::Fill>: Failed to write out basket.

Error in <TBranchElement::Fill>: Failed filling branch:partonFlavs, nbytes=-1
Error in <TTree::Fill>: Failed filling branch:Tree.partonFlavs, nbytes=-1, entry=4646
 This error is symptomatic of a Tree created as a memory-resident Tree
 Instead of doing:
    TTree *T = new TTree(...)
    TFile *f = new TFile(...)
 you should do:
    TFile *f = new TFile(...)
    TTree *T = new TTree(...)


Error in <TBranchElement::WriteBasketImpl>: basket's WriteBuffer failed.
Error in <TBranchElement::TBranch::Fill>: Failed to write out basket.

Error in <TBranchElement::Fill>: Failed filling branch:jetPt, nbytes=-1
Error in <TTree::Fill>: Failed filling branch:Tree.jetPt, nbytes=-1, entry=4647
 This error is symptomatic of a Tree created as a memory-resident Tree
 Instead of doing:
    TTree *T = new TTree(...)
    TFile *f = new TFile(...)
 you should do:
    TFile *f = new TFile(...)
    TTree *T = new TTree(...)


Error in <TBranchElement::WriteBasketImpl>: basket's WriteBuffer failed.
Error in <TBranchElement::TBranch::Fill>: Failed to write out basket.

Error in <TBranchElement::Fill>: Failed filling branch:jetEta, nbytes=-1
Error in <TTree::Fill>: Failed filling branch:Tree.jetEta, nbytes=-1, entry=4647
 This error is symptomatic of a Tree created as a memory-resident Tree
 Instead of doing:
    TTree *T = new TTree(...)
    TFile *f = new TFile(...)
 you should do:
    TFile *f = new TFile(...)
    TTree *T = new TTree(...)


Error in <TBranchElement::WriteBasketImpl>: basket's WriteBuffer failed.
Error in <TBranchElement::TBranch::Fill>: Failed to write out basket.

Error in <TBranchElement::Fill>: Failed filling branch:jetPUids, nbytes=-1
Error in <TTree::Fill>: Failed filling branch:Tree.jetPUids, nbytes=-1, entry=4647
Error in <TBranchElement::WriteBasketImpl>: basket's WriteBuffer failed.
Error in <TBranchElement::TBranch::Fill>: Failed to write out basket.

Error in <TBranchElement::Fill>: Failed filling branch:hadFlavs, nbytes=-1
Error in <TTree::Fill>: Failed filling branch:Tree.hadFlavs, nbytes=-1, entry=4647
Error in <TBranchElement::WriteBasketImpl>: basket's WriteBuffer failed.
Error in <TBranchElement::TBranch::Fill>: Failed to write out basket.

Error in <TBranchElement::Fill>: Failed filling branch:bTagScore, nbytes=-1
Error in <TTree::Fill>: Failed filling branch:Tree.bTagScore, nbytes=-1, entry=5310
 This error is symptomatic of a Tree created as a memory-resident Tree
 Instead of doing:
    TTree *T = new TTree(...)
    TFile *f = new TFile(...)
 you should do:
    TFile *f = new TFile(...)
    TTree *T = new TTree(...)


Error in <TBranchElement::WriteBasketImpl>: basket's WriteBuffer failed.
Error in <TBranchElement::TBranch::Fill>: Failed to write out basket.

Error in <TBranchElement::Fill>: Failed filling branch:partonFlavs, nbytes=-1
Error in <TTree::Fill>: Failed filling branch:Tree.partonFlavs, nbytes=-1, entry=5310
 This error is symptomatic of a Tree created as a memory-resident Tree
 Instead of doing:
    TTree *T = new TTree(...)
    TFile *f = new TFile(...)
 you should do:
    TFile *f = new TFile(...)
    TTree *T = new TTree(...)


Error in <TBranchElement::WriteBasketImpl>: basket's WriteBuffer failed.
Error in <TBranchElement::TBranch::Fill>: Failed to write out basket.

Error in <TBranchElement::Fill>: Failed filling branch:jetPt, nbytes=-1
Error in <TTree::Fill>: Failed filling branch:Tree.jetPt, nbytes=-1, entry=5311
 This error is symptomatic of a Tree created as a memory-resident Tree
 Instead of doing:
    TTree *T = new TTree(...)
    TFile *f = new TFile(...)
 you should do:
    TFile *f = new TFile(...)
    TTree *T = new TTree(...)


Error in <TBranchElement::WriteBasketImpl>: basket's WriteBuffer failed.
Error in <TBranchElement::TBranch::Fill>: Failed to write out basket.

Error in <TBranchElement::Fill>: Failed filling branch:jetEta, nbytes=-1
Error in <TTree::Fill>: Failed filling branch:Tree.jetEta, nbytes=-1, entry=5311
 This error is symptomatic of a Tree created as a memory-resident Tree
 Instead of doing:
    TTree *T = new TTree(...)
    TFile *f = new TFile(...)
 you should do:
    TFile *f = new TFile(...)
    TTree *T = new TTree(...)


Error in <TBranchElement::WriteBasketImpl>: basket's WriteBuffer failed.
Error in <TBranchElement::TBranch::Fill>: Failed to write out basket.

Error in <TBranchElement::Fill>: Failed filling branch:jetPUids, nbytes=-1
Error in <TTree::Fill>: Failed filling branch:Tree.jetPUids, nbytes=-1, entry=5311
Error in <TBranchElement::WriteBasketImpl>: basket's WriteBuffer failed.
Error in <TBranchElement::TBranch::Fill>: Failed to write out basket.

Error in <TBranchElement::Fill>: Failed filling branch:hadFlavs, nbytes=-1
Error in <TTree::Fill>: Failed filling branch:Tree.hadFlavs, nbytes=-1, entry=5311
Error in <TBranchElement::WriteBasketImpl>: basket's WriteBuffer failed.
Error in <TBranchElement::TBranch::Fill>: Failed to write out basket.

Error in <TBranchElement::Fill>: Failed filling branch:bTagScore, nbytes=-1
Error in <TTree::Fill>: Failed filling branch:Tree.bTagScore, nbytes=-1, entry=5973
 This error is symptomatic of a Tree created as a memory-resident Tree
 Instead of doing:
    TTree *T = new TTree(...)
    TFile *f = new TFile(...)
 you should do:
    TFile *f = new TFile(...)
    TTree *T = new TTree(...)


Error in <TBranchElement::WriteBasketImpl>: basket's WriteBuffer failed.
Error in <TBranchElement::TBranch::Fill>: Failed to write out basket.

Error in <TBranchElement::Fill>: Failed filling branch:partonFlavs, nbytes=-1
Error in <TTree::Fill>: Failed filling branch:Tree.partonFlavs, nbytes=-1, entry=5973
 This error is symptomatic of a Tree created as a memory-resident Tree
 Instead of doing:
    TTree *T = new TTree(...)
    TFile *f = new TFile(...)
 you should do:
    TFile *f = new TFile(...)
    TTree *T = new TTree(...)


Error in <TBranchElement::WriteBasketImpl>: basket's WriteBuffer failed.
Error in <TBranchElement::TBranch::Fill>: Failed to write out basket.

Error in <TBranchElement::Fill>: Failed filling branch:jetPt, nbytes=-1
Error in <TTree::Fill>: Failed filling branch:Tree.jetPt, nbytes=-1, entry=5974
 This error is symptomatic of a Tree created as a memory-resident Tree
 Instead of doing:
    TTree *T = new TTree(...)
    TFile *f = new TFile(...)
 you should do:
    TFile *f = new TFile(...)
    TTree *T = new TTree(...)


Error in <TBranchElement::WriteBasketImpl>: basket's WriteBuffer failed.
Error in <TBranchElement::TBranch::Fill>: Failed to write out basket.

Error in <TBranchElement::Fill>: Failed filling branch:jetEta, nbytes=-1
Error in <TTree::Fill>: Failed filling branch:Tree.jetEta, nbytes=-1, entry=5974
 This error is symptomatic of a Tree created as a memory-resident Tree
 Instead of doing:
    TTree *T = new TTree(...)
    TFile *f = new TFile(...)
 you should do:
    TFile *f = new TFile(...)
    TTree *T = new TTree(...)


Error in <TBranchElement::WriteBasketImpl>: basket's WriteBuffer failed.
Error in <TBranchElement::TBranch::Fill>: Failed to write out basket.

Error in <TBranchElement::Fill>: Failed filling branch:jetPUids, nbytes=-1
Error in <TTree::Fill>: Failed filling branch:Tree.jetPUids, nbytes=-1, entry=5974
Error in <TBranchElement::WriteBasketImpl>: basket's WriteBuffer failed.
Error in <TBranchElement::TBranch::Fill>: Failed to write out basket.

Error in <TBranchElement::Fill>: Failed filling branch:hadFlavs, nbytes=-1
Error in <TTree::Fill>: Failed filling branch:Tree.hadFlavs, nbytes=-1, entry=5974
Error in <TBranchElement::WriteBasketImpl>: basket's WriteBuffer failed.
Error in <TBranchElement::TBranch::Fill>: Failed to write out basket.

Error in <TBranchElement::Fill>: Failed filling branch:bTagScore, nbytes=-1
Error in <TTree::Fill>: Failed filling branch:Tree.bTagScore, nbytes=-1, entry=6638
 This error is symptomatic of a Tree created as a memory-resident Tree
 Instead of doing:
    TTree *T = new TTree(...)
    TFile *f = new TFile(...)
 you should do:
    TFile *f = new TFile(...)
    TTree *T = new TTree(...)


Error in <TBranchElement::WriteBasketImpl>: basket's WriteBuffer failed.
Error in <TBranchElement::TBranch::Fill>: Failed to write out basket.

Error in <TBranchElement::Fill>: Failed filling branch:partonFlavs, nbytes=-1
Error in <TTree::Fill>: Failed filling branch:Tree.partonFlavs, nbytes=-1, entry=6638
 This error is symptomatic of a Tree created as a memory-resident Tree
 Instead of doing:
    TTree *T = new TTree(...)
    TFile *f = new TFile(...)
 you should do:
    TFile *f = new TFile(...)
    TTree *T = new TTree(...)


Error in <TBranchElement::WriteBasketImpl>: basket's WriteBuffer failed.
Error in <TBranchElement::TBranch::Fill>: Failed to write out basket.

Error in <TBranchElement::Fill>: Failed filling branch:jetPt, nbytes=-1
Error in <TTree::Fill>: Failed filling branch:Tree.jetPt, nbytes=-1, entry=6639
 This error is symptomatic of a Tree created as a memory-resident Tree
 Instead of doing:
    TTree *T = new TTree(...)
    TFile *f = new TFile(...)
 you should do:
    TFile *f = new TFile(...)
    TTree *T = new TTree(...)


Error in <TBranchElement::WriteBasketImpl>: basket's WriteBuffer failed.
Error in <TBranchElement::TBranch::Fill>: Failed to write out basket.

Error in <TBranchElement::Fill>: Failed filling branch:jetEta, nbytes=-1
Error in <TTree::Fill>: Failed filling branch:Tree.jetEta, nbytes=-1, entry=6639
 This error is symptomatic of a Tree created as a memory-resident Tree
 Instead of doing:
    TTree *T = new TTree(...)
    TFile *f = new TFile(...)
 you should do:
    TFile *f = new TFile(...)
    TTree *T = new TTree(...)


Error in <TBranchElement::WriteBasketImpl>: basket's WriteBuffer failed.
Error in <TBranchElement::TBranch::Fill>: Failed to write out basket.

Error in <TBranchElement::Fill>: Failed filling branch:jetPUids, nbytes=-1
Error in <TTree::Fill>: Failed filling branch:Tree.jetPUids, nbytes=-1, entry=6639
Error in <TBranchElement::WriteBasketImpl>: basket's WriteBuffer failed.
Error in <TBranchElement::TBranch::Fill>: Failed to write out basket.

Error in <TBranchElement::Fill>: Failed filling branch:hadFlavs, nbytes=-1
Error in <TTree::Fill>: Failed filling branch:Tree.hadFlavs, nbytes=-1, entry=6639
Error in <TBranchElement::WriteBasketImpl>: basket's WriteBuffer failed.
Error in <TBranchElement::TBranch::Fill>: Failed to write out basket.

Error in <TBranchElement::Fill>: Failed filling branch:bTagScore, nbytes=-1
Error in <TTree::Fill>: Failed filling branch:Tree.bTagScore, nbytes=-1, entry=7301
 This error is symptomatic of a Tree created as a memory-resident Tree
 Instead of doing:
    TTree *T = new TTree(...)
    TFile *f = new TFile(...)
 you should do:
    TFile *f = new TFile(...)
    TTree *T = new TTree(...)


Error in <TBranchElement::WriteBasketImpl>: basket's WriteBuffer failed.
Error in <TBranchElement::TBranch::Fill>: Failed to write out basket.

Error in <TBranchElement::Fill>: Failed filling branch:partonFlavs, nbytes=-1
Error in <TTree::Fill>: Failed filling branch:Tree.partonFlavs, nbytes=-1, entry=7301
 This error is symptomatic of a Tree created as a memory-resident Tree
 Instead of doing:
    TTree *T = new TTree(...)
    TFile *f = new TFile(...)
 you should do:
    TFile *f = new TFile(...)
    TTree *T = new TTree(...)


Error in <TBranchElement::WriteBasketImpl>: basket's WriteBuffer failed.
Error in <TBranchElement::TBranch::Fill>: Failed to write out basket.

Error in <TBranchElement::Fill>: Failed filling branch:jetPt, nbytes=-1
Error in <TTree::Fill>: Failed filling branch:Tree.jetPt, nbytes=-1, entry=7302
 This error is symptomatic of a Tree created as a memory-resident Tree
 Instead of doing:
    TTree *T = new TTree(...)
    TFile *f = new TFile(...)
 you should do:
    TFile *f = new TFile(...)
    TTree *T = new TTree(...)


Error in <TBranchElement::WriteBasketImpl>: basket's WriteBuffer failed.
Error in <TBranchElement::TBranch::Fill>: Failed to write out basket.

Error in <TBranchElement::Fill>: Failed filling branch:jetEta, nbytes=-1
Error in <TTree::Fill>: Failed filling branch:Tree.jetEta, nbytes=-1, entry=7302
 This error is symptomatic of a Tree created as a memory-resident Tree
 Instead of doing:
    TTree *T = new TTree(...)
    TFile *f = new TFile(...)
 you should do:
    TFile *f = new TFile(...)
    TTree *T = new TTree(...)


Error in <TBranchElement::WriteBasketImpl>: basket's WriteBuffer failed.
Error in <TBranchElement::TBranch::Fill>: Failed to write out basket.

Error in <TBranchElement::Fill>: Failed filling branch:jetPUids, nbytes=-1
Error in <TTree::Fill>: Failed filling branch:Tree.jetPUids, nbytes=-1, entry=7302
Error in <TBranchElement::WriteBasketImpl>: basket's WriteBuffer failed.
Error in <TBranchElement::TBranch::Fill>: Failed to write out basket.

Error in <TBranchElement::Fill>: Failed filling branch:hadFlavs, nbytes=-1
Error in <TTree::Fill>: Failed filling branch:Tree.hadFlavs, nbytes=-1, entry=7302
Error in <TBranchElement::WriteBasketImpl>: basket's WriteBuffer failed.
Error in <TBranchElement::TBranch::Fill>: Failed to write out basket.

Error in <TBranchElement::Fill>: Failed filling branch:bTagScore, nbytes=-1
Error in <TTree::Fill>: Failed filling branch:Tree.bTagScore, nbytes=-1, entry=7967
 This error is symptomatic of a Tree created as a memory-resident Tree
 Instead of doing:
    TTree *T = new TTree(...)
    TFile *f = new TFile(...)
 you should do:
    TFile *f = new TFile(...)
    TTree *T = new TTree(...)


Error in <TBranchElement::WriteBasketImpl>: basket's WriteBuffer failed.
Error in <TBranchElement::TBranch::Fill>: Failed to write out basket.

Error in <TBranchElement::Fill>: Failed filling branch:partonFlavs, nbytes=-1
Error in <TTree::Fill>: Failed filling branch:Tree.partonFlavs, nbytes=-1, entry=7967
 This error is symptomatic of a Tree created as a memory-resident Tree
 Instead of doing:
    TTree *T = new TTree(...)
    TFile *f = new TFile(...)
 you should do:
    TFile *f = new TFile(...)
    TTree *T = new TTree(...)


Error in <TBranchElement::WriteBasketImpl>: basket's WriteBuffer failed.
Error in <TBranchElement::TBranch::Fill>: Failed to write out basket.

Error in <TBranchElement::Fill>: Failed filling branch:jetPt, nbytes=-1
Error in <TTree::Fill>: Failed filling branch:Tree.jetPt, nbytes=-1, entry=7968
 This error is symptomatic of a Tree created as a memory-resident Tree
 Instead of doing:
    TTree *T = new TTree(...)
    TFile *f = new TFile(...)
 you should do:
    TFile *f = new TFile(...)
    TTree *T = new TTree(...)


Error in <TBranchElement::WriteBasketImpl>: basket's WriteBuffer failed.
Error in <TBranchElement::TBranch::Fill>: Failed to write out basket.

Error in <TBranchElement::Fill>: Failed filling branch:jetEta, nbytes=-1
Error in <TTree::Fill>: Failed filling branch:Tree.jetEta, nbytes=-1, entry=7968
 This error is symptomatic of a Tree created as a memory-resident Tree
 Instead of doing:
    TTree *T = new TTree(...)
    TFile *f = new TFile(...)
 you should do:
    TFile *f = new TFile(...)
    TTree *T = new TTree(...)


Error in <TBranchElement::WriteBasketImpl>: basket's WriteBuffer failed.
Error in <TBranchElement::TBranch::Fill>: Failed to write out basket.

Error in <TBranchElement::Fill>: Failed filling branch:jetPUids, nbytes=-1
Error in <TTree::Fill>: Failed filling branch:Tree.jetPUids, nbytes=-1, entry=7968
Error in <TBranchElement::WriteBasketImpl>: basket's WriteBuffer failed.
Error in <TBranchElement::TBranch::Fill>: Failed to write out basket.

Error in <TBranchElement::Fill>: Failed filling branch:hadFlavs, nbytes=-1
Error in <TTree::Fill>: Failed filling branch:Tree.hadFlavs, nbytes=-1, entry=7968
Error in <TBranch::WriteBasketImpl>: basket's WriteBuffer failed.
Error in <TBranch::TBranch::Fill>: Failed to write out basket.

Error in <TTree::Fill>: Failed filling branch:Tree.L1PrefiringWeight, nbytes=-1, entry=7978
 This error is symptomatic of a Tree created as a memory-resident Tree
 Instead of doing:
    TTree *T = new TTree(...)
    TFile *f = new TFile(...)
 you should do:
    TFile *f = new TFile(...)
    TTree *T = new TTree(...)


Error in <TBranch::WriteBasketImpl>: basket's WriteBuffer failed.
Error in <TBranch::TBranch::Fill>: Failed to write out basket.

Error in <TTree::Fill>: Failed filling branch:Tree.eventNumber, nbytes=-1, entry=7980
 This error is symptomatic of a Tree created as a memory-resident Tree
 Instead of doing:
    TTree *T = new TTree(...)
    TFile *f = new TFile(...)
 you should do:
    TFile *f = new TFile(...)
    TTree *T = new TTree(...)


Error in <TBranch::WriteBasketImpl>: basket's WriteBuffer failed.
Error in <TBranch::TBranch::Fill>: Failed to write out basket.

Error in <TTree::Fill>: Failed filling branch:Tree.runNumber, nbytes=-1, entry=7980
 This error is symptomatic of a Tree created as a memory-resident Tree
 Instead of doing:
    TTree *T = new TTree(...)
    TFile *f = new TFile(...)
 you should do:
    TFile *f = new TFile(...)
    TTree *T = new TTree(...)


Error in <TBranch::WriteBasketImpl>: basket's WriteBuffer failed.
Error in <TBranch::TBranch::Fill>: Failed to write out basket.

Error in <TTree::Fill>: Failed filling branch:Tree.SampleWeight, nbytes=-1, entry=7980
Error in <TBranch::WriteBasketImpl>: basket's WriteBuffer failed.
Error in <TBranch::TBranch::Fill>: Failed to write out basket.

Error in <TTree::Fill>: Failed filling branch:Tree.genWeight, nbytes=-1, entry=7980
Error in <TBranch::WriteBasketImpl>: basket's WriteBuffer failed.
Error in <TBranch::TBranch::Fill>: Failed to write out basket.

Error in <TTree::Fill>: Failed filling branch:Tree.new_weight, nbytes=-1, entry=7980
Error in <TBranch::WriteBasketImpl>: basket's WriteBuffer failed.
Error in <TBranch::TBranch::Fill>: Failed to write out basket.

Error in <TTree::Fill>: Failed filling branch:Tree.nMuons, nbytes=-1, entry=7981
 This error is symptomatic of a Tree created as a memory-resident Tree
 Instead of doing:
    TTree *T = new TTree(...)
    TFile *f = new TFile(...)
 you should do:
    TFile *f = new TFile(...)
    TTree *T = new TTree(...)


Error in <TBranch::WriteBasketImpl>: basket's WriteBuffer failed.
Error in <TBranch::TBranch::Fill>: Failed to write out basket.

Error in <TTree::Fill>: Failed filling branch:Tree.nElecs, nbytes=-1, entry=7981
 This error is symptomatic of a Tree created as a memory-resident Tree
 Instead of doing:
    TTree *T = new TTree(...)
    TFile *f = new TFile(...)
 you should do:
    TFile *f = new TFile(...)
    TTree *T = new TTree(...)


Error in <TBranch::WriteBasketImpl>: basket's WriteBuffer failed.
Error in <TBranch::TBranch::Fill>: Failed to write out basket.

Error in <TTree::Fill>: Failed filling branch:Tree.nJets, nbytes=-1, entry=7981
Error in <TBranch::WriteBasketImpl>: basket's WriteBuffer failed.
Error in <TBranch::TBranch::Fill>: Failed to write out basket.

Error in <TTree::Fill>: Failed filling branch:Tree.PUWeight, nbytes=-1, entry=7981
Error in <TBranch::WriteBasketImpl>: basket's WriteBuffer failed.
Error in <TBranch::TBranch::Fill>: Failed to write out basket.

Error in <TTree::Fill>: Failed filling branch:Tree.HT, nbytes=-1, entry=7982
 This error is symptomatic of a Tree created as a memory-resident Tree
 Instead of doing:
    TTree *T = new TTree(...)
    TFile *f = new TFile(...)
 you should do:
    TFile *f = new TFile(...)
    TTree *T = new TTree(...)


Error in <TBranchElement::WriteBasketImpl>: basket's WriteBuffer failed.
Error in <TBranchElement::TBranch::Fill>: Failed to write out basket.

Error in <TBranchElement::Fill>: Failed filling branch:bTagScore, nbytes=-1
Error in <TTree::Fill>: Failed filling branch:Tree.bTagScore, nbytes=-1, entry=8630
 This error is symptomatic of a Tree created as a memory-resident Tree
 Instead of doing:
    TTree *T = new TTree(...)
    TFile *f = new TFile(...)
 you should do:
    TFile *f = new TFile(...)
    TTree *T = new TTree(...)


Error in <TBranchElement::WriteBasketImpl>: basket's WriteBuffer failed.
Error in <TBranchElement::TBranch::Fill>: Failed to write out basket.

Error in <TBranchElement::Fill>: Failed filling branch:partonFlavs, nbytes=-1
Error in <TTree::Fill>: Failed filling branch:Tree.partonFlavs, nbytes=-1, entry=8630
 This error is symptomatic of a Tree created as a memory-resident Tree
 Instead of doing:
    TTree *T = new TTree(...)
    TFile *f = new TFile(...)
 you should do:
    TFile *f = new TFile(...)
    TTree *T = new TTree(...)


Error in <TBranchElement::WriteBasketImpl>: basket's WriteBuffer failed.
Error in <TBranchElement::TBranch::Fill>: Failed to write out basket.

Error in <TBranchElement::Fill>: Failed filling branch:jetPt, nbytes=-1
Error in <TTree::Fill>: Failed filling branch:Tree.jetPt, nbytes=-1, entry=8631
 This error is symptomatic of a Tree created as a memory-resident Tree
 Instead of doing:
    TTree *T = new TTree(...)
    TFile *f = new TFile(...)
 you should do:
    TFile *f = new TFile(...)
    TTree *T = new TTree(...)


Error in <TBranchElement::WriteBasketImpl>: basket's WriteBuffer failed.
Error in <TBranchElement::TBranch::Fill>: Failed to write out basket.

Error in <TBranchElement::Fill>: Failed filling branch:jetEta, nbytes=-1
Error in <TTree::Fill>: Failed filling branch:Tree.jetEta, nbytes=-1, entry=8631
 This error is symptomatic of a Tree created as a memory-resident Tree
 Instead of doing:
    TTree *T = new TTree(...)
    TFile *f = new TFile(...)
 you should do:
    TFile *f = new TFile(...)
    TTree *T = new TTree(...)


Error in <TBranchElement::WriteBasketImpl>: basket's WriteBuffer failed.
Error in <TBranchElement::TBranch::Fill>: Failed to write out basket.

Error in <TBranchElement::Fill>: Failed filling branch:jetPUids, nbytes=-1
Error in <TTree::Fill>: Failed filling branch:Tree.jetPUids, nbytes=-1, entry=8631
Error in <TBranchElement::WriteBasketImpl>: basket's WriteBuffer failed.
Error in <TBranchElement::TBranch::Fill>: Failed to write out basket.

Error in <TBranchElement::Fill>: Failed filling branch:hadFlavs, nbytes=-1
Error in <TTree::Fill>: Failed filling branch:Tree.hadFlavs, nbytes=-1, entry=8631
Error in <TBranchElement::WriteBasketImpl>: basket's WriteBuffer failed.
Error in <TBranchElement::TBranch::Fill>: Failed to write out basket.

Error in <TBranchElement::Fill>: Failed filling branch:bTagScore, nbytes=-1
Error in <TTree::Fill>: Failed filling branch:Tree.bTagScore, nbytes=-1, entry=9295
 This error is symptomatic of a Tree created as a memory-resident Tree
 Instead of doing:
    TTree *T = new TTree(...)
    TFile *f = new TFile(...)
 you should do:
    TFile *f = new TFile(...)
    TTree *T = new TTree(...)


Error in <TBranchElement::WriteBasketImpl>: basket's WriteBuffer failed.
Error in <TBranchElement::TBranch::Fill>: Failed to write out basket.

Error in <TBranchElement::Fill>: Failed filling branch:partonFlavs, nbytes=-1
Error in <TTree::Fill>: Failed filling branch:Tree.partonFlavs, nbytes=-1, entry=9295
 This error is symptomatic of a Tree created as a memory-resident Tree
 Instead of doing:
    TTree *T = new TTree(...)
    TFile *f = new TFile(...)
 you should do:
    TFile *f = new TFile(...)
    TTree *T = new TTree(...)


Error in <TBranchElement::WriteBasketImpl>: basket's WriteBuffer failed.
Error in <TBranchElement::TBranch::Fill>: Failed to write out basket.

Error in <TBranchElement::Fill>: Failed filling branch:jetPt, nbytes=-1
Error in <TTree::Fill>: Failed filling branch:Tree.jetPt, nbytes=-1, entry=9296
 This error is symptomatic of a Tree created as a memory-resident Tree
 Instead of doing:
    TTree *T = new TTree(...)
    TFile *f = new TFile(...)
 you should do:
    TFile *f = new TFile(...)
    TTree *T = new TTree(...)


Error in <TBranchElement::WriteBasketImpl>: basket's WriteBuffer failed.
Error in <TBranchElement::TBranch::Fill>: Failed to write out basket.

Error in <TBranchElement::Fill>: Failed filling branch:jetEta, nbytes=-1
Error in <TTree::Fill>: Failed filling branch:Tree.jetEta, nbytes=-1, entry=9296
 This error is symptomatic of a Tree created as a memory-resident Tree
 Instead of doing:
    TTree *T = new TTree(...)
    TFile *f = new TFile(...)
 you should do:
    TFile *f = new TFile(...)
    TTree *T = new TTree(...)


Error in <TBranchElement::WriteBasketImpl>: basket's WriteBuffer failed.
Error in <TBranchElement::TBranch::Fill>: Failed to write out basket.

Error in <TBranchElement::Fill>: Failed filling branch:jetPUids, nbytes=-1
Error in <TTree::Fill>: Failed filling branch:Tree.jetPUids, nbytes=-1, entry=9296
Error in <TBranchElement::WriteBasketImpl>: basket's WriteBuffer failed.
Error in <TBranchElement::TBranch::Fill>: Failed to write out basket.

Error in <TBranchElement::Fill>: Failed filling branch:hadFlavs, nbytes=-1
Error in <TTree::Fill>: Failed filling branch:Tree.hadFlavs, nbytes=-1, entry=9296
Error in <TBranchElement::WriteBasketImpl>: basket's WriteBuffer failed.
Error in <TBranchElement::TBranch::Fill>: Failed to write out basket.

Error in <TBranchElement::Fill>: Failed filling branch:bTagScore, nbytes=-1
Error in <TTree::Fill>: Failed filling branch:Tree.bTagScore, nbytes=-1, entry=9958
 This error is symptomatic of a Tree created as a memory-resident Tree
 Instead of doing:
    TTree *T = new TTree(...)
    TFile *f = new TFile(...)
 you should do:
    TFile *f = new TFile(...)
    TTree *T = new TTree(...)


Error in <TBranchElement::WriteBasketImpl>: basket's WriteBuffer failed.
Error in <TBranchElement::TBranch::Fill>: Failed to write out basket.

Error in <TBranchElement::Fill>: Failed filling branch:partonFlavs, nbytes=-1
Error in <TTree::Fill>: Failed filling branch:Tree.partonFlavs, nbytes=-1, entry=9958
 This error is symptomatic of a Tree created as a memory-resident Tree
 Instead of doing:
    TTree *T = new TTree(...)
    TFile *f = new TFile(...)
 you should do:
    TFile *f = new TFile(...)
    TTree *T = new TTree(...)


Error in <TBranchElement::WriteBasketImpl>: basket's WriteBuffer failed.
Error in <TBranchElement::TBranch::Fill>: Failed to write out basket.

Error in <TBranchElement::Fill>: Failed filling branch:jetPt, nbytes=-1
Error in <TTree::Fill>: Failed filling branch:Tree.jetPt, nbytes=-1, entry=9960
 This error is symptomatic of a Tree created as a memory-resident Tree
 Instead of doing:
    TTree *T = new TTree(...)
    TFile *f = new TFile(...)
 you should do:
    TFile *f = new TFile(...)
    TTree *T = new TTree(...)


Error in <TBranchElement::WriteBasketImpl>: basket's WriteBuffer failed.
Error in <TBranchElement::TBranch::Fill>: Failed to write out basket.

Error in <TBranchElement::Fill>: Failed filling branch:jetEta, nbytes=-1
Error in <TTree::Fill>: Failed filling branch:Tree.jetEta, nbytes=-1, entry=9960
 This error is symptomatic of a Tree created as a memory-resident Tree
 Instead of doing:
    TTree *T = new TTree(...)
    TFile *f = new TFile(...)
 you should do:
    TFile *f = new TFile(...)
    TTree *T = new TTree(...)


Error in <TBranchElement::WriteBasketImpl>: basket's WriteBuffer failed.
Error in <TBranchElement::TBranch::Fill>: Failed to write out basket.

Error in <TBranchElement::Fill>: Failed filling branch:jetPUids, nbytes=-1
Error in <TTree::Fill>: Failed filling branch:Tree.jetPUids, nbytes=-1, entry=9960
Error in <TBranchElement::WriteBasketImpl>: basket's WriteBuffer failed.
Error in <TBranchElement::TBranch::Fill>: Failed to write out basket.

Error in <TBranchElement::Fill>: Failed filling branch:hadFlavs, nbytes=-1
Error in <TTree::Fill>: Failed filling branch:Tree.hadFlavs, nbytes=-1, entry=9960
Error in <TBranchElement::WriteBasketImpl>: basket's WriteBuffer failed.
Error in <TBranchElement::TBranch::Fill>: Failed to write out basket.

Error in <TBranchElement::Fill>: Failed filling branch:bTagScore, nbytes=-1
Error in <TTree::Fill>: Failed filling branch:Tree.bTagScore, nbytes=-1, entry=10623
 This error is symptomatic of a Tree created as a memory-resident Tree
 Instead of doing:
    TTree *T = new TTree(...)
    TFile *f = new TFile(...)
 you should do:
    TFile *f = new TFile(...)
    TTree *T = new TTree(...)


Error in <TBranchElement::WriteBasketImpl>: basket's WriteBuffer failed.
Error in <TBranchElement::TBranch::Fill>: Failed to write out basket.

Error in <TBranchElement::Fill>: Failed filling branch:partonFlavs, nbytes=-1
Error in <TTree::Fill>: Failed filling branch:Tree.partonFlavs, nbytes=-1, entry=10623
 This error is symptomatic of a Tree created as a memory-resident Tree
 Instead of doing:
    TTree *T = new TTree(...)
    TFile *f = new TFile(...)
 you should do:
    TFile *f = new TFile(...)
    TTree *T = new TTree(...)


Error in <TBranchElement::WriteBasketImpl>: basket's WriteBuffer failed.
Error in <TBranchElement::TBranch::Fill>: Failed to write out basket.

Error in <TBranchElement::Fill>: Failed filling branch:jetPt, nbytes=-1
Error in <TTree::Fill>: Failed filling branch:Tree.jetPt, nbytes=-1, entry=10625
 This error is symptomatic of a Tree created as a memory-resident Tree
 Instead of doing:
    TTree *T = new TTree(...)
    TFile *f = new TFile(...)
 you should do:
    TFile *f = new TFile(...)
    TTree *T = new TTree(...)


Error in <TBranchElement::WriteBasketImpl>: basket's WriteBuffer failed.
Error in <TBranchElement::TBranch::Fill>: Failed to write out basket.

Error in <TBranchElement::Fill>: Failed filling branch:jetEta, nbytes=-1
Error in <TTree::Fill>: Failed filling branch:Tree.jetEta, nbytes=-1, entry=10625
 This error is symptomatic of a Tree created as a memory-resident Tree
 Instead of doing:
    TTree *T = new TTree(...)
    TFile *f = new TFile(...)
 you should do:
    TFile *f = new TFile(...)
    TTree *T = new TTree(...)


Error in <TBranchElement::WriteBasketImpl>: basket's WriteBuffer failed.
Error in <TBranchElement::TBranch::Fill>: Failed to write out basket.

Error in <TBranchElement::Fill>: Failed filling branch:jetPUids, nbytes=-1
Error in <TTree::Fill>: Failed filling branch:Tree.jetPUids, nbytes=-1, entry=10625
Error in <TBranchElement::WriteBasketImpl>: basket's WriteBuffer failed.
Error in <TBranchElement::TBranch::Fill>: Failed to write out basket.

Error in <TBranchElement::Fill>: Failed filling branch:hadFlavs, nbytes=-1
Error in <TTree::Fill>: Failed filling branch:Tree.hadFlavs, nbytes=-1, entry=10625
Error in <TBranchElement::WriteBasketImpl>: basket's WriteBuffer failed.
Error in <TBranchElement::TBranch::Fill>: Failed to write out basket.

Error in <TBranchElement::Fill>: Failed filling branch:bTagScore, nbytes=-1
Error in <TTree::Fill>: Failed filling branch:Tree.bTagScore, nbytes=-1, entry=11287
 This error is symptomatic of a Tree created as a memory-resident Tree
 Instead of doing:
    TTree *T = new TTree(...)
    TFile *f = new TFile(...)
 you should do:
    TFile *f = new TFile(...)
    TTree *T = new TTree(...)


Error in <TBranchElement::WriteBasketImpl>: basket's WriteBuffer failed.
Error in <TBranchElement::TBranch::Fill>: Failed to write out basket.

Error in <TBranchElement::Fill>: Failed filling branch:partonFlavs, nbytes=-1
Error in <TTree::Fill>: Failed filling branch:Tree.partonFlavs, nbytes=-1, entry=11287
 This error is symptomatic of a Tree created as a memory-resident Tree
 Instead of doing:
    TTree *T = new TTree(...)
    TFile *f = new TFile(...)
 you should do:
    TFile *f = new TFile(...)
    TTree *T = new TTree(...)


Error in <TBranchElement::WriteBasketImpl>: basket's WriteBuffer failed.
Error in <TBranchElement::TBranch::Fill>: Failed to write out basket.

Error in <TBranchElement::Fill>: Failed filling branch:jetPt, nbytes=-1
Error in <TTree::Fill>: Failed filling branch:Tree.jetPt, nbytes=-1, entry=11289
 This error is symptomatic of a Tree created as a memory-resident Tree
 Instead of doing:
    TTree *T = new TTree(...)
    TFile *f = new TFile(...)
 you should do:
    TFile *f = new TFile(...)
    TTree *T = new TTree(...)


Error in <TBranchElement::WriteBasketImpl>: basket's WriteBuffer failed.
Error in <TBranchElement::TBranch::Fill>: Failed to write out basket.

Error in <TBranchElement::Fill>: Failed filling branch:jetEta, nbytes=-1
Error in <TTree::Fill>: Failed filling branch:Tree.jetEta, nbytes=-1, entry=11289
 This error is symptomatic of a Tree created as a memory-resident Tree
 Instead of doing:
    TTree *T = new TTree(...)
    TFile *f = new TFile(...)
 you should do:
    TFile *f = new TFile(...)
    TTree *T = new TTree(...)


Error in <TBranchElement::WriteBasketImpl>: basket's WriteBuffer failed.
Error in <TBranchElement::TBranch::Fill>: Failed to write out basket.

Error in <TBranchElement::Fill>: Failed filling branch:jetPUids, nbytes=-1
Error in <TTree::Fill>: Failed filling branch:Tree.jetPUids, nbytes=-1, entry=11289
Error in <TBranchElement::WriteBasketImpl>: basket's WriteBuffer failed.
Error in <TBranchElement::TBranch::Fill>: Failed to write out basket.

Error in <TBranchElement::Fill>: Failed filling branch:hadFlavs, nbytes=-1
Error in <TTree::Fill>: Failed filling branch:Tree.hadFlavs, nbytes=-1, entry=11289
Error in <TBranchElement::WriteBasketImpl>: basket's WriteBuffer failed.
Error in <TBranchElement::TBranch::Fill>: Failed to write out basket.

Error in <TBranchElement::Fill>: Failed filling branch:bTagScore, nbytes=-1
Error in <TTree::Fill>: Failed filling branch:Tree.bTagScore, nbytes=-1, entry=11952
 This error is symptomatic of a Tree created as a memory-resident Tree
 Instead of doing:
    TTree *T = new TTree(...)
    TFile *f = new TFile(...)
 you should do:
    TFile *f = new TFile(...)
    TTree *T = new TTree(...)


Error in <TBranchElement::WriteBasketImpl>: basket's WriteBuffer failed.
Error in <TBranchElement::TBranch::Fill>: Failed to write out basket.

Error in <TBranchElement::Fill>: Failed filling branch:partonFlavs, nbytes=-1
Error in <TTree::Fill>: Failed filling branch:Tree.partonFlavs, nbytes=-1, entry=11952
 This error is symptomatic of a Tree created as a memory-resident Tree
 Instead of doing:
    TTree *T = new TTree(...)
    TFile *f = new TFile(...)
 you should do:
    TFile *f = new TFile(...)
    TTree *T = new TTree(...)


Error in <TBranchElement::WriteBasketImpl>: basket's WriteBuffer failed.
Error in <TBranchElement::TBranch::Fill>: Failed to write out basket.

Error in <TBranchElement::Fill>: Failed filling branch:jetPt, nbytes=-1
Error in <TTree::Fill>: Failed filling branch:Tree.jetPt, nbytes=-1, entry=11954
 This error is symptomatic of a Tree created as a memory-resident Tree
 Instead of doing:
    TTree *T = new TTree(...)
    TFile *f = new TFile(...)
 you should do:
    TFile *f = new TFile(...)
    TTree *T = new TTree(...)


Error in <TBranchElement::WriteBasketImpl>: basket's WriteBuffer failed.
Error in <TBranchElement::TBranch::Fill>: Failed to write out basket.

Error in <TBranchElement::Fill>: Failed filling branch:jetEta, nbytes=-1
Error in <TTree::Fill>: Failed filling branch:Tree.jetEta, nbytes=-1, entry=11954
 This error is symptomatic of a Tree created as a memory-resident Tree
 Instead of doing:
    TTree *T = new TTree(...)
    TFile *f = new TFile(...)
 you should do:
    TFile *f = new TFile(...)
    TTree *T = new TTree(...)


Error in <TBranchElement::WriteBasketImpl>: basket's WriteBuffer failed.
Error in <TBranchElement::TBranch::Fill>: Failed to write out basket.

Error in <TBranchElement::Fill>: Failed filling branch:jetPUids, nbytes=-1
Error in <TTree::Fill>: Failed filling branch:Tree.jetPUids, nbytes=-1, entry=11954
Error in <TBranchElement::WriteBasketImpl>: basket's WriteBuffer failed.
Error in <TBranchElement::TBranch::Fill>: Failed to write out basket.

Error in <TBranchElement::Fill>: Failed filling branch:hadFlavs, nbytes=-1
Error in <TTree::Fill>: Failed filling branch:Tree.hadFlavs, nbytes=-1, entry=11954
Error in <TBranchElement::WriteBasketImpl>: basket's WriteBuffer failed.
Error in <TBranchElement::TBranch::Fill>: Failed to write out basket.

Error in <TBranchElement::Fill>: Failed filling branch:bTagScore, nbytes=-1
Error in <TTree::Fill>: Failed filling branch:Tree.bTagScore, nbytes=-1, entry=12616
 This error is symptomatic of a Tree created as a memory-resident Tree
 Instead of doing:
    TTree *T = new TTree(...)
    TFile *f = new TFile(...)
 you should do:
    TFile *f = new TFile(...)
    TTree *T = new TTree(...)


Error in <TBranchElement::WriteBasketImpl>: basket's WriteBuffer failed.
Error in <TBranchElement::TBranch::Fill>: Failed to write out basket.

Error in <TBranchElement::Fill>: Failed filling branch:partonFlavs, nbytes=-1
Error in <TTree::Fill>: Failed filling branch:Tree.partonFlavs, nbytes=-1, entry=12616
 This error is symptomatic of a Tree created as a memory-resident Tree
 Instead of doing:
    TTree *T = new TTree(...)
    TFile *f = new TFile(...)
 you should do:
    TFile *f = new TFile(...)
    TTree *T = new TTree(...)


Error in <TBranchElement::WriteBasketImpl>: basket's WriteBuffer failed.
Error in <TBranchElement::TBranch::Fill>: Failed to write out basket.

Error in <TBranchElement::Fill>: Failed filling branch:jetPt, nbytes=-1
Error in <TTree::Fill>: Failed filling branch:Tree.jetPt, nbytes=-1, entry=12619
 This error is symptomatic of a Tree created as a memory-resident Tree
 Instead of doing:
    TTree *T = new TTree(...)
    TFile *f = new TFile(...)
 you should do:
    TFile *f = new TFile(...)
    TTree *T = new TTree(...)


Error in <TBranchElement::WriteBasketImpl>: basket's WriteBuffer failed.
Error in <TBranchElement::TBranch::Fill>: Failed to write out basket.

Error in <TBranchElement::Fill>: Failed filling branch:jetEta, nbytes=-1
Error in <TTree::Fill>: Failed filling branch:Tree.jetEta, nbytes=-1, entry=12619
 This error is symptomatic of a Tree created as a memory-resident Tree
 Instead of doing:
    TTree *T = new TTree(...)
    TFile *f = new TFile(...)
 you should do:
    TFile *f = new TFile(...)
    TTree *T = new TTree(...)


Error in <TBranchElement::WriteBasketImpl>: basket's WriteBuffer failed.
Error in <TBranchElement::TBranch::Fill>: Failed to write out basket.

Error in <TBranchElement::Fill>: Failed filling branch:jetPUids, nbytes=-1
Error in <TTree::Fill>: Failed filling branch:Tree.jetPUids, nbytes=-1, entry=12619
Error in <TBranchElement::WriteBasketImpl>: basket's WriteBuffer failed.
Error in <TBranchElement::TBranch::Fill>: Failed to write out basket.

Error in <TBranchElement::Fill>: Failed filling branch:hadFlavs, nbytes=-1
Error in <TTree::Fill>: Failed filling branch:Tree.hadFlavs, nbytes=-1, entry=12619
Error in <TBranchElement::WriteBasketImpl>: basket's WriteBuffer failed.
Error in <TBranchElement::TBranch::Fill>: Failed to write out basket.

Error in <TBranchElement::Fill>: Failed filling branch:bTagScore, nbytes=-1
Error in <TTree::Fill>: Failed filling branch:Tree.bTagScore, nbytes=-1, entry=13283
 This error is symptomatic of a Tree created as a memory-resident Tree
 Instead of doing:
    TTree *T = new TTree(...)
    TFile *f = new TFile(...)
 you should do:
    TFile *f = new TFile(...)
    TTree *T = new TTree(...)


Error in <TBranchElement::WriteBasketImpl>: basket's WriteBuffer failed.
Error in <TBranchElement::TBranch::Fill>: Failed to write out basket.

Error in <TBranchElement::Fill>: Failed filling branch:partonFlavs, nbytes=-1
Error in <TTree::Fill>: Failed filling branch:Tree.partonFlavs, nbytes=-1, entry=13283
 This error is symptomatic of a Tree created as a memory-resident Tree
 Instead of doing:
    TTree *T = new TTree(...)
    TFile *f = new TFile(...)
 you should do:
    TFile *f = new TFile(...)
    TTree *T = new TTree(...)


Error in <TBranchElement::WriteBasketImpl>: basket's WriteBuffer failed.
Error in <TBranchElement::TBranch::Fill>: Failed to write out basket.

Error in <TBranchElement::Fill>: Failed filling branch:jetPt, nbytes=-1
Error in <TTree::Fill>: Failed filling branch:Tree.jetPt, nbytes=-1, entry=13286
 This error is symptomatic of a Tree created as a memory-resident Tree
 Instead of doing:
    TTree *T = new TTree(...)
    TFile *f = new TFile(...)
 you should do:
    TFile *f = new TFile(...)
    TTree *T = new TTree(...)


Error in <TBranchElement::WriteBasketImpl>: basket's WriteBuffer failed.
Error in <TBranchElement::TBranch::Fill>: Failed to write out basket.

Error in <TBranchElement::Fill>: Failed filling branch:jetEta, nbytes=-1
Error in <TTree::Fill>: Failed filling branch:Tree.jetEta, nbytes=-1, entry=13286
 This error is symptomatic of a Tree created as a memory-resident Tree
 Instead of doing:
    TTree *T = new TTree(...)
    TFile *f = new TFile(...)
 you should do:
    TFile *f = new TFile(...)
    TTree *T = new TTree(...)


Error in <TBranchElement::WriteBasketImpl>: basket's WriteBuffer failed.
Error in <TBranchElement::TBranch::Fill>: Failed to write out basket.

Error in <TBranchElement::Fill>: Failed filling branch:jetPUids, nbytes=-1
Error in <TTree::Fill>: Failed filling branch:Tree.jetPUids, nbytes=-1, entry=13286
Error in <TBranchElement::WriteBasketImpl>: basket's WriteBuffer failed.
Error in <TBranchElement::TBranch::Fill>: Failed to write out basket.

Error in <TBranchElement::Fill>: Failed filling branch:hadFlavs, nbytes=-1
Error in <TTree::Fill>: Failed filling branch:Tree.hadFlavs, nbytes=-1, entry=13286
Error in <TBranchElement::WriteBasketImpl>: basket's WriteBuffer failed.
Error in <TBranchElement::TBranch::Fill>: Failed to write out basket.

Error in <TBranchElement::Fill>: Failed filling branch:bTagScore, nbytes=-1
Error in <TTree::Fill>: Failed filling branch:Tree.bTagScore, nbytes=-1, entry=13948
 This error is symptomatic of a Tree created as a memory-resident Tree
 Instead of doing:
    TTree *T = new TTree(...)
    TFile *f = new TFile(...)
 you should do:
    TFile *f = new TFile(...)
    TTree *T = new TTree(...)


Error in <TBranchElement::WriteBasketImpl>: basket's WriteBuffer failed.
Error in <TBranchElement::TBranch::Fill>: Failed to write out basket.

Error in <TBranchElement::Fill>: Failed filling branch:partonFlavs, nbytes=-1
Error in <TTree::Fill>: Failed filling branch:Tree.partonFlavs, nbytes=-1, entry=13948
 This error is symptomatic of a Tree created as a memory-resident Tree
 Instead of doing:
    TTree *T = new TTree(...)
    TFile *f = new TFile(...)
 you should do:
    TFile *f = new TFile(...)
    TTree *T = new TTree(...)


Error in <TBranchElement::WriteBasketImpl>: basket's WriteBuffer failed.
Error in <TBranchElement::TBranch::Fill>: Failed to write out basket.

Error in <TBranchElement::Fill>: Failed filling branch:jetPt, nbytes=-1
Error in <TTree::Fill>: Failed filling branch:Tree.jetPt, nbytes=-1, entry=13951
 This error is symptomatic of a Tree created as a memory-resident Tree
 Instead of doing:
    TTree *T = new TTree(...)
    TFile *f = new TFile(...)
 you should do:
    TFile *f = new TFile(...)
    TTree *T = new TTree(...)


Error in <TBranchElement::WriteBasketImpl>: basket's WriteBuffer failed.
Error in <TBranchElement::TBranch::Fill>: Failed to write out basket.

Error in <TBranchElement::Fill>: Failed filling branch:jetEta, nbytes=-1
Error in <TTree::Fill>: Failed filling branch:Tree.jetEta, nbytes=-1, entry=13951
 This error is symptomatic of a Tree created as a memory-resident Tree
 Instead of doing:
    TTree *T = new TTree(...)
    TFile *f = new TFile(...)
 you should do:
    TFile *f = new TFile(...)
    TTree *T = new TTree(...)


Error in <TBranchElement::WriteBasketImpl>: basket's WriteBuffer failed.
Error in <TBranchElement::TBranch::Fill>: Failed to write out basket.

Error in <TBranchElement::Fill>: Failed filling branch:jetPUids, nbytes=-1
Error in <TTree::Fill>: Failed filling branch:Tree.jetPUids, nbytes=-1, entry=13951
Error in <TBranchElement::WriteBasketImpl>: basket's WriteBuffer failed.
Error in <TBranchElement::TBranch::Fill>: Failed to write out basket.

Error in <TBranchElement::Fill>: Failed filling branch:hadFlavs, nbytes=-1
Error in <TTree::Fill>: Failed filling branch:Tree.hadFlavs, nbytes=-1, entry=13951
Error in <TBranchElement::WriteBasketImpl>: basket's WriteBuffer failed.
Error in <TBranchElement::TBranch::Fill>: Failed to write out basket.

Error in <TBranchElement::Fill>: Failed filling branch:bTagScore, nbytes=-1
Error in <TTree::Fill>: Failed filling branch:Tree.bTagScore, nbytes=-1, entry=14612
 This error is symptomatic of a Tree created as a memory-resident Tree
 Instead of doing:
    TTree *T = new TTree(...)
    TFile *f = new TFile(...)
 you should do:
    TFile *f = new TFile(...)
    TTree *T = new TTree(...)


Error in <TBranchElement::WriteBasketImpl>: basket's WriteBuffer failed.
Error in <TBranchElement::TBranch::Fill>: Failed to write out basket.

Error in <TBranchElement::Fill>: Failed filling branch:partonFlavs, nbytes=-1
Error in <TTree::Fill>: Failed filling branch:Tree.partonFlavs, nbytes=-1, entry=14612
 This error is symptomatic of a Tree created as a memory-resident Tree
 Instead of doing:
    TTree *T = new TTree(...)
    TFile *f = new TFile(...)
 you should do:
    TFile *f = new TFile(...)
    TTree *T = new TTree(...)


Error in <TBranchElement::WriteBasketImpl>: basket's WriteBuffer failed.
Error in <TBranchElement::TBranch::Fill>: Failed to write out basket.

Error in <TBranchElement::Fill>: Failed filling branch:jetPt, nbytes=-1
Error in <TTree::Fill>: Failed filling branch:Tree.jetPt, nbytes=-1, entry=14615
 This error is symptomatic of a Tree created as a memory-resident Tree
 Instead of doing:
    TTree *T = new TTree(...)
    TFile *f = new TFile(...)
 you should do:
    TFile *f = new TFile(...)
    TTree *T = new TTree(...)


Error in <TBranchElement::WriteBasketImpl>: basket's WriteBuffer failed.
Error in <TBranchElement::TBranch::Fill>: Failed to write out basket.

Error in <TBranchElement::Fill>: Failed filling branch:jetEta, nbytes=-1
Error in <TTree::Fill>: Failed filling branch:Tree.jetEta, nbytes=-1, entry=14615
 This error is symptomatic of a Tree created as a memory-resident Tree
 Instead of doing:
    TTree *T = new TTree(...)
    TFile *f = new TFile(...)
 you should do:
    TFile *f = new TFile(...)
    TTree *T = new TTree(...)


Error in <TBranchElement::WriteBasketImpl>: basket's WriteBuffer failed.
Error in <TBranchElement::TBranch::Fill>: Failed to write out basket.

Error in <TBranchElement::Fill>: Failed filling branch:jetPUids, nbytes=-1
Error in <TTree::Fill>: Failed filling branch:Tree.jetPUids, nbytes=-1, entry=14615
Error in <TBranchElement::WriteBasketImpl>: basket's WriteBuffer failed.
Error in <TBranchElement::TBranch::Fill>: Failed to write out basket.

Error in <TBranchElement::Fill>: Failed filling branch:hadFlavs, nbytes=-1
Error in <TTree::Fill>: Failed filling branch:Tree.hadFlavs, nbytes=-1, entry=14615
Error in <TBranchElement::WriteBasketImpl>: basket's WriteBuffer failed.
Error in <TBranchElement::TBranch::Fill>: Failed to write out basket.

Error in <TBranchElement::Fill>: Failed filling branch:bTagScore, nbytes=-1
Error in <TTree::Fill>: Failed filling branch:Tree.bTagScore, nbytes=-1, entry=15275
 This error is symptomatic of a Tree created as a memory-resident Tree
 Instead of doing:
    TTree *T = new TTree(...)
    TFile *f = new TFile(...)
 you should do:
    TFile *f = new TFile(...)
    TTree *T = new TTree(...)


Error in <TBranchElement::WriteBasketImpl>: basket's WriteBuffer failed.
Error in <TBranchElement::TBranch::Fill>: Failed to write out basket.

Error in <TBranchElement::Fill>: Failed filling branch:partonFlavs, nbytes=-1
Error in <TTree::Fill>: Failed filling branch:Tree.partonFlavs, nbytes=-1, entry=15275
 This error is symptomatic of a Tree created as a memory-resident Tree
 Instead of doing:
    TTree *T = new TTree(...)
    TFile *f = new TFile(...)
 you should do:
    TFile *f = new TFile(...)
    TTree *T = new TTree(...)


Error in <TBranchElement::WriteBasketImpl>: basket's WriteBuffer failed.
Error in <TBranchElement::TBranch::Fill>: Failed to write out basket.

Error in <TBranchElement::Fill>: Failed filling branch:jetPt, nbytes=-1
Error in <TTree::Fill>: Failed filling branch:Tree.jetPt, nbytes=-1, entry=15278
 This error is symptomatic of a Tree created as a memory-resident Tree
 Instead of doing:
    TTree *T = new TTree(...)
    TFile *f = new TFile(...)
 you should do:
    TFile *f = new TFile(...)
    TTree *T = new TTree(...)


Error in <TBranchElement::WriteBasketImpl>: basket's WriteBuffer failed.
Error in <TBranchElement::TBranch::Fill>: Failed to write out basket.

Error in <TBranchElement::Fill>: Failed filling branch:jetEta, nbytes=-1
Error in <TTree::Fill>: Failed filling branch:Tree.jetEta, nbytes=-1, entry=15278
 This error is symptomatic of a Tree created as a memory-resident Tree
 Instead of doing:
    TTree *T = new TTree(...)
    TFile *f = new TFile(...)
 you should do:
    TFile *f = new TFile(...)
    TTree *T = new TTree(...)


Error in <TBranchElement::WriteBasketImpl>: basket's WriteBuffer failed.
Error in <TBranchElement::TBranch::Fill>: Failed to write out basket.

Error in <TBranchElement::Fill>: Failed filling branch:jetPUids, nbytes=-1
Error in <TTree::Fill>: Failed filling branch:Tree.jetPUids, nbytes=-1, entry=15278
Error in <TBranchElement::WriteBasketImpl>: basket's WriteBuffer failed.
Error in <TBranchElement::TBranch::Fill>: Failed to write out basket.

Error in <TBranchElement::Fill>: Failed filling branch:hadFlavs, nbytes=-1
Error in <TTree::Fill>: Failed filling branch:Tree.hadFlavs, nbytes=-1, entry=15278
Error in <TBranchElement::WriteBasketImpl>: basket's WriteBuffer failed.
Error in <TBranchElement::TBranch::Fill>: Failed to write out basket.

Error in <TBranchElement::Fill>: Failed filling branch:bTagScore, nbytes=-1
Error in <TTree::Fill>: Failed filling branch:Tree.bTagScore, nbytes=-1, entry=15939
 This error is symptomatic of a Tree created as a memory-resident Tree
 Instead of doing:
    TTree *T = new TTree(...)
    TFile *f = new TFile(...)
 you should do:
    TFile *f = new TFile(...)
    TTree *T = new TTree(...)


Error in <TBranchElement::WriteBasketImpl>: basket's WriteBuffer failed.
Error in <TBranchElement::TBranch::Fill>: Failed to write out basket.

Error in <TBranchElement::Fill>: Failed filling branch:partonFlavs, nbytes=-1
Error in <TTree::Fill>: Failed filling branch:Tree.partonFlavs, nbytes=-1, entry=15939
 This error is symptomatic of a Tree created as a memory-resident Tree
 Instead of doing:
    TTree *T = new TTree(...)
    TFile *f = new TFile(...)
 you should do:
    TFile *f = new TFile(...)
    TTree *T = new TTree(...)


Error in <TBranchElement::WriteBasketImpl>: basket's WriteBuffer failed.
Error in <TBranchElement::TBranch::Fill>: Failed to write out basket.

Error in <TBranchElement::Fill>: Failed filling branch:jetPt, nbytes=-1
Error in <TTree::Fill>: Failed filling branch:Tree.jetPt, nbytes=-1, entry=15942
 This error is symptomatic of a Tree created as a memory-resident Tree
 Instead of doing:
    TTree *T = new TTree(...)
    TFile *f = new TFile(...)
 you should do:
    TFile *f = new TFile(...)
    TTree *T = new TTree(...)


Error in <TBranchElement::WriteBasketImpl>: basket's WriteBuffer failed.
Error in <TBranchElement::TBranch::Fill>: Failed to write out basket.

Error in <TBranchElement::Fill>: Failed filling branch:jetEta, nbytes=-1
Error in <TTree::Fill>: Failed filling branch:Tree.jetEta, nbytes=-1, entry=15942
 This error is symptomatic of a Tree created as a memory-resident Tree
 Instead of doing:
    TTree *T = new TTree(...)
    TFile *f = new TFile(...)
 you should do:
    TFile *f = new TFile(...)
    TTree *T = new TTree(...)


Error in <TBranchElement::WriteBasketImpl>: basket's WriteBuffer failed.
Error in <TBranchElement::TBranch::Fill>: Failed to write out basket.

Error in <TBranchElement::Fill>: Failed filling branch:jetPUids, nbytes=-1
Error in <TTree::Fill>: Failed filling branch:Tree.jetPUids, nbytes=-1, entry=15942
Error in <TBranchElement::WriteBasketImpl>: basket's WriteBuffer failed.
Error in <TBranchElement::TBranch::Fill>: Failed to write out basket.

Error in <TBranchElement::Fill>: Failed filling branch:hadFlavs, nbytes=-1
Error in <TTree::Fill>: Failed filling branch:Tree.hadFlavs, nbytes=-1, entry=15942
Error in <TBranch::WriteBasketImpl>: basket's WriteBuffer failed.
Error in <TBranch::TBranch::Fill>: Failed to write out basket.

Error in <TTree::Fill>: Failed filling branch:Tree.L1PrefiringWeight, nbytes=-1, entry=15956
 This error is symptomatic of a Tree created as a memory-resident Tree
 Instead of doing:
    TTree *T = new TTree(...)
    TFile *f = new TFile(...)
 you should do:
    TFile *f = new TFile(...)
    TTree *T = new TTree(...)


Error in <TBranch::WriteBasketImpl>: basket's WriteBuffer failed.
Error in <TBranch::TBranch::Fill>: Failed to write out basket.

Error in <TTree::Fill>: Failed filling branch:Tree.eventNumber, nbytes=-1, entry=15960
 This error is symptomatic of a Tree created as a memory-resident Tree
 Instead of doing:
    TTree *T = new TTree(...)
    TFile *f = new TFile(...)
 you should do:
    TFile *f = new TFile(...)
    TTree *T = new TTree(...)


Error in <TBranch::WriteBasketImpl>: basket's WriteBuffer failed.
Error in <TBranch::TBranch::Fill>: Failed to write out basket.

Error in <TTree::Fill>: Failed filling branch:Tree.runNumber, nbytes=-1, entry=15960
 This error is symptomatic of a Tree created as a memory-resident Tree
 Instead of doing:
    TTree *T = new TTree(...)
    TFile *f = new TFile(...)
 you should do:
    TFile *f = new TFile(...)
    TTree *T = new TTree(...)


Error in <TBranch::WriteBasketImpl>: basket's WriteBuffer failed.
Error in <TBranch::TBranch::Fill>: Failed to write out basket.

Error in <TTree::Fill>: Failed filling branch:Tree.SampleWeight, nbytes=-1, entry=15960
Error in <TBranch::WriteBasketImpl>: basket's WriteBuffer failed.
Error in <TBranch::TBranch::Fill>: Failed to write out basket.

Error in <TTree::Fill>: Failed filling branch:Tree.genWeight, nbytes=-1, entry=15960
Error in <TBranch::WriteBasketImpl>: basket's WriteBuffer failed.
Error in <TBranch::TBranch::Fill>: Failed to write out basket.

Error in <TTree::Fill>: Failed filling branch:Tree.new_weight, nbytes=-1, entry=15960
Error in <TBranch::WriteBasketImpl>: basket's WriteBuffer failed.
Error in <TBranch::TBranch::Fill>: Failed to write out basket.

Error in <TTree::Fill>: Failed filling branch:Tree.nMuons, nbytes=-1, entry=15962
 This error is symptomatic of a Tree created as a memory-resident Tree
 Instead of doing:
    TTree *T = new TTree(...)
    TFile *f = new TFile(...)
 you should do:
    TFile *f = new TFile(...)
    TTree *T = new TTree(...)


Error in <TBranch::WriteBasketImpl>: basket's WriteBuffer failed.
Error in <TBranch::TBranch::Fill>: Failed to write out basket.

Error in <TTree::Fill>: Failed filling branch:Tree.nElecs, nbytes=-1, entry=15962
 This error is symptomatic of a Tree created as a memory-resident Tree
 Instead of doing:
    TTree *T = new TTree(...)
    TFile *f = new TFile(...)
 you should do:
    TFile *f = new TFile(...)
    TTree *T = new TTree(...)


Error in <TBranch::WriteBasketImpl>: basket's WriteBuffer failed.
Error in <TBranch::TBranch::Fill>: Failed to write out basket.

Error in <TTree::Fill>: Failed filling branch:Tree.nJets, nbytes=-1, entry=15962
Error in <TBranch::WriteBasketImpl>: basket's WriteBuffer failed.
Error in <TBranch::TBranch::Fill>: Failed to write out basket.

Error in <TTree::Fill>: Failed filling branch:Tree.PUWeight, nbytes=-1, entry=15962
Error in <TBranch::WriteBasketImpl>: basket's WriteBuffer failed.
Error in <TBranch::TBranch::Fill>: Failed to write out basket.

Error in <TTree::Fill>: Failed filling branch:Tree.HT, nbytes=-1, entry=15964
 This error is symptomatic of a Tree created as a memory-resident Tree
 Instead of doing:
    TTree *T = new TTree(...)
    TFile *f = new TFile(...)
 you should do:
    TFile *f = new TFile(...)
    TTree *T = new TTree(...)


Error in <TBranchElement::WriteBasketImpl>: basket's WriteBuffer failed.
Error in <TBranchElement::TBranch::Fill>: Failed to write out basket.

Error in <TBranchElement::Fill>: Failed filling branch:bTagScore, nbytes=-1
Error in <TTree::Fill>: Failed filling branch:Tree.bTagScore, nbytes=-1, entry=16602
 This error is symptomatic of a Tree created as a memory-resident Tree
 Instead of doing:
    TTree *T = new TTree(...)
    TFile *f = new TFile(...)
 you should do:
    TFile *f = new TFile(...)
    TTree *T = new TTree(...)


Error in <TBranchElement::WriteBasketImpl>: basket's WriteBuffer failed.
Error in <TBranchElement::TBranch::Fill>: Failed to write out basket.

Error in <TBranchElement::Fill>: Failed filling branch:partonFlavs, nbytes=-1
Error in <TTree::Fill>: Failed filling branch:Tree.partonFlavs, nbytes=-1, entry=16602
 This error is symptomatic of a Tree created as a memory-resident Tree
 Instead of doing:
    TTree *T = new TTree(...)
    TFile *f = new TFile(...)
 you should do:
    TFile *f = new TFile(...)
    TTree *T = new TTree(...)


Error in <TBranchElement::WriteBasketImpl>: basket's WriteBuffer failed.
Error in <TBranchElement::TBranch::Fill>: Failed to write out basket.

Error in <TBranchElement::Fill>: Failed filling branch:jetPt, nbytes=-1
Error in <TTree::Fill>: Failed filling branch:Tree.jetPt, nbytes=-1, entry=16605
 This error is symptomatic of a Tree created as a memory-resident Tree
 Instead of doing:
    TTree *T = new TTree(...)
    TFile *f = new TFile(...)
 you should do:
    TFile *f = new TFile(...)
    TTree *T = new TTree(...)


Error in <TBranchElement::WriteBasketImpl>: basket's WriteBuffer failed.
Error in <TBranchElement::TBranch::Fill>: Failed to write out basket.

Error in <TBranchElement::Fill>: Failed filling branch:jetEta, nbytes=-1
Error in <TTree::Fill>: Failed filling branch:Tree.jetEta, nbytes=-1, entry=16605
 This error is symptomatic of a Tree created as a memory-resident Tree
 Instead of doing:
    TTree *T = new TTree(...)
    TFile *f = new TFile(...)
 you should do:
    TFile *f = new TFile(...)
    TTree *T = new TTree(...)


Error in <TBranchElement::WriteBasketImpl>: basket's WriteBuffer failed.
Error in <TBranchElement::TBranch::Fill>: Failed to write out basket.

Error in <TBranchElement::Fill>: Failed filling branch:jetPUids, nbytes=-1
Error in <TTree::Fill>: Failed filling branch:Tree.jetPUids, nbytes=-1, entry=16605
Error in <TBranchElement::WriteBasketImpl>: basket's WriteBuffer failed.
Error in <TBranchElement::TBranch::Fill>: Failed to write out basket.

Error in <TBranchElement::Fill>: Failed filling branch:hadFlavs, nbytes=-1
Error in <TTree::Fill>: Failed filling branch:Tree.hadFlavs, nbytes=-1, entry=16605
Error in <TBranchElement::WriteBasketImpl>: basket's WriteBuffer failed.
Error in <TBranchElement::TBranch::Fill>: Failed to write out basket.

Error in <TBranchElement::Fill>: Failed filling branch:bTagScore, nbytes=-1
Error in <TTree::Fill>: Failed filling branch:Tree.bTagScore, nbytes=-1, entry=17266
 This error is symptomatic of a Tree created as a memory-resident Tree
 Instead of doing:
    TTree *T = new TTree(...)
    TFile *f = new TFile(...)
 you should do:
    TFile *f = new TFile(...)
    TTree *T = new TTree(...)


Error in <TBranchElement::WriteBasketImpl>: basket's WriteBuffer failed.
Error in <TBranchElement::TBranch::Fill>: Failed to write out basket.

Error in <TBranchElement::Fill>: Failed filling branch:partonFlavs, nbytes=-1
Error in <TTree::Fill>: Failed filling branch:Tree.partonFlavs, nbytes=-1, entry=17266
 This error is symptomatic of a Tree created as a memory-resident Tree
 Instead of doing:
    TTree *T = new TTree(...)
    TFile *f = new TFile(...)
 you should do:
    TFile *f = new TFile(...)
    TTree *T = new TTree(...)


Error in <TBranchElement::WriteBasketImpl>: basket's WriteBuffer failed.
Error in <TBranchElement::TBranch::Fill>: Failed to write out basket.

Error in <TBranchElement::Fill>: Failed filling branch:jetPt, nbytes=-1
Error in <TTree::Fill>: Failed filling branch:Tree.jetPt, nbytes=-1, entry=17269
 This error is symptomatic of a Tree created as a memory-resident Tree
 Instead of doing:
    TTree *T = new TTree(...)
    TFile *f = new TFile(...)
 you should do:
    TFile *f = new TFile(...)
    TTree *T = new TTree(...)


Error in <TBranchElement::WriteBasketImpl>: basket's WriteBuffer failed.
Error in <TBranchElement::TBranch::Fill>: Failed to write out basket.

Error in <TBranchElement::Fill>: Failed filling branch:jetEta, nbytes=-1
Error in <TTree::Fill>: Failed filling branch:Tree.jetEta, nbytes=-1, entry=17269
 This error is symptomatic of a Tree created as a memory-resident Tree
 Instead of doing:
    TTree *T = new TTree(...)
    TFile *f = new TFile(...)
 you should do:
    TFile *f = new TFile(...)
    TTree *T = new TTree(...)


Error in <TBranchElement::WriteBasketImpl>: basket's WriteBuffer failed.
Error in <TBranchElement::TBranch::Fill>: Failed to write out basket.

Error in <TBranchElement::Fill>: Failed filling branch:jetPUids, nbytes=-1
Error in <TTree::Fill>: Failed filling branch:Tree.jetPUids, nbytes=-1, entry=17269
Error in <TBranchElement::WriteBasketImpl>: basket's WriteBuffer failed.
Error in <TBranchElement::TBranch::Fill>: Failed to write out basket.

Error in <TBranchElement::Fill>: Failed filling branch:hadFlavs, nbytes=-1
Error in <TTree::Fill>: Failed filling branch:Tree.hadFlavs, nbytes=-1, entry=17269
Error in <TBranchElement::WriteBasketImpl>: basket's WriteBuffer failed.
Error in <TBranchElement::TBranch::Fill>: Failed to write out basket.

Error in <TBranchElement::Fill>: Failed filling branch:bTagScore, nbytes=-1
Error in <TTree::Fill>: Failed filling branch:Tree.bTagScore, nbytes=-1, entry=17929
 This error is symptomatic of a Tree created as a memory-resident Tree
 Instead of doing:
    TTree *T = new TTree(...)
    TFile *f = new TFile(...)
 you should do:
    TFile *f = new TFile(...)
    TTree *T = new TTree(...)


Error in <TBranchElement::WriteBasketImpl>: basket's WriteBuffer failed.
Error in <TBranchElement::TBranch::Fill>: Failed to write out basket.

Error in <TBranchElement::Fill>: Failed filling branch:partonFlavs, nbytes=-1
Error in <TTree::Fill>: Failed filling branch:Tree.partonFlavs, nbytes=-1, entry=17929
 This error is symptomatic of a Tree created as a memory-resident Tree
 Instead of doing:
    TTree *T = new TTree(...)
    TFile *f = new TFile(...)
 you should do:
    TFile *f = new TFile(...)
    TTree *T = new TTree(...)


Error in <TBranchElement::WriteBasketImpl>: basket's WriteBuffer failed.
Error in <TBranchElement::TBranch::Fill>: Failed to write out basket.

Error in <TBranchElement::Fill>: Failed filling branch:jetPt, nbytes=-1
Error in <TTree::Fill>: Failed filling branch:Tree.jetPt, nbytes=-1, entry=17933
 This error is symptomatic of a Tree created as a memory-resident Tree
 Instead of doing:
    TTree *T = new TTree(...)
    TFile *f = new TFile(...)
 you should do:
    TFile *f = new TFile(...)
    TTree *T = new TTree(...)


Error in <TBranchElement::WriteBasketImpl>: basket's WriteBuffer failed.
Error in <TBranchElement::TBranch::Fill>: Failed to write out basket.

Error in <TBranchElement::Fill>: Failed filling branch:jetEta, nbytes=-1
Error in <TTree::Fill>: Failed filling branch:Tree.jetEta, nbytes=-1, entry=17933
 This error is symptomatic of a Tree created as a memory-resident Tree
 Instead of doing:
    TTree *T = new TTree(...)
    TFile *f = new TFile(...)
 you should do:
    TFile *f = new TFile(...)
    TTree *T = new TTree(...)


Error in <TBranchElement::WriteBasketImpl>: basket's WriteBuffer failed.
Error in <TBranchElement::TBranch::Fill>: Failed to write out basket.

Error in <TBranchElement::Fill>: Failed filling branch:jetPUids, nbytes=-1
Error in <TTree::Fill>: Failed filling branch:Tree.jetPUids, nbytes=-1, entry=17933
Error in <TBranchElement::WriteBasketImpl>: basket's WriteBuffer failed.
Error in <TBranchElement::TBranch::Fill>: Failed to write out basket.

Error in <TBranchElement::Fill>: Failed filling branch:hadFlavs, nbytes=-1
Error in <TTree::Fill>: Failed filling branch:Tree.hadFlavs, nbytes=-1, entry=17933
Error in <TBranchElement::WriteBasketImpl>: basket's WriteBuffer failed.
Error in <TBranchElement::TBranch::Fill>: Failed to write out basket.

Error in <TBranchElement::Fill>: Failed filling branch:bTagScore, nbytes=-1
Error in <TTree::Fill>: Failed filling branch:Tree.bTagScore, nbytes=-1, entry=18594
 This error is symptomatic of a Tree created as a memory-resident Tree
 Instead of doing:
    TTree *T = new TTree(...)
    TFile *f = new TFile(...)
 you should do:
    TFile *f = new TFile(...)
    TTree *T = new TTree(...)


Error in <TBranchElement::WriteBasketImpl>: basket's WriteBuffer failed.
Error in <TBranchElement::TBranch::Fill>: Failed to write out basket.

Error in <TBranchElement::Fill>: Failed filling branch:partonFlavs, nbytes=-1
Error in <TTree::Fill>: Failed filling branch:Tree.partonFlavs, nbytes=-1, entry=18594
 This error is symptomatic of a Tree created as a memory-resident Tree
 Instead of doing:
    TTree *T = new TTree(...)
    TFile *f = new TFile(...)
 you should do:
    TFile *f = new TFile(...)
    TTree *T = new TTree(...)


Error in <TBranchElement::WriteBasketImpl>: basket's WriteBuffer failed.
Error in <TBranchElement::TBranch::Fill>: Failed to write out basket.

Error in <TBranchElement::Fill>: Failed filling branch:jetPt, nbytes=-1
Error in <TTree::Fill>: Failed filling branch:Tree.jetPt, nbytes=-1, entry=18598
 This error is symptomatic of a Tree created as a memory-resident Tree
 Instead of doing:
    TTree *T = new TTree(...)
    TFile *f = new TFile(...)
 you should do:
    TFile *f = new TFile(...)
    TTree *T = new TTree(...)


Error in <TBranchElement::WriteBasketImpl>: basket's WriteBuffer failed.
Error in <TBranchElement::TBranch::Fill>: Failed to write out basket.

Error in <TBranchElement::Fill>: Failed filling branch:jetEta, nbytes=-1
Error in <TTree::Fill>: Failed filling branch:Tree.jetEta, nbytes=-1, entry=18598
 This error is symptomatic of a Tree created as a memory-resident Tree
 Instead of doing:
    TTree *T = new TTree(...)
    TFile *f = new TFile(...)
 you should do:
    TFile *f = new TFile(...)
    TTree *T = new TTree(...)


Error in <TBranchElement::WriteBasketImpl>: basket's WriteBuffer failed.
Error in <TBranchElement::TBranch::Fill>: Failed to write out basket.

Error in <TBranchElement::Fill>: Failed filling branch:jetPUids, nbytes=-1
Error in <TTree::Fill>: Failed filling branch:Tree.jetPUids, nbytes=-1, entry=18598
Error in <TBranchElement::WriteBasketImpl>: basket's WriteBuffer failed.
Error in <TBranchElement::TBranch::Fill>: Failed to write out basket.

Error in <TBranchElement::Fill>: Failed filling branch:hadFlavs, nbytes=-1
Error in <TTree::Fill>: Failed filling branch:Tree.hadFlavs, nbytes=-1, entry=18598
Error in <TBranchElement::WriteBasketImpl>: basket's WriteBuffer failed.
Error in <TBranchElement::TBranch::Fill>: Failed to write out basket.

Error in <TBranchElement::Fill>: Failed filling branch:bTagScore, nbytes=-1
Error in <TTree::Fill>: Failed filling branch:Tree.bTagScore, nbytes=-1, entry=19260
 This error is symptomatic of a Tree created as a memory-resident Tree
 Instead of doing:
    TTree *T = new TTree(...)
    TFile *f = new TFile(...)
 you should do:
    TFile *f = new TFile(...)
    TTree *T = new TTree(...)


Error in <TBranchElement::WriteBasketImpl>: basket's WriteBuffer failed.
Error in <TBranchElement::TBranch::Fill>: Failed to write out basket.

Error in <TBranchElement::Fill>: Failed filling branch:partonFlavs, nbytes=-1
Error in <TTree::Fill>: Failed filling branch:Tree.partonFlavs, nbytes=-1, entry=19260
 This error is symptomatic of a Tree created as a memory-resident Tree
 Instead of doing:
    TTree *T = new TTree(...)
    TFile *f = new TFile(...)
 you should do:
    TFile *f = new TFile(...)
    TTree *T = new TTree(...)


Error in <TBranchElement::WriteBasketImpl>: basket's WriteBuffer failed.
Error in <TBranchElement::TBranch::Fill>: Failed to write out basket.

Error in <TBranchElement::Fill>: Failed filling branch:jetPt, nbytes=-1
Error in <TTree::Fill>: Failed filling branch:Tree.jetPt, nbytes=-1, entry=19264
 This error is symptomatic of a Tree created as a memory-resident Tree
 Instead of doing:
    TTree *T = new TTree(...)
    TFile *f = new TFile(...)
 you should do:
    TFile *f = new TFile(...)
    TTree *T = new TTree(...)


Error in <TBranchElement::WriteBasketImpl>: basket's WriteBuffer failed.
Error in <TBranchElement::TBranch::Fill>: Failed to write out basket.

Error in <TBranchElement::Fill>: Failed filling branch:jetEta, nbytes=-1
Error in <TTree::Fill>: Failed filling branch:Tree.jetEta, nbytes=-1, entry=19264
 This error is symptomatic of a Tree created as a memory-resident Tree
 Instead of doing:
    TTree *T = new TTree(...)
    TFile *f = new TFile(...)
 you should do:
    TFile *f = new TFile(...)
    TTree *T = new TTree(...)


Error in <TBranchElement::WriteBasketImpl>: basket's WriteBuffer failed.
Error in <TBranchElement::TBranch::Fill>: Failed to write out basket.

Error in <TBranchElement::Fill>: Failed filling branch:jetPUids, nbytes=-1
Error in <TTree::Fill>: Failed filling branch:Tree.jetPUids, nbytes=-1, entry=19264
Error in <TBranchElement::WriteBasketImpl>: basket's WriteBuffer failed.
Error in <TBranchElement::TBranch::Fill>: Failed to write out basket.

Error in <TBranchElement::Fill>: Failed filling branch:hadFlavs, nbytes=-1
Error in <TTree::Fill>: Failed filling branch:Tree.hadFlavs, nbytes=-1, entry=19264
Error in <TBranchElement::WriteBasketImpl>: basket's WriteBuffer failed.
Error in <TBranchElement::TBranch::Fill>: Failed to write out basket.

Error in <TBranchElement::Fill>: Failed filling branch:bTagScore, nbytes=-1
Error in <TTree::Fill>: Failed filling branch:Tree.bTagScore, nbytes=-1, entry=19929
 This error is symptomatic of a Tree created as a memory-resident Tree
 Instead of doing:
    TTree *T = new TTree(...)
    TFile *f = new TFile(...)
 you should do:
    TFile *f = new TFile(...)
    TTree *T = new TTree(...)


Error in <TBranchElement::WriteBasketImpl>: basket's WriteBuffer failed.
Error in <TBranchElement::TBranch::Fill>: Failed to write out basket.

Error in <TBranchElement::Fill>: Failed filling branch:partonFlavs, nbytes=-1
Error in <TTree::Fill>: Failed filling branch:Tree.partonFlavs, nbytes=-1, entry=19929
 This error is symptomatic of a Tree created as a memory-resident Tree
 Instead of doing:
    TTree *T = new TTree(...)
    TFile *f = new TFile(...)
 you should do:
    TFile *f = new TFile(...)
    TTree *T = new TTree(...)


Error in <TBranchElement::WriteBasketImpl>: basket's WriteBuffer failed.
Error in <TBranchElement::TBranch::Fill>: Failed to write out basket.

Error in <TBranchElement::Fill>: Failed filling branch:jetPUids, nbytes=-1
Error in <TTree::Fill>: Failed filling branch:Tree.jetPUids, nbytes=-1, entry=19932
 This error is symptomatic of a Tree created as a memory-resident Tree
 Instead of doing:
    TTree *T = new TTree(...)
    TFile *f = new TFile(...)
 you should do:
    TFile *f = new TFile(...)
    TTree *T = new TTree(...)


Error in <TBranchElement::WriteBasketImpl>: basket's WriteBuffer failed.
Error in <TBranchElement::TBranch::Fill>: Failed to write out basket.

Error in <TBranchElement::Fill>: Failed filling branch:hadFlavs, nbytes=-1
Error in <TTree::Fill>: Failed filling branch:Tree.hadFlavs, nbytes=-1, entry=19932
 This error is symptomatic of a Tree created as a memory-resident Tree
 Instead of doing:
    TTree *T = new TTree(...)
    TFile *f = new TFile(...)
 you should do:
    TFile *f = new TFile(...)
    TTree *T = new TTree(...)


Error in <TBranchElement::WriteBasketImpl>: basket's WriteBuffer failed.
Error in <TBranchElement::TBranch::Fill>: Failed to write out basket.

Error in <TBranchElement::Fill>: Failed filling branch:jetPt, nbytes=-1
Error in <TTree::Fill>: Failed filling branch:Tree.jetPt, nbytes=-1, entry=19933
 This error is symptomatic of a Tree created as a memory-resident Tree
 Instead of doing:
    TTree *T = new TTree(...)
    TFile *f = new TFile(...)
 you should do:
    TFile *f = new TFile(...)
    TTree *T = new TTree(...)


Error in <TBranchElement::WriteBasketImpl>: basket's WriteBuffer failed.
Error in <TBranchElement::TBranch::Fill>: Failed to write out basket.

Error in <TBranchElement::Fill>: Failed filling branch:jetEta, nbytes=-1
Error in <TTree::Fill>: Failed filling branch:Tree.jetEta, nbytes=-1, entry=19933
 This error is symptomatic of a Tree created as a memory-resident Tree
 Instead of doing:
    TTree *T = new TTree(...)
    TFile *f = new TFile(...)
 you should do:
    TFile *f = new TFile(...)
    TTree *T = new TTree(...)


Error in <TBranchElement::WriteBasketImpl>: basket's WriteBuffer failed.
Error in <TBranchElement::TBranch::Fill>: Failed to write out basket.

Error in <TBranchElement::Fill>: Failed filling branch:bTagScore, nbytes=-1
Error in <TTree::Fill>: Failed filling branch:Tree.bTagScore, nbytes=-1, entry=20594
 This error is symptomatic of a Tree created as a memory-resident Tree
 Instead of doing:
    TTree *T = new TTree(...)
    TFile *f = new TFile(...)
 you should do:
    TFile *f = new TFile(...)
    TTree *T = new TTree(...)


Error in <TBranchElement::WriteBasketImpl>: basket's WriteBuffer failed.
Error in <TBranchElement::TBranch::Fill>: Failed to write out basket.

Error in <TBranchElement::Fill>: Failed filling branch:partonFlavs, nbytes=-1
Error in <TTree::Fill>: Failed filling branch:Tree.partonFlavs, nbytes=-1, entry=20594
 This error is symptomatic of a Tree created as a memory-resident Tree
 Instead of doing:
    TTree *T = new TTree(...)
    TFile *f = new TFile(...)
 you should do:
    TFile *f = new TFile(...)
    TTree *T = new TTree(...)


Error in <TBranchElement::WriteBasketImpl>: basket's WriteBuffer failed.
Error in <TBranchElement::TBranch::Fill>: Failed to write out basket.

Error in <TBranchElement::Fill>: Failed filling branch:jetPUids, nbytes=-1
Error in <TTree::Fill>: Failed filling branch:Tree.jetPUids, nbytes=-1, entry=20597
 This error is symptomatic of a Tree created as a memory-resident Tree
 Instead of doing:
    TTree *T = new TTree(...)
    TFile *f = new TFile(...)
 you should do:
    TFile *f = new TFile(...)
    TTree *T = new TTree(...)


Error in <TBranchElement::WriteBasketImpl>: basket's WriteBuffer failed.
Error in <TBranchElement::TBranch::Fill>: Failed to write out basket.

Error in <TBranchElement::Fill>: Failed filling branch:hadFlavs, nbytes=-1
Error in <TTree::Fill>: Failed filling branch:Tree.hadFlavs, nbytes=-1, entry=20597
 This error is symptomatic of a Tree created as a memory-resident Tree
 Instead of doing:
    TTree *T = new TTree(...)
    TFile *f = new TFile(...)
 you should do:
    TFile *f = new TFile(...)
    TTree *T = new TTree(...)


Error in <TBranchElement::WriteBasketImpl>: basket's WriteBuffer failed.
Error in <TBranchElement::TBranch::Fill>: Failed to write out basket.

Error in <TBranchElement::Fill>: Failed filling branch:jetPt, nbytes=-1
Error in <TTree::Fill>: Failed filling branch:Tree.jetPt, nbytes=-1, entry=20598
 This error is symptomatic of a Tree created as a memory-resident Tree
 Instead of doing:
    TTree *T = new TTree(...)
    TFile *f = new TFile(...)
 you should do:
    TFile *f = new TFile(...)
    TTree *T = new TTree(...)


Error in <TBranchElement::WriteBasketImpl>: basket's WriteBuffer failed.
Error in <TBranchElement::TBranch::Fill>: Failed to write out basket.

Error in <TBranchElement::Fill>: Failed filling branch:jetEta, nbytes=-1
Error in <TTree::Fill>: Failed filling branch:Tree.jetEta, nbytes=-1, entry=20598
 This error is symptomatic of a Tree created as a memory-resident Tree
 Instead of doing:
    TTree *T = new TTree(...)
    TFile *f = new TFile(...)
 you should do:
    TFile *f = new TFile(...)
    TTree *T = new TTree(...)


Error in <TBranchElement::WriteBasketImpl>: basket's WriteBuffer failed.
Error in <TBranchElement::TBranch::Fill>: Failed to write out basket.

Error in <TBranchElement::Fill>: Failed filling branch:bTagScore, nbytes=-1
Error in <TTree::Fill>: Failed filling branch:Tree.bTagScore, nbytes=-1, entry=21264
 This error is symptomatic of a Tree created as a memory-resident Tree
 Instead of doing:
    TTree *T = new TTree(...)
    TFile *f = new TFile(...)
 you should do:
    TFile *f = new TFile(...)
    TTree *T = new TTree(...)


Error in <TBranchElement::WriteBasketImpl>: basket's WriteBuffer failed.
Error in <TBranchElement::TBranch::Fill>: Failed to write out basket.

Error in <TBranchElement::Fill>: Failed filling branch:partonFlavs, nbytes=-1
Error in <TTree::Fill>: Failed filling branch:Tree.partonFlavs, nbytes=-1, entry=21264
 This error is symptomatic of a Tree created as a memory-resident Tree
 Instead of doing:
    TTree *T = new TTree(...)
    TFile *f = new TFile(...)
 you should do:
    TFile *f = new TFile(...)
    TTree *T = new TTree(...)


Error in <TBranchElement::WriteBasketImpl>: basket's WriteBuffer failed.
Error in <TBranchElement::TBranch::Fill>: Failed to write out basket.

Error in <TBranchElement::Fill>: Failed filling branch:jetPUids, nbytes=-1
Error in <TTree::Fill>: Failed filling branch:Tree.jetPUids, nbytes=-1, entry=21267
 This error is symptomatic of a Tree created as a memory-resident Tree
 Instead of doing:
    TTree *T = new TTree(...)
    TFile *f = new TFile(...)
 you should do:
    TFile *f = new TFile(...)
    TTree *T = new TTree(...)


Error in <TBranchElement::WriteBasketImpl>: basket's WriteBuffer failed.
Error in <TBranchElement::TBranch::Fill>: Failed to write out basket.

Error in <TBranchElement::Fill>: Failed filling branch:hadFlavs, nbytes=-1
Error in <TTree::Fill>: Failed filling branch:Tree.hadFlavs, nbytes=-1, entry=21267
 This error is symptomatic of a Tree created as a memory-resident Tree
 Instead of doing:
    TTree *T = new TTree(...)
    TFile *f = new TFile(...)
 you should do:
    TFile *f = new TFile(...)
    TTree *T = new TTree(...)


Error in <TBranchElement::WriteBasketImpl>: basket's WriteBuffer failed.
Error in <TBranchElement::TBranch::Fill>: Failed to write out basket.

Error in <TBranchElement::Fill>: Failed filling branch:jetPt, nbytes=-1
Error in <TTree::Fill>: Failed filling branch:Tree.jetPt, nbytes=-1, entry=21268
 This error is symptomatic of a Tree created as a memory-resident Tree
 Instead of doing:
    TTree *T = new TTree(...)
    TFile *f = new TFile(...)
 you should do:
    TFile *f = new TFile(...)
    TTree *T = new TTree(...)


Error in <TBranchElement::WriteBasketImpl>: basket's WriteBuffer failed.
Error in <TBranchElement::TBranch::Fill>: Failed to write out basket.

Error in <TBranchElement::Fill>: Failed filling branch:jetEta, nbytes=-1
Error in <TTree::Fill>: Failed filling branch:Tree.jetEta, nbytes=-1, entry=21268
 This error is symptomatic of a Tree created as a memory-resident Tree
 Instead of doing:
    TTree *T = new TTree(...)
    TFile *f = new TFile(...)
 you should do:
    TFile *f = new TFile(...)
    TTree *T = new TTree(...)


Error in <TBranchElement::WriteBasketImpl>: basket's WriteBuffer failed.
Error in <TBranchElement::TBranch::Fill>: Failed to write out basket.

Error in <TBranchElement::Fill>: Failed filling branch:bTagScore, nbytes=-1
Error in <TTree::Fill>: Failed filling branch:Tree.bTagScore, nbytes=-1, entry=21926
 This error is symptomatic of a Tree created as a memory-resident Tree
 Instead of doing:
    TTree *T = new TTree(...)
    TFile *f = new TFile(...)
 you should do:
    TFile *f = new TFile(...)
    TTree *T = new TTree(...)


Error in <TBranchElement::WriteBasketImpl>: basket's WriteBuffer failed.
Error in <TBranchElement::TBranch::Fill>: Failed to write out basket.

Error in <TBranchElement::Fill>: Failed filling branch:partonFlavs, nbytes=-1
Error in <TTree::Fill>: Failed filling branch:Tree.partonFlavs, nbytes=-1, entry=21926
 This error is symptomatic of a Tree created as a memory-resident Tree
 Instead of doing:
    TTree *T = new TTree(...)
    TFile *f = new TFile(...)
 you should do:
    TFile *f = new TFile(...)
    TTree *T = new TTree(...)


Error in <TBranchElement::WriteBasketImpl>: basket's WriteBuffer failed.
Error in <TBranchElement::TBranch::Fill>: Failed to write out basket.

Error in <TBranchElement::Fill>: Failed filling branch:jetPt, nbytes=-1
Error in <TTree::Fill>: Failed filling branch:Tree.jetPt, nbytes=-1, entry=21930
 This error is symptomatic of a Tree created as a memory-resident Tree
 Instead of doing:
    TTree *T = new TTree(...)
    TFile *f = new TFile(...)
 you should do:
    TFile *f = new TFile(...)
    TTree *T = new TTree(...)


Error in <TBranchElement::WriteBasketImpl>: basket's WriteBuffer failed.
Error in <TBranchElement::TBranch::Fill>: Failed to write out basket.

Error in <TBranchElement::Fill>: Failed filling branch:jetEta, nbytes=-1
Error in <TTree::Fill>: Failed filling branch:Tree.jetEta, nbytes=-1, entry=21930
 This error is symptomatic of a Tree created as a memory-resident Tree
 Instead of doing:
    TTree *T = new TTree(...)
    TFile *f = new TFile(...)
 you should do:
    TFile *f = new TFile(...)
    TTree *T = new TTree(...)


Error in <TBranchElement::WriteBasketImpl>: basket's WriteBuffer failed.
Error in <TBranchElement::TBranch::Fill>: Failed to write out basket.

Error in <TBranchElement::Fill>: Failed filling branch:jetPUids, nbytes=-1
Error in <TTree::Fill>: Failed filling branch:Tree.jetPUids, nbytes=-1, entry=21930
Error in <TBranchElement::WriteBasketImpl>: basket's WriteBuffer failed.
Error in <TBranchElement::TBranch::Fill>: Failed to write out basket.

Error in <TBranchElement::Fill>: Failed filling branch:hadFlavs, nbytes=-1
Error in <TTree::Fill>: Failed filling branch:Tree.hadFlavs, nbytes=-1, entry=21930
Error in <TBranchElement::WriteBasketImpl>: basket's WriteBuffer failed.
Error in <TBranchElement::TBranch::Fill>: Failed to write out basket.

Error in <TBranchElement::Fill>: Failed filling branch:bTagScore, nbytes=-1
Error in <TTree::Fill>: Failed filling branch:Tree.bTagScore, nbytes=-1, entry=22588
 This error is symptomatic of a Tree created as a memory-resident Tree
 Instead of doing:
    TTree *T = new TTree(...)
    TFile *f = new TFile(...)
 you should do:
    TFile *f = new TFile(...)
    TTree *T = new TTree(...)


Error in <TBranchElement::WriteBasketImpl>: basket's WriteBuffer failed.
Error in <TBranchElement::TBranch::Fill>: Failed to write out basket.

Error in <TBranchElement::Fill>: Failed filling branch:partonFlavs, nbytes=-1
Error in <TTree::Fill>: Failed filling branch:Tree.partonFlavs, nbytes=-1, entry=22588
 This error is symptomatic of a Tree created as a memory-resident Tree
 Instead of doing:
    TTree *T = new TTree(...)
    TFile *f = new TFile(...)
 you should do:
    TFile *f = new TFile(...)
    TTree *T = new TTree(...)


Error in <TBranchElement::WriteBasketImpl>: basket's WriteBuffer failed.
Error in <TBranchElement::TBranch::Fill>: Failed to write out basket.

Error in <TBranchElement::Fill>: Failed filling branch:jetPt, nbytes=-1
Error in <TTree::Fill>: Failed filling branch:Tree.jetPt, nbytes=-1, entry=22592
 This error is symptomatic of a Tree created as a memory-resident Tree
 Instead of doing:
    TTree *T = new TTree(...)
    TFile *f = new TFile(...)
 you should do:
    TFile *f = new TFile(...)
    TTree *T = new TTree(...)


Error in <TBranchElement::WriteBasketImpl>: basket's WriteBuffer failed.
Error in <TBranchElement::TBranch::Fill>: Failed to write out basket.

Error in <TBranchElement::Fill>: Failed filling branch:jetEta, nbytes=-1
Error in <TTree::Fill>: Failed filling branch:Tree.jetEta, nbytes=-1, entry=22592
 This error is symptomatic of a Tree created as a memory-resident Tree
 Instead of doing:
    TTree *T = new TTree(...)
    TFile *f = new TFile(...)
 you should do:
    TFile *f = new TFile(...)
    TTree *T = new TTree(...)


Error in <TBranchElement::WriteBasketImpl>: basket's WriteBuffer failed.
Error in <TBranchElement::TBranch::Fill>: Failed to write out basket.

Error in <TBranchElement::Fill>: Failed filling branch:jetPUids, nbytes=-1
Error in <TTree::Fill>: Failed filling branch:Tree.jetPUids, nbytes=-1, entry=22592
Error in <TBranchElement::WriteBasketImpl>: basket's WriteBuffer failed.
Error in <TBranchElement::TBranch::Fill>: Failed to write out basket.

Error in <TBranchElement::Fill>: Failed filling branch:hadFlavs, nbytes=-1
Error in <TTree::Fill>: Failed filling branch:Tree.hadFlavs, nbytes=-1, entry=22592
Error in <TBranchElement::WriteBasketImpl>: basket's WriteBuffer failed.
Error in <TBranchElement::TBranch::Fill>: Failed to write out basket.

Error in <TBranchElement::Fill>: Failed filling branch:bTagScore, nbytes=-1
Error in <TTree::Fill>: Failed filling branch:Tree.bTagScore, nbytes=-1, entry=23252
 This error is symptomatic of a Tree created as a memory-resident Tree
 Instead of doing:
    TTree *T = new TTree(...)
    TFile *f = new TFile(...)
 you should do:
    TFile *f = new TFile(...)
    TTree *T = new TTree(...)


Error in <TBranchElement::WriteBasketImpl>: basket's WriteBuffer failed.
Error in <TBranchElement::TBranch::Fill>: Failed to write out basket.

Error in <TBranchElement::Fill>: Failed filling branch:partonFlavs, nbytes=-1
Error in <TTree::Fill>: Failed filling branch:Tree.partonFlavs, nbytes=-1, entry=23252
 This error is symptomatic of a Tree created as a memory-resident Tree
 Instead of doing:
    TTree *T = new TTree(...)
    TFile *f = new TFile(...)
 you should do:
    TFile *f = new TFile(...)
    TTree *T = new TTree(...)


Error in <TBranchElement::WriteBasketImpl>: basket's WriteBuffer failed.
Error in <TBranchElement::TBranch::Fill>: Failed to write out basket.

Error in <TBranchElement::Fill>: Failed filling branch:jetPt, nbytes=-1
Error in <TTree::Fill>: Failed filling branch:Tree.jetPt, nbytes=-1, entry=23257
 This error is symptomatic of a Tree created as a memory-resident Tree
 Instead of doing:
    TTree *T = new TTree(...)
    TFile *f = new TFile(...)
 you should do:
    TFile *f = new TFile(...)
    TTree *T = new TTree(...)


Error in <TBranchElement::WriteBasketImpl>: basket's WriteBuffer failed.
Error in <TBranchElement::TBranch::Fill>: Failed to write out basket.

Error in <TBranchElement::Fill>: Failed filling branch:jetEta, nbytes=-1
Error in <TTree::Fill>: Failed filling branch:Tree.jetEta, nbytes=-1, entry=23257
 This error is symptomatic of a Tree created as a memory-resident Tree
 Instead of doing:
    TTree *T = new TTree(...)
    TFile *f = new TFile(...)
 you should do:
    TFile *f = new TFile(...)
    TTree *T = new TTree(...)


Error in <TBranchElement::WriteBasketImpl>: basket's WriteBuffer failed.
Error in <TBranchElement::TBranch::Fill>: Failed to write out basket.

Error in <TBranchElement::Fill>: Failed filling branch:jetPUids, nbytes=-1
Error in <TTree::Fill>: Failed filling branch:Tree.jetPUids, nbytes=-1, entry=23257
Error in <TBranchElement::WriteBasketImpl>: basket's WriteBuffer failed.
Error in <TBranchElement::TBranch::Fill>: Failed to write out basket.

Error in <TBranchElement::Fill>: Failed filling branch:hadFlavs, nbytes=-1
Error in <TTree::Fill>: Failed filling branch:Tree.hadFlavs, nbytes=-1, entry=23257
Error in <TBranchElement::WriteBasketImpl>: basket's WriteBuffer failed.
Error in <TBranchElement::TBranch::Fill>: Failed to write out basket.

Error in <TBranchElement::Fill>: Failed filling branch:bTagScore, nbytes=-1
Error in <TTree::Fill>: Failed filling branch:Tree.bTagScore, nbytes=-1, entry=23916
 This error is symptomatic of a Tree created as a memory-resident Tree
 Instead of doing:
    TTree *T = new TTree(...)
    TFile *f = new TFile(...)
 you should do:
    TFile *f = new TFile(...)
    TTree *T = new TTree(...)


Error in <TBranchElement::WriteBasketImpl>: basket's WriteBuffer failed.
Error in <TBranchElement::TBranch::Fill>: Failed to write out basket.

Error in <TBranchElement::Fill>: Failed filling branch:partonFlavs, nbytes=-1
Error in <TTree::Fill>: Failed filling branch:Tree.partonFlavs, nbytes=-1, entry=23916
 This error is symptomatic of a Tree created as a memory-resident Tree
 Instead of doing:
    TTree *T = new TTree(...)
    TFile *f = new TFile(...)
 you should do:
    TFile *f = new TFile(...)
    TTree *T = new TTree(...)


Error in <TBranchElement::WriteBasketImpl>: basket's WriteBuffer failed.
Error in <TBranchElement::TBranch::Fill>: Failed to write out basket.

Error in <TBranchElement::Fill>: Failed filling branch:jetPt, nbytes=-1
Error in <TTree::Fill>: Failed filling branch:Tree.jetPt, nbytes=-1, entry=23921
 This error is symptomatic of a Tree created as a memory-resident Tree
 Instead of doing:
    TTree *T = new TTree(...)
    TFile *f = new TFile(...)
 you should do:
    TFile *f = new TFile(...)
    TTree *T = new TTree(...)


Error in <TBranchElement::WriteBasketImpl>: basket's WriteBuffer failed.
Error in <TBranchElement::TBranch::Fill>: Failed to write out basket.

Error in <TBranchElement::Fill>: Failed filling branch:jetEta, nbytes=-1
Error in <TTree::Fill>: Failed filling branch:Tree.jetEta, nbytes=-1, entry=23921
 This error is symptomatic of a Tree created as a memory-resident Tree
 Instead of doing:
    TTree *T = new TTree(...)
    TFile *f = new TFile(...)
 you should do:
    TFile *f = new TFile(...)
    TTree *T = new TTree(...)


Error in <TBranchElement::WriteBasketImpl>: basket's WriteBuffer failed.
Error in <TBranchElement::TBranch::Fill>: Failed to write out basket.

Error in <TBranchElement::Fill>: Failed filling branch:jetPUids, nbytes=-1
Error in <TTree::Fill>: Failed filling branch:Tree.jetPUids, nbytes=-1, entry=23921
Error in <TBranchElement::WriteBasketImpl>: basket's WriteBuffer failed.
Error in <TBranchElement::TBranch::Fill>: Failed to write out basket.

Error in <TBranchElement::Fill>: Failed filling branch:hadFlavs, nbytes=-1
Error in <TTree::Fill>: Failed filling branch:Tree.hadFlavs, nbytes=-1, entry=23921
Error in <TBranch::WriteBasketImpl>: basket's WriteBuffer failed.
Error in <TBranch::TBranch::Fill>: Failed to write out basket.

Error in <TTree::Fill>: Failed filling branch:Tree.L1PrefiringWeight, nbytes=-1, entry=23934
 This error is symptomatic of a Tree created as a memory-resident Tree
 Instead of doing:
    TTree *T = new TTree(...)
    TFile *f = new TFile(...)
 you should do:
    TFile *f = new TFile(...)
    TTree *T = new TTree(...)


Error in <TBranch::WriteBasketImpl>: basket's WriteBuffer failed.
Error in <TBranch::TBranch::Fill>: Failed to write out basket.

Error in <TTree::Fill>: Failed filling branch:Tree.eventNumber, nbytes=-1, entry=23940
 This error is symptomatic of a Tree created as a memory-resident Tree
 Instead of doing:
    TTree *T = new TTree(...)
    TFile *f = new TFile(...)
 you should do:
    TFile *f = new TFile(...)
    TTree *T = new TTree(...)


Error in <TBranch::WriteBasketImpl>: basket's WriteBuffer failed.
Error in <TBranch::TBranch::Fill>: Failed to write out basket.

Error in <TTree::Fill>: Failed filling branch:Tree.runNumber, nbytes=-1, entry=23940
 This error is symptomatic of a Tree created as a memory-resident Tree
 Instead of doing:
    TTree *T = new TTree(...)
    TFile *f = new TFile(...)
 you should do:
    TFile *f = new TFile(...)
    TTree *T = new TTree(...)


Error in <TBranch::WriteBasketImpl>: basket's WriteBuffer failed.
Error in <TBranch::TBranch::Fill>: Failed to write out basket.

Error in <TTree::Fill>: Failed filling branch:Tree.SampleWeight, nbytes=-1, entry=23940
Error in <TBranch::WriteBasketImpl>: basket's WriteBuffer failed.
Error in <TBranch::TBranch::Fill>: Failed to write out basket.

Error in <TTree::Fill>: Failed filling branch:Tree.genWeight, nbytes=-1, entry=23940
Error in <TBranch::WriteBasketImpl>: basket's WriteBuffer failed.
Error in <TBranch::TBranch::Fill>: Failed to write out basket.

Error in <TTree::Fill>: Failed filling branch:Tree.new_weight, nbytes=-1, entry=23940
Error in <TBranch::WriteBasketImpl>: basket's WriteBuffer failed.
Error in <TBranch::TBranch::Fill>: Failed to write out basket.

Error in <TTree::Fill>: Failed filling branch:Tree.nMuons, nbytes=-1, entry=23943
 This error is symptomatic of a Tree created as a memory-resident Tree
 Instead of doing:
    TTree *T = new TTree(...)
    TFile *f = new TFile(...)
 you should do:
    TFile *f = new TFile(...)
    TTree *T = new TTree(...)


Error in <TBranch::WriteBasketImpl>: basket's WriteBuffer failed.
Error in <TBranch::TBranch::Fill>: Failed to write out basket.

Error in <TTree::Fill>: Failed filling branch:Tree.nElecs, nbytes=-1, entry=23943
 This error is symptomatic of a Tree created as a memory-resident Tree
 Instead of doing:
    TTree *T = new TTree(...)
    TFile *f = new TFile(...)
 you should do:
    TFile *f = new TFile(...)
    TTree *T = new TTree(...)


Error in <TBranch::WriteBasketImpl>: basket's WriteBuffer failed.
Error in <TBranch::TBranch::Fill>: Failed to write out basket.

Error in <TTree::Fill>: Failed filling branch:Tree.nJets, nbytes=-1, entry=23943
Error in <TBranch::WriteBasketImpl>: basket's WriteBuffer failed.
Error in <TBranch::TBranch::Fill>: Failed to write out basket.

Error in <TTree::Fill>: Failed filling branch:Tree.PUWeight, nbytes=-1, entry=23943
Error in <TBranch::WriteBasketImpl>: basket's WriteBuffer failed.
Error in <TBranch::TBranch::Fill>: Failed to write out basket.

Error in <TTree::Fill>: Failed filling branch:Tree.HT, nbytes=-1, entry=23946
 This error is symptomatic of a Tree created as a memory-resident Tree
 Instead of doing:
    TTree *T = new TTree(...)
    TFile *f = new TFile(...)
 you should do:
    TFile *f = new TFile(...)
    TTree *T = new TTree(...)


Error in <TBranchElement::WriteBasketImpl>: basket's WriteBuffer failed.
Error in <TBranchElement::TBranch::Fill>: Failed to write out basket.

Error in <TBranchElement::Fill>: Failed filling branch:bTagScore, nbytes=-1
Error in <TTree::Fill>: Failed filling branch:Tree.bTagScore, nbytes=-1, entry=24582
 This error is symptomatic of a Tree created as a memory-resident Tree
 Instead of doing:
    TTree *T = new TTree(...)
    TFile *f = new TFile(...)
 you should do:
    TFile *f = new TFile(...)
    TTree *T = new TTree(...)


Error in <TBranchElement::WriteBasketImpl>: basket's WriteBuffer failed.
Error in <TBranchElement::TBranch::Fill>: Failed to write out basket.

Error in <TBranchElement::Fill>: Failed filling branch:partonFlavs, nbytes=-1
Error in <TTree::Fill>: Failed filling branch:Tree.partonFlavs, nbytes=-1, entry=24582
 This error is symptomatic of a Tree created as a memory-resident Tree
 Instead of doing:
    TTree *T = new TTree(...)
    TFile *f = new TFile(...)
 you should do:
    TFile *f = new TFile(...)
    TTree *T = new TTree(...)


Error in <TBranchElement::WriteBasketImpl>: basket's WriteBuffer failed.
Error in <TBranchElement::TBranch::Fill>: Failed to write out basket.

Error in <TBranchElement::Fill>: Failed filling branch:jetPt, nbytes=-1
Error in <TTree::Fill>: Failed filling branch:Tree.jetPt, nbytes=-1, entry=24588
 This error is symptomatic of a Tree created as a memory-resident Tree
 Instead of doing:
    TTree *T = new TTree(...)
    TFile *f = new TFile(...)
 you should do:
    TFile *f = new TFile(...)
    TTree *T = new TTree(...)


Error in <TBranchElement::WriteBasketImpl>: basket's WriteBuffer failed.
Error in <TBranchElement::TBranch::Fill>: Failed to write out basket.

Error in <TBranchElement::Fill>: Failed filling branch:jetEta, nbytes=-1
Error in <TTree::Fill>: Failed filling branch:Tree.jetEta, nbytes=-1, entry=24588
 This error is symptomatic of a Tree created as a memory-resident Tree
 Instead of doing:
    TTree *T = new TTree(...)
    TFile *f = new TFile(...)
 you should do:
    TFile *f = new TFile(...)
    TTree *T = new TTree(...)


Error in <TBranchElement::WriteBasketImpl>: basket's WriteBuffer failed.
Error in <TBranchElement::TBranch::Fill>: Failed to write out basket.

Error in <TBranchElement::Fill>: Failed filling branch:jetPUids, nbytes=-1
Error in <TTree::Fill>: Failed filling branch:Tree.jetPUids, nbytes=-1, entry=24588
Error in <TBranchElement::WriteBasketImpl>: basket's WriteBuffer failed.
Error in <TBranchElement::TBranch::Fill>: Failed to write out basket.

Error in <TBranchElement::Fill>: Failed filling branch:hadFlavs, nbytes=-1
Error in <TTree::Fill>: Failed filling branch:Tree.hadFlavs, nbytes=-1, entry=24588
Error in <TBranchElement::WriteBasketImpl>: basket's WriteBuffer failed.
Error in <TBranchElement::TBranch::Fill>: Failed to write out basket.

Error in <TBranchElement::Fill>: Failed filling branch:bTagScore, nbytes=-1
Error in <TTree::Fill>: Failed filling branch:Tree.bTagScore, nbytes=-1, entry=25241
 This error is symptomatic of a Tree created as a memory-resident Tree
 Instead of doing:
    TTree *T = new TTree(...)
    TFile *f = new TFile(...)
 you should do:
    TFile *f = new TFile(...)
    TTree *T = new TTree(...)


Error in <TBranchElement::WriteBasketImpl>: basket's WriteBuffer failed.
Error in <TBranchElement::TBranch::Fill>: Failed to write out basket.

Error in <TBranchElement::Fill>: Failed filling branch:partonFlavs, nbytes=-1
Error in <TTree::Fill>: Failed filling branch:Tree.partonFlavs, nbytes=-1, entry=25241
 This error is symptomatic of a Tree created as a memory-resident Tree
 Instead of doing:
    TTree *T = new TTree(...)
    TFile *f = new TFile(...)
 you should do:
    TFile *f = new TFile(...)
    TTree *T = new TTree(...)


Error in <TBranchElement::WriteBasketImpl>: basket's WriteBuffer failed.
Error in <TBranchElement::TBranch::Fill>: Failed to write out basket.

Error in <TBranchElement::Fill>: Failed filling branch:jetPt, nbytes=-1
Error in <TTree::Fill>: Failed filling branch:Tree.jetPt, nbytes=-1, entry=25246
 This error is symptomatic of a Tree created as a memory-resident Tree
 Instead of doing:
    TTree *T = new TTree(...)
    TFile *f = new TFile(...)
 you should do:
    TFile *f = new TFile(...)
    TTree *T = new TTree(...)


Error in <TBranchElement::WriteBasketImpl>: basket's WriteBuffer failed.
Error in <TBranchElement::TBranch::Fill>: Failed to write out basket.

Error in <TBranchElement::Fill>: Failed filling branch:jetEta, nbytes=-1
Error in <TTree::Fill>: Failed filling branch:Tree.jetEta, nbytes=-1, entry=25246
 This error is symptomatic of a Tree created as a memory-resident Tree
 Instead of doing:
    TTree *T = new TTree(...)
    TFile *f = new TFile(...)
 you should do:
    TFile *f = new TFile(...)
    TTree *T = new TTree(...)


Error in <TBranchElement::WriteBasketImpl>: basket's WriteBuffer failed.
Error in <TBranchElement::TBranch::Fill>: Failed to write out basket.

Error in <TBranchElement::Fill>: Failed filling branch:jetPUids, nbytes=-1
Error in <TTree::Fill>: Failed filling branch:Tree.jetPUids, nbytes=-1, entry=25246
Error in <TBranchElement::WriteBasketImpl>: basket's WriteBuffer failed.
Error in <TBranchElement::TBranch::Fill>: Failed to write out basket.

Error in <TBranchElement::Fill>: Failed filling branch:hadFlavs, nbytes=-1
Error in <TTree::Fill>: Failed filling branch:Tree.hadFlavs, nbytes=-1, entry=25246
Error in <TBranchElement::WriteBasketImpl>: basket's WriteBuffer failed.
Error in <TBranchElement::TBranch::Fill>: Failed to write out basket.

Error in <TBranchElement::Fill>: Failed filling branch:bTagScore, nbytes=-1
Error in <TTree::Fill>: Failed filling branch:Tree.bTagScore, nbytes=-1, entry=25906
 This error is symptomatic of a Tree created as a memory-resident Tree
 Instead of doing:
    TTree *T = new TTree(...)
    TFile *f = new TFile(...)
 you should do:
    TFile *f = new TFile(...)
    TTree *T = new TTree(...)


Error in <TBranchElement::WriteBasketImpl>: basket's WriteBuffer failed.
Error in <TBranchElement::TBranch::Fill>: Failed to write out basket.

Error in <TBranchElement::Fill>: Failed filling branch:partonFlavs, nbytes=-1
Error in <TTree::Fill>: Failed filling branch:Tree.partonFlavs, nbytes=-1, entry=25906
 This error is symptomatic of a Tree created as a memory-resident Tree
 Instead of doing:
    TTree *T = new TTree(...)
    TFile *f = new TFile(...)
 you should do:
    TFile *f = new TFile(...)
    TTree *T = new TTree(...)


Error in <TBranchElement::WriteBasketImpl>: basket's WriteBuffer failed.
Error in <TBranchElement::TBranch::Fill>: Failed to write out basket.

Error in <TBranchElement::Fill>: Failed filling branch:jetPt, nbytes=-1
Error in <TTree::Fill>: Failed filling branch:Tree.jetPt, nbytes=-1, entry=25911
 This error is symptomatic of a Tree created as a memory-resident Tree
 Instead of doing:
    TTree *T = new TTree(...)
    TFile *f = new TFile(...)
 you should do:
    TFile *f = new TFile(...)
    TTree *T = new TTree(...)


Error in <TBranchElement::WriteBasketImpl>: basket's WriteBuffer failed.
Error in <TBranchElement::TBranch::Fill>: Failed to write out basket.

Error in <TBranchElement::Fill>: Failed filling branch:jetEta, nbytes=-1
Error in <TTree::Fill>: Failed filling branch:Tree.jetEta, nbytes=-1, entry=25911
 This error is symptomatic of a Tree created as a memory-resident Tree
 Instead of doing:
    TTree *T = new TTree(...)
    TFile *f = new TFile(...)
 you should do:
    TFile *f = new TFile(...)
    TTree *T = new TTree(...)


Error in <TBranchElement::WriteBasketImpl>: basket's WriteBuffer failed.
Error in <TBranchElement::TBranch::Fill>: Failed to write out basket.

Error in <TBranchElement::Fill>: Failed filling branch:jetPUids, nbytes=-1
Error in <TTree::Fill>: Failed filling branch:Tree.jetPUids, nbytes=-1, entry=25911
Error in <TBranchElement::WriteBasketImpl>: basket's WriteBuffer failed.
Error in <TBranchElement::TBranch::Fill>: Failed to write out basket.

Error in <TBranchElement::Fill>: Failed filling branch:hadFlavs, nbytes=-1
Error in <TTree::Fill>: Failed filling branch:Tree.hadFlavs, nbytes=-1, entry=25911
Error in <TBranchElement::WriteBasketImpl>: basket's WriteBuffer failed.
Error in <TBranchElement::TBranch::Fill>: Failed to write out basket.

Error in <TBranchElement::Fill>: Failed filling branch:bTagScore, nbytes=-1
Error in <TTree::Fill>: Failed filling branch:Tree.bTagScore, nbytes=-1, entry=26572
 This error is symptomatic of a Tree created as a memory-resident Tree
 Instead of doing:
    TTree *T = new TTree(...)
    TFile *f = new TFile(...)
 you should do:
    TFile *f = new TFile(...)
    TTree *T = new TTree(...)


Error in <TBranchElement::WriteBasketImpl>: basket's WriteBuffer failed.
Error in <TBranchElement::TBranch::Fill>: Failed to write out basket.

Error in <TBranchElement::Fill>: Failed filling branch:partonFlavs, nbytes=-1
Error in <TTree::Fill>: Failed filling branch:Tree.partonFlavs, nbytes=-1, entry=26572
 This error is symptomatic of a Tree created as a memory-resident Tree
 Instead of doing:
    TTree *T = new TTree(...)
    TFile *f = new TFile(...)
 you should do:
    TFile *f = new TFile(...)
    TTree *T = new TTree(...)


Error in <TBranchElement::WriteBasketImpl>: basket's WriteBuffer failed.
Error in <TBranchElement::TBranch::Fill>: Failed to write out basket.

Error in <TBranchElement::Fill>: Failed filling branch:jetPt, nbytes=-1
Error in <TTree::Fill>: Failed filling branch:Tree.jetPt, nbytes=-1, entry=26577
 This error is symptomatic of a Tree created as a memory-resident Tree
 Instead of doing:
    TTree *T = new TTree(...)
    TFile *f = new TFile(...)
 you should do:
    TFile *f = new TFile(...)
    TTree *T = new TTree(...)


Error in <TBranchElement::WriteBasketImpl>: basket's WriteBuffer failed.
Error in <TBranchElement::TBranch::Fill>: Failed to write out basket.

Error in <TBranchElement::Fill>: Failed filling branch:jetEta, nbytes=-1
Error in <TTree::Fill>: Failed filling branch:Tree.jetEta, nbytes=-1, entry=26577
 This error is symptomatic of a Tree created as a memory-resident Tree
 Instead of doing:
    TTree *T = new TTree(...)
    TFile *f = new TFile(...)
 you should do:
    TFile *f = new TFile(...)
    TTree *T = new TTree(...)


Error in <TBranchElement::WriteBasketImpl>: basket's WriteBuffer failed.
Error in <TBranchElement::TBranch::Fill>: Failed to write out basket.

Error in <TBranchElement::Fill>: Failed filling branch:jetPUids, nbytes=-1
Error in <TTree::Fill>: Failed filling branch:Tree.jetPUids, nbytes=-1, entry=26577
Error in <TBranchElement::WriteBasketImpl>: basket's WriteBuffer failed.
Error in <TBranchElement::TBranch::Fill>: Failed to write out basket.

Error in <TBranchElement::Fill>: Failed filling branch:hadFlavs, nbytes=-1
Error in <TTree::Fill>: Failed filling branch:Tree.hadFlavs, nbytes=-1, entry=26577
Error in <TBranchElement::WriteBasketImpl>: basket's WriteBuffer failed.
Error in <TBranchElement::TBranch::Fill>: Failed to write out basket.

Error in <TBranchElement::Fill>: Failed filling branch:bTagScore, nbytes=-1
Error in <TTree::Fill>: Failed filling branch:Tree.bTagScore, nbytes=-1, entry=27238
 This error is symptomatic of a Tree created as a memory-resident Tree
 Instead of doing:
    TTree *T = new TTree(...)
    TFile *f = new TFile(...)
 you should do:
    TFile *f = new TFile(...)
    TTree *T = new TTree(...)


Error in <TBranchElement::WriteBasketImpl>: basket's WriteBuffer failed.
Error in <TBranchElement::TBranch::Fill>: Failed to write out basket.

Error in <TBranchElement::Fill>: Failed filling branch:partonFlavs, nbytes=-1
Error in <TTree::Fill>: Failed filling branch:Tree.partonFlavs, nbytes=-1, entry=27238
 This error is symptomatic of a Tree created as a memory-resident Tree
 Instead of doing:
    TTree *T = new TTree(...)
    TFile *f = new TFile(...)
 you should do:
    TFile *f = new TFile(...)
    TTree *T = new TTree(...)


Error in <TBranchElement::WriteBasketImpl>: basket's WriteBuffer failed.
Error in <TBranchElement::TBranch::Fill>: Failed to write out basket.

Error in <TBranchElement::Fill>: Failed filling branch:jetPt, nbytes=-1
Error in <TTree::Fill>: Failed filling branch:Tree.jetPt, nbytes=-1, entry=27243
 This error is symptomatic of a Tree created as a memory-resident Tree
 Instead of doing:
    TTree *T = new TTree(...)
    TFile *f = new TFile(...)
 you should do:
    TFile *f = new TFile(...)
    TTree *T = new TTree(...)


Error in <TBranchElement::WriteBasketImpl>: basket's WriteBuffer failed.
Error in <TBranchElement::TBranch::Fill>: Failed to write out basket.

Error in <TBranchElement::Fill>: Failed filling branch:jetEta, nbytes=-1
Error in <TTree::Fill>: Failed filling branch:Tree.jetEta, nbytes=-1, entry=27243
 This error is symptomatic of a Tree created as a memory-resident Tree
 Instead of doing:
    TTree *T = new TTree(...)
    TFile *f = new TFile(...)
 you should do:
    TFile *f = new TFile(...)
    TTree *T = new TTree(...)


Error in <TBranchElement::WriteBasketImpl>: basket's WriteBuffer failed.
Error in <TBranchElement::TBranch::Fill>: Failed to write out basket.

Error in <TBranchElement::Fill>: Failed filling branch:jetPUids, nbytes=-1
Error in <TTree::Fill>: Failed filling branch:Tree.jetPUids, nbytes=-1, entry=27243
Error in <TBranchElement::WriteBasketImpl>: basket's WriteBuffer failed.
Error in <TBranchElement::TBranch::Fill>: Failed to write out basket.

Error in <TBranchElement::Fill>: Failed filling branch:hadFlavs, nbytes=-1
Error in <TTree::Fill>: Failed filling branch:Tree.hadFlavs, nbytes=-1, entry=27243
Error in <TBranchElement::WriteBasketImpl>: basket's WriteBuffer failed.
Error in <TBranchElement::TBranch::Fill>: Failed to write out basket.

Error in <TBranchElement::Fill>: Failed filling branch:bTagScore, nbytes=-1
Error in <TTree::Fill>: Failed filling branch:Tree.bTagScore, nbytes=-1, entry=27902
 This error is symptomatic of a Tree created as a memory-resident Tree
 Instead of doing:
    TTree *T = new TTree(...)
    TFile *f = new TFile(...)
 you should do:
    TFile *f = new TFile(...)
    TTree *T = new TTree(...)


Error in <TBranchElement::WriteBasketImpl>: basket's WriteBuffer failed.
Error in <TBranchElement::TBranch::Fill>: Failed to write out basket.

Error in <TBranchElement::Fill>: Failed filling branch:partonFlavs, nbytes=-1
Error in <TTree::Fill>: Failed filling branch:Tree.partonFlavs, nbytes=-1, entry=27902
 This error is symptomatic of a Tree created as a memory-resident Tree
 Instead of doing:
    TTree *T = new TTree(...)
    TFile *f = new TFile(...)
 you should do:
    TFile *f = new TFile(...)
    TTree *T = new TTree(...)


Error in <TBranchElement::WriteBasketImpl>: basket's WriteBuffer failed.
Error in <TBranchElement::TBranch::Fill>: Failed to write out basket.

Error in <TBranchElement::Fill>: Failed filling branch:jetPUids, nbytes=-1
Error in <TTree::Fill>: Failed filling branch:Tree.jetPUids, nbytes=-1, entry=27907
 This error is symptomatic of a Tree created as a memory-resident Tree
 Instead of doing:
    TTree *T = new TTree(...)
    TFile *f = new TFile(...)
 you should do:
    TFile *f = new TFile(...)
    TTree *T = new TTree(...)


Error in <TBranchElement::WriteBasketImpl>: basket's WriteBuffer failed.
Error in <TBranchElement::TBranch::Fill>: Failed to write out basket.

Error in <TBranchElement::Fill>: Failed filling branch:hadFlavs, nbytes=-1
Error in <TTree::Fill>: Failed filling branch:Tree.hadFlavs, nbytes=-1, entry=27907
 This error is symptomatic of a Tree created as a memory-resident Tree
 Instead of doing:
    TTree *T = new TTree(...)
    TFile *f = new TFile(...)
 you should do:
    TFile *f = new TFile(...)
    TTree *T = new TTree(...)


Error in <TBranchElement::WriteBasketImpl>: basket's WriteBuffer failed.
Error in <TBranchElement::TBranch::Fill>: Failed to write out basket.

Error in <TBranchElement::Fill>: Failed filling branch:jetPt, nbytes=-1
Error in <TTree::Fill>: Failed filling branch:Tree.jetPt, nbytes=-1, entry=27908
 This error is symptomatic of a Tree created as a memory-resident Tree
 Instead of doing:
    TTree *T = new TTree(...)
    TFile *f = new TFile(...)
 you should do:
    TFile *f = new TFile(...)
    TTree *T = new TTree(...)


Error in <TBranchElement::WriteBasketImpl>: basket's WriteBuffer failed.
Error in <TBranchElement::TBranch::Fill>: Failed to write out basket.

Error in <TBranchElement::Fill>: Failed filling branch:jetEta, nbytes=-1
Error in <TTree::Fill>: Failed filling branch:Tree.jetEta, nbytes=-1, entry=27908
 This error is symptomatic of a Tree created as a memory-resident Tree
 Instead of doing:
    TTree *T = new TTree(...)
    TFile *f = new TFile(...)
 you should do:
    TFile *f = new TFile(...)
    TTree *T = new TTree(...)


Error in <TBranchElement::WriteBasketImpl>: basket's WriteBuffer failed.
Error in <TBranchElement::TBranch::Fill>: Failed to write out basket.

Error in <TBranchElement::Fill>: Failed filling branch:bTagScore, nbytes=-1
Error in <TTree::Fill>: Failed filling branch:Tree.bTagScore, nbytes=-1, entry=28568
 This error is symptomatic of a Tree created as a memory-resident Tree
 Instead of doing:
    TTree *T = new TTree(...)
    TFile *f = new TFile(...)
 you should do:
    TFile *f = new TFile(...)
    TTree *T = new TTree(...)


Error in <TBranchElement::WriteBasketImpl>: basket's WriteBuffer failed.
Error in <TBranchElement::TBranch::Fill>: Failed to write out basket.

Error in <TBranchElement::Fill>: Failed filling branch:partonFlavs, nbytes=-1
Error in <TTree::Fill>: Failed filling branch:Tree.partonFlavs, nbytes=-1, entry=28568
 This error is symptomatic of a Tree created as a memory-resident Tree
 Instead of doing:
    TTree *T = new TTree(...)
    TFile *f = new TFile(...)
 you should do:
    TFile *f = new TFile(...)
    TTree *T = new TTree(...)


Error in <TBranchElement::WriteBasketImpl>: basket's WriteBuffer failed.
Error in <TBranchElement::TBranch::Fill>: Failed to write out basket.

Error in <TBranchElement::Fill>: Failed filling branch:jetPUids, nbytes=-1
Error in <TTree::Fill>: Failed filling branch:Tree.jetPUids, nbytes=-1, entry=28573
 This error is symptomatic of a Tree created as a memory-resident Tree
 Instead of doing:
    TTree *T = new TTree(...)
    TFile *f = new TFile(...)
 you should do:
    TFile *f = new TFile(...)
    TTree *T = new TTree(...)


Error in <TBranchElement::WriteBasketImpl>: basket's WriteBuffer failed.
Error in <TBranchElement::TBranch::Fill>: Failed to write out basket.

Error in <TBranchElement::Fill>: Failed filling branch:hadFlavs, nbytes=-1
Error in <TTree::Fill>: Failed filling branch:Tree.hadFlavs, nbytes=-1, entry=28573
 This error is symptomatic of a Tree created as a memory-resident Tree
 Instead of doing:
    TTree *T = new TTree(...)
    TFile *f = new TFile(...)
 you should do:
    TFile *f = new TFile(...)
    TTree *T = new TTree(...)


Error in <TBranchElement::WriteBasketImpl>: basket's WriteBuffer failed.
Error in <TBranchElement::TBranch::Fill>: Failed to write out basket.

Error in <TBranchElement::Fill>: Failed filling branch:jetPt, nbytes=-1
Error in <TTree::Fill>: Failed filling branch:Tree.jetPt, nbytes=-1, entry=28575
 This error is symptomatic of a Tree created as a memory-resident Tree
 Instead of doing:
    TTree *T = new TTree(...)
    TFile *f = new TFile(...)
 you should do:
    TFile *f = new TFile(...)
    TTree *T = new TTree(...)


Error in <TBranchElement::WriteBasketImpl>: basket's WriteBuffer failed.
Error in <TBranchElement::TBranch::Fill>: Failed to write out basket.

Error in <TBranchElement::Fill>: Failed filling branch:jetEta, nbytes=-1
Error in <TTree::Fill>: Failed filling branch:Tree.jetEta, nbytes=-1, entry=28575
 This error is symptomatic of a Tree created as a memory-resident Tree
 Instead of doing:
    TTree *T = new TTree(...)
    TFile *f = new TFile(...)
 you should do:
    TFile *f = new TFile(...)
    TTree *T = new TTree(...)


Error in <TBranchElement::WriteBasketImpl>: basket's WriteBuffer failed.
Error in <TBranchElement::TBranch::Fill>: Failed to write out basket.

Error in <TBranchElement::Fill>: Failed filling branch:bTagScore, nbytes=-1
Error in <TTree::Fill>: Failed filling branch:Tree.bTagScore, nbytes=-1, entry=29234
 This error is symptomatic of a Tree created as a memory-resident Tree
 Instead of doing:
    TTree *T = new TTree(...)
    TFile *f = new TFile(...)
 you should do:
    TFile *f = new TFile(...)
    TTree *T = new TTree(...)


Error in <TBranchElement::WriteBasketImpl>: basket's WriteBuffer failed.
Error in <TBranchElement::TBranch::Fill>: Failed to write out basket.

Error in <TBranchElement::Fill>: Failed filling branch:partonFlavs, nbytes=-1
Error in <TTree::Fill>: Failed filling branch:Tree.partonFlavs, nbytes=-1, entry=29234
 This error is symptomatic of a Tree created as a memory-resident Tree
 Instead of doing:
    TTree *T = new TTree(...)
    TFile *f = new TFile(...)
 you should do:
    TFile *f = new TFile(...)
    TTree *T = new TTree(...)


Error in <TBranchElement::WriteBasketImpl>: basket's WriteBuffer failed.
Error in <TBranchElement::TBranch::Fill>: Failed to write out basket.

Error in <TBranchElement::Fill>: Failed filling branch:jetPUids, nbytes=-1
Error in <TTree::Fill>: Failed filling branch:Tree.jetPUids, nbytes=-1, entry=29239
 This error is symptomatic of a Tree created as a memory-resident Tree
 Instead of doing:
    TTree *T = new TTree(...)
    TFile *f = new TFile(...)
 you should do:
    TFile *f = new TFile(...)
    TTree *T = new TTree(...)


Error in <TBranchElement::WriteBasketImpl>: basket's WriteBuffer failed.
Error in <TBranchElement::TBranch::Fill>: Failed to write out basket.

Error in <TBranchElement::Fill>: Failed filling branch:hadFlavs, nbytes=-1
Error in <TTree::Fill>: Failed filling branch:Tree.hadFlavs, nbytes=-1, entry=29239
 This error is symptomatic of a Tree created as a memory-resident Tree
 Instead of doing:
    TTree *T = new TTree(...)
    TFile *f = new TFile(...)
 you should do:
    TFile *f = new TFile(...)
    TTree *T = new TTree(...)


Error in <TBranchElement::WriteBasketImpl>: basket's WriteBuffer failed.
Error in <TBranchElement::TBranch::Fill>: Failed to write out basket.

Error in <TBranchElement::Fill>: Failed filling branch:jetPt, nbytes=-1
Error in <TTree::Fill>: Failed filling branch:Tree.jetPt, nbytes=-1, entry=29241
 This error is symptomatic of a Tree created as a memory-resident Tree
 Instead of doing:
    TTree *T = new TTree(...)
    TFile *f = new TFile(...)
 you should do:
    TFile *f = new TFile(...)
    TTree *T = new TTree(...)


Error in <TBranchElement::WriteBasketImpl>: basket's WriteBuffer failed.
Error in <TBranchElement::TBranch::Fill>: Failed to write out basket.

Error in <TBranchElement::Fill>: Failed filling branch:jetEta, nbytes=-1
Error in <TTree::Fill>: Failed filling branch:Tree.jetEta, nbytes=-1, entry=29241
 This error is symptomatic of a Tree created as a memory-resident Tree
 Instead of doing:
    TTree *T = new TTree(...)
    TFile *f = new TFile(...)
 you should do:
    TFile *f = new TFile(...)
    TTree *T = new TTree(...)


Error in <TBranchElement::WriteBasketImpl>: basket's WriteBuffer failed.
Error in <TBranchElement::TBranch::Fill>: Failed to write out basket.

Error in <TBranchElement::Fill>: Failed filling branch:bTagScore, nbytes=-1
Error in <TTree::Fill>: Failed filling branch:Tree.bTagScore, nbytes=-1, entry=29897
 This error is symptomatic of a Tree created as a memory-resident Tree
 Instead of doing:
    TTree *T = new TTree(...)
    TFile *f = new TFile(...)
 you should do:
    TFile *f = new TFile(...)
    TTree *T = new TTree(...)


Error in <TBranchElement::WriteBasketImpl>: basket's WriteBuffer failed.
Error in <TBranchElement::TBranch::Fill>: Failed to write out basket.

Error in <TBranchElement::Fill>: Failed filling branch:partonFlavs, nbytes=-1
Error in <TTree::Fill>: Failed filling branch:Tree.partonFlavs, nbytes=-1, entry=29897
 This error is symptomatic of a Tree created as a memory-resident Tree
 Instead of doing:
    TTree *T = new TTree(...)
    TFile *f = new TFile(...)
 you should do:
    TFile *f = new TFile(...)
    TTree *T = new TTree(...)


Error in <TBranchElement::WriteBasketImpl>: basket's WriteBuffer failed.
Error in <TBranchElement::TBranch::Fill>: Failed to write out basket.

Error in <TBranchElement::Fill>: Failed filling branch:jetPUids, nbytes=-1
Error in <TTree::Fill>: Failed filling branch:Tree.jetPUids, nbytes=-1, entry=29902
 This error is symptomatic of a Tree created as a memory-resident Tree
 Instead of doing:
    TTree *T = new TTree(...)
    TFile *f = new TFile(...)
 you should do:
    TFile *f = new TFile(...)
    TTree *T = new TTree(...)


Error in <TBranchElement::WriteBasketImpl>: basket's WriteBuffer failed.
Error in <TBranchElement::TBranch::Fill>: Failed to write out basket.

Error in <TBranchElement::Fill>: Failed filling branch:hadFlavs, nbytes=-1
Error in <TTree::Fill>: Failed filling branch:Tree.hadFlavs, nbytes=-1, entry=29902
 This error is symptomatic of a Tree created as a memory-resident Tree
 Instead of doing:
    TTree *T = new TTree(...)
    TFile *f = new TFile(...)
 you should do:
    TFile *f = new TFile(...)
    TTree *T = new TTree(...)


Error in <TBranchElement::WriteBasketImpl>: basket's WriteBuffer failed.
Error in <TBranchElement::TBranch::Fill>: Failed to write out basket.

Error in <TBranchElement::Fill>: Failed filling branch:jetPt, nbytes=-1
Error in <TTree::Fill>: Failed filling branch:Tree.jetPt, nbytes=-1, entry=29905
 This error is symptomatic of a Tree created as a memory-resident Tree
 Instead of doing:
    TTree *T = new TTree(...)
    TFile *f = new TFile(...)
 you should do:
    TFile *f = new TFile(...)
    TTree *T = new TTree(...)


Error in <TBranchElement::WriteBasketImpl>: basket's WriteBuffer failed.
Error in <TBranchElement::TBranch::Fill>: Failed to write out basket.

Error in <TBranchElement::Fill>: Failed filling branch:jetEta, nbytes=-1
Error in <TTree::Fill>: Failed filling branch:Tree.jetEta, nbytes=-1, entry=29905
 This error is symptomatic of a Tree created as a memory-resident Tree
 Instead of doing:
    TTree *T = new TTree(...)
    TFile *f = new TFile(...)
 you should do:
    TFile *f = new TFile(...)
    TTree *T = new TTree(...)


Error in <TBranchElement::WriteBasketImpl>: basket's WriteBuffer failed.
Error in <TBranchElement::TBranch::Fill>: Failed to write out basket.

Error in <TBranchElement::Fill>: Failed filling branch:bTagScore, nbytes=-1
Error in <TTree::Fill>: Failed filling branch:Tree.bTagScore, nbytes=-1, entry=30564
 This error is symptomatic of a Tree created as a memory-resident Tree
 Instead of doing:
    TTree *T = new TTree(...)
    TFile *f = new TFile(...)
 you should do:
    TFile *f = new TFile(...)
    TTree *T = new TTree(...)


Error in <TBranchElement::WriteBasketImpl>: basket's WriteBuffer failed.
Error in <TBranchElement::TBranch::Fill>: Failed to write out basket.

Error in <TBranchElement::Fill>: Failed filling branch:partonFlavs, nbytes=-1
Error in <TTree::Fill>: Failed filling branch:Tree.partonFlavs, nbytes=-1, entry=30564
 This error is symptomatic of a Tree created as a memory-resident Tree
 Instead of doing:
    TTree *T = new TTree(...)
    TFile *f = new TFile(...)
 you should do:
    TFile *f = new TFile(...)
    TTree *T = new TTree(...)


Error in <TBranchElement::WriteBasketImpl>: basket's WriteBuffer failed.
Error in <TBranchElement::TBranch::Fill>: Failed to write out basket.

Error in <TBranchElement::Fill>: Failed filling branch:jetPUids, nbytes=-1
Error in <TTree::Fill>: Failed filling branch:Tree.jetPUids, nbytes=-1, entry=30569
 This error is symptomatic of a Tree created as a memory-resident Tree
 Instead of doing:
    TTree *T = new TTree(...)
    TFile *f = new TFile(...)
 you should do:
    TFile *f = new TFile(...)
    TTree *T = new TTree(...)


Error in <TBranchElement::WriteBasketImpl>: basket's WriteBuffer failed.
Error in <TBranchElement::TBranch::Fill>: Failed to write out basket.

Error in <TBranchElement::Fill>: Failed filling branch:hadFlavs, nbytes=-1
Error in <TTree::Fill>: Failed filling branch:Tree.hadFlavs, nbytes=-1, entry=30569
 This error is symptomatic of a Tree created as a memory-resident Tree
 Instead of doing:
    TTree *T = new TTree(...)
    TFile *f = new TFile(...)
 you should do:
    TFile *f = new TFile(...)
    TTree *T = new TTree(...)


Error in <TBranchElement::WriteBasketImpl>: basket's WriteBuffer failed.
Error in <TBranchElement::TBranch::Fill>: Failed to write out basket.

Error in <TBranchElement::Fill>: Failed filling branch:jetPt, nbytes=-1
Error in <TTree::Fill>: Failed filling branch:Tree.jetPt, nbytes=-1, entry=30572
 This error is symptomatic of a Tree created as a memory-resident Tree
 Instead of doing:
    TTree *T = new TTree(...)
    TFile *f = new TFile(...)
 you should do:
    TFile *f = new TFile(...)
    TTree *T = new TTree(...)


Error in <TBranchElement::WriteBasketImpl>: basket's WriteBuffer failed.
Error in <TBranchElement::TBranch::Fill>: Failed to write out basket.

Error in <TBranchElement::Fill>: Failed filling branch:jetEta, nbytes=-1
Error in <TTree::Fill>: Failed filling branch:Tree.jetEta, nbytes=-1, entry=30572
 This error is symptomatic of a Tree created as a memory-resident Tree
 Instead of doing:
    TTree *T = new TTree(...)
    TFile *f = new TFile(...)
 you should do:
    TFile *f = new TFile(...)
    TTree *T = new TTree(...)


Error in <TBranchElement::WriteBasketImpl>: basket's WriteBuffer failed.
Error in <TBranchElement::TBranch::Fill>: Failed to write out basket.

Error in <TBranchElement::Fill>: Failed filling branch:bTagScore, nbytes=-1
Error in <TTree::Fill>: Failed filling branch:Tree.bTagScore, nbytes=-1, entry=31229
 This error is symptomatic of a Tree created as a memory-resident Tree
 Instead of doing:
    TTree *T = new TTree(...)
    TFile *f = new TFile(...)
 you should do:
    TFile *f = new TFile(...)
    TTree *T = new TTree(...)


Error in <TBranchElement::WriteBasketImpl>: basket's WriteBuffer failed.
Error in <TBranchElement::TBranch::Fill>: Failed to write out basket.

Error in <TBranchElement::Fill>: Failed filling branch:partonFlavs, nbytes=-1
Error in <TTree::Fill>: Failed filling branch:Tree.partonFlavs, nbytes=-1, entry=31229
 This error is symptomatic of a Tree created as a memory-resident Tree
 Instead of doing:
    TTree *T = new TTree(...)
    TFile *f = new TFile(...)
 you should do:
    TFile *f = new TFile(...)
    TTree *T = new TTree(...)


Error in <TBranchElement::WriteBasketImpl>: basket's WriteBuffer failed.
Error in <TBranchElement::TBranch::Fill>: Failed to write out basket.

Error in <TBranchElement::Fill>: Failed filling branch:jetPUids, nbytes=-1
Error in <TTree::Fill>: Failed filling branch:Tree.jetPUids, nbytes=-1, entry=31234
 This error is symptomatic of a Tree created as a memory-resident Tree
 Instead of doing:
    TTree *T = new TTree(...)
    TFile *f = new TFile(...)
 you should do:
    TFile *f = new TFile(...)
    TTree *T = new TTree(...)


Error in <TBranchElement::WriteBasketImpl>: basket's WriteBuffer failed.
Error in <TBranchElement::TBranch::Fill>: Failed to write out basket.

Error in <TBranchElement::Fill>: Failed filling branch:hadFlavs, nbytes=-1
Error in <TTree::Fill>: Failed filling branch:Tree.hadFlavs, nbytes=-1, entry=31234
 This error is symptomatic of a Tree created as a memory-resident Tree
 Instead of doing:
    TTree *T = new TTree(...)
    TFile *f = new TFile(...)
 you should do:
    TFile *f = new TFile(...)
    TTree *T = new TTree(...)


Error in <TBranchElement::WriteBasketImpl>: basket's WriteBuffer failed.
Error in <TBranchElement::TBranch::Fill>: Failed to write out basket.

Error in <TBranchElement::Fill>: Failed filling branch:jetPt, nbytes=-1
Error in <TTree::Fill>: Failed filling branch:Tree.jetPt, nbytes=-1, entry=31237
 This error is symptomatic of a Tree created as a memory-resident Tree
 Instead of doing:
    TTree *T = new TTree(...)
    TFile *f = new TFile(...)
 you should do:
    TFile *f = new TFile(...)
    TTree *T = new TTree(...)


Error in <TBranchElement::WriteBasketImpl>: basket's WriteBuffer failed.
Error in <TBranchElement::TBranch::Fill>: Failed to write out basket.

Error in <TBranchElement::Fill>: Failed filling branch:jetEta, nbytes=-1
Error in <TTree::Fill>: Failed filling branch:Tree.jetEta, nbytes=-1, entry=31237
 This error is symptomatic of a Tree created as a memory-resident Tree
 Instead of doing:
    TTree *T = new TTree(...)
    TFile *f = new TFile(...)
 you should do:
    TFile *f = new TFile(...)
    TTree *T = new TTree(...)


Error in <TBranchElement::WriteBasketImpl>: basket's WriteBuffer failed.
Error in <TBranchElement::TBranch::Fill>: Failed to write out basket.

Error in <TBranchElement::Fill>: Failed filling branch:bTagScore, nbytes=-1
Error in <TTree::Fill>: Failed filling branch:Tree.bTagScore, nbytes=-1, entry=31893
 This error is symptomatic of a Tree created as a memory-resident Tree
 Instead of doing:
    TTree *T = new TTree(...)
    TFile *f = new TFile(...)
 you should do:
    TFile *f = new TFile(...)
    TTree *T = new TTree(...)


Error in <TBranchElement::WriteBasketImpl>: basket's WriteBuffer failed.
Error in <TBranchElement::TBranch::Fill>: Failed to write out basket.

Error in <TBranchElement::Fill>: Failed filling branch:partonFlavs, nbytes=-1
Error in <TTree::Fill>: Failed filling branch:Tree.partonFlavs, nbytes=-1, entry=31893
 This error is symptomatic of a Tree created as a memory-resident Tree
 Instead of doing:
    TTree *T = new TTree(...)
    TFile *f = new TFile(...)
 you should do:
    TFile *f = new TFile(...)
    TTree *T = new TTree(...)


Error in <TBranchElement::WriteBasketImpl>: basket's WriteBuffer failed.
Error in <TBranchElement::TBranch::Fill>: Failed to write out basket.

Error in <TBranchElement::Fill>: Failed filling branch:jetPUids, nbytes=-1
Error in <TTree::Fill>: Failed filling branch:Tree.jetPUids, nbytes=-1, entry=31897
 This error is symptomatic of a Tree created as a memory-resident Tree
 Instead of doing:
    TTree *T = new TTree(...)
    TFile *f = new TFile(...)
 you should do:
    TFile *f = new TFile(...)
    TTree *T = new TTree(...)


Error in <TBranchElement::WriteBasketImpl>: basket's WriteBuffer failed.
Error in <TBranchElement::TBranch::Fill>: Failed to write out basket.

Error in <TBranchElement::Fill>: Failed filling branch:hadFlavs, nbytes=-1
Error in <TTree::Fill>: Failed filling branch:Tree.hadFlavs, nbytes=-1, entry=31897
 This error is symptomatic of a Tree created as a memory-resident Tree
 Instead of doing:
    TTree *T = new TTree(...)
    TFile *f = new TFile(...)
 you should do:
    TFile *f = new TFile(...)
    TTree *T = new TTree(...)


Error in <TBranchElement::WriteBasketImpl>: basket's WriteBuffer failed.
Error in <TBranchElement::TBranch::Fill>: Failed to write out basket.

Error in <TBranchElement::Fill>: Failed filling branch:jetPt, nbytes=-1
Error in <TTree::Fill>: Failed filling branch:Tree.jetPt, nbytes=-1, entry=31900
 This error is symptomatic of a Tree created as a memory-resident Tree
 Instead of doing:
    TTree *T = new TTree(...)
    TFile *f = new TFile(...)
 you should do:
    TFile *f = new TFile(...)
    TTree *T = new TTree(...)


Error in <TBranchElement::WriteBasketImpl>: basket's WriteBuffer failed.
Error in <TBranchElement::TBranch::Fill>: Failed to write out basket.

Error in <TBranchElement::Fill>: Failed filling branch:jetEta, nbytes=-1
Error in <TTree::Fill>: Failed filling branch:Tree.jetEta, nbytes=-1, entry=31900
 This error is symptomatic of a Tree created as a memory-resident Tree
 Instead of doing:
    TTree *T = new TTree(...)
    TFile *f = new TFile(...)
 you should do:
    TFile *f = new TFile(...)
    TTree *T = new TTree(...)


Error in <TBranch::WriteBasketImpl>: basket's WriteBuffer failed.
Error in <TBranch::TBranch::Fill>: Failed to write out basket.

Error in <TTree::Fill>: Failed filling branch:Tree.passTrigger_HLT_PFHT1050, nbytes=-1, entry=31908
 This error is symptomatic of a Tree created as a memory-resident Tree
 Instead of doing:
    TTree *T = new TTree(...)
    TFile *f = new TFile(...)
 you should do:
    TFile *f = new TFile(...)
    TTree *T = new TTree(...)


Error in <TBranch::WriteBasketImpl>: basket's WriteBuffer failed.
Error in <TBranch::TBranch::Fill>: Failed to write out basket.

Error in <TTree::Fill>: Failed filling branch:Tree.passTrigger_HLT_IsoMu27, nbytes=-1, entry=31909
 This error is symptomatic of a Tree created as a memory-resident Tree
 Instead of doing:
    TTree *T = new TTree(...)
    TFile *f = new TFile(...)
 you should do:
    TFile *f = new TFile(...)
    TTree *T = new TTree(...)


Error in <TBranch::WriteBasketImpl>: basket's WriteBuffer failed.
Error in <TBranch::TBranch::Fill>: Failed to write out basket.

Error in <TTree::Fill>: Failed filling branch:Tree.passTrigger_6J1T_CDEF, nbytes=-1, entry=31911
 This error is symptomatic of a Tree created as a memory-resident Tree
 Instead of doing:
    TTree *T = new TTree(...)
    TFile *f = new TFile(...)
 you should do:
    TFile *f = new TFile(...)
    TTree *T = new TTree(...)


Error in <TBranch::WriteBasketImpl>: basket's WriteBuffer failed.
Error in <TBranch::TBranch::Fill>: Failed to write out basket.

Error in <TTree::Fill>: Failed filling branch:Tree.passTrigger_6J2T_CDEF, nbytes=-1, entry=31911
 This error is symptomatic of a Tree created as a memory-resident Tree
 Instead of doing:
    TTree *T = new TTree(...)
    TFile *f = new TFile(...)
 you should do:
    TFile *f = new TFile(...)
    TTree *T = new TTree(...)


Error in <TBranch::WriteBasketImpl>: basket's WriteBuffer failed.
Error in <TBranch::TBranch::Fill>: Failed to write out basket.

Error in <TTree::Fill>: Failed filling branch:Tree.passTrigger_4J3T_CDEF, nbytes=-1, entry=31911
Error in <TBranch::WriteBasketImpl>: basket's WriteBuffer failed.
Error in <TBranch::TBranch::Fill>: Failed to write out basket.

Error in <TTree::Fill>: Failed filling branch:Tree.L1PrefiringWeight, nbytes=-1, entry=31912
 This error is symptomatic of a Tree created as a memory-resident Tree
 Instead of doing:
    TTree *T = new TTree(...)
    TFile *f = new TFile(...)
 you should do:
    TFile *f = new TFile(...)
    TTree *T = new TTree(...)


Error in <TBranch::WriteBasketImpl>: basket's WriteBuffer failed.
Error in <TBranch::TBranch::Fill>: Failed to write out basket.

Error in <TTree::Fill>: Failed filling branch:Tree.passTrigger_6J1T_B, nbytes=-1, entry=31914
 This error is symptomatic of a Tree created as a memory-resident Tree
 Instead of doing:
    TTree *T = new TTree(...)
    TFile *f = new TFile(...)
 you should do:
    TFile *f = new TFile(...)
    TTree *T = new TTree(...)


Error in <TBranch::WriteBasketImpl>: basket's WriteBuffer failed.
Error in <TBranch::TBranch::Fill>: Failed to write out basket.

Error in <TTree::Fill>: Failed filling branch:Tree.passTrigger_6J2T_B, nbytes=-1, entry=31914
 This error is symptomatic of a Tree created as a memory-resident Tree
 Instead of doing:
    TTree *T = new TTree(...)
    TFile *f = new TFile(...)
 you should do:
    TFile *f = new TFile(...)
    TTree *T = new TTree(...)


Error in <TBranch::WriteBasketImpl>: basket's WriteBuffer failed.
Error in <TBranch::TBranch::Fill>: Failed to write out basket.

Error in <TTree::Fill>: Failed filling branch:Tree.passTrigger_4J3T_B, nbytes=-1, entry=31914
Error in <TBranch::WriteBasketImpl>: basket's WriteBuffer failed.
Error in <TBranch::TBranch::Fill>: Failed to write out basket.

Error in <TTree::Fill>: Failed filling branch:Tree.failGoldenJson, nbytes=-1, entry=31918
 This error is symptomatic of a Tree created as a memory-resident Tree
 Instead of doing:
    TTree *T = new TTree(...)
    TFile *f = new TFile(...)
 you should do:
    TFile *f = new TFile(...)
    TTree *T = new TTree(...)


Error in <TBranch::WriteBasketImpl>: basket's WriteBuffer failed.
Error in <TBranch::TBranch::Fill>: Failed to write out basket.

Error in <TTree::Fill>: Failed filling branch:Tree.passMETFilters, nbytes=-1, entry=31918
 This error is symptomatic of a Tree created as a memory-resident Tree
 Instead of doing:
    TTree *T = new TTree(...)
    TFile *f = new TFile(...)
 you should do:
    TFile *f = new TFile(...)
    TTree *T = new TTree(...)


Error in <TBranch::WriteBasketImpl>: basket's WriteBuffer failed.
Error in <TBranch::TBranch::Fill>: Failed to write out basket.

Error in <TTree::Fill>: Failed filling branch:Tree.eventNumber, nbytes=-1, entry=31920
 This error is symptomatic of a Tree created as a memory-resident Tree
 Instead of doing:
    TTree *T = new TTree(...)
    TFile *f = new TFile(...)
 you should do:
    TFile *f = new TFile(...)
    TTree *T = new TTree(...)


Error in <TBranch::WriteBasketImpl>: basket's WriteBuffer failed.
Error in <TBranch::TBranch::Fill>: Failed to write out basket.

Error in <TTree::Fill>: Failed filling branch:Tree.runNumber, nbytes=-1, entry=31920
 This error is symptomatic of a Tree created as a memory-resident Tree
 Instead of doing:
    TTree *T = new TTree(...)
    TFile *f = new TFile(...)
 you should do:
    TFile *f = new TFile(...)
    TTree *T = new TTree(...)


Error in <TBranch::WriteBasketImpl>: basket's WriteBuffer failed.
Error in <TBranch::TBranch::Fill>: Failed to write out basket.

Error in <TTree::Fill>: Failed filling branch:Tree.SampleWeight, nbytes=-1, entry=31920
Error in <TBranch::WriteBasketImpl>: basket's WriteBuffer failed.
Error in <TBranch::TBranch::Fill>: Failed to write out basket.

Error in <TTree::Fill>: Failed filling branch:Tree.genWeight, nbytes=-1, entry=31920
Error in <TBranch::WriteBasketImpl>: basket's WriteBuffer failed.
Error in <TBranch::TBranch::Fill>: Failed to write out basket.

Error in <TTree::Fill>: Failed filling branch:Tree.new_weight, nbytes=-1, entry=31920
Error in <TBranch::WriteBasketImpl>: basket's WriteBuffer failed.
Error in <TBranch::TBranch::Fill>: Failed to write out basket.

Error in <TTree::Fill>: Failed filling branch:Tree.nMuons, nbytes=-1, entry=31924
 This error is symptomatic of a Tree created as a memory-resident Tree
 Instead of doing:
    TTree *T = new TTree(...)
    TFile *f = new TFile(...)
 you should do:
    TFile *f = new TFile(...)
    TTree *T = new TTree(...)


Error in <TBranch::WriteBasketImpl>: basket's WriteBuffer failed.
Error in <TBranch::TBranch::Fill>: Failed to write out basket.

Error in <TTree::Fill>: Failed filling branch:Tree.nElecs, nbytes=-1, entry=31924
 This error is symptomatic of a Tree created as a memory-resident Tree
 Instead of doing:
    TTree *T = new TTree(...)
    TFile *f = new TFile(...)
 you should do:
    TFile *f = new TFile(...)
    TTree *T = new TTree(...)


Error in <TBranch::WriteBasketImpl>: basket's WriteBuffer failed.
Error in <TBranch::TBranch::Fill>: Failed to write out basket.

Error in <TTree::Fill>: Failed filling branch:Tree.nJets, nbytes=-1, entry=31924
Error in <TBranch::WriteBasketImpl>: basket's WriteBuffer failed.
Error in <TBranch::TBranch::Fill>: Failed to write out basket.

Error in <TTree::Fill>: Failed filling branch:Tree.PUWeight, nbytes=-1, entry=31924
Error in <TBranch::WriteBasketImpl>: basket's WriteBuffer failed.
Error in <TBranch::TBranch::Fill>: Failed to write out basket.

Error in <TTree::Fill>: Failed filling branch:Tree.HT, nbytes=-1, entry=31928
 This error is symptomatic of a Tree created as a memory-resident Tree
 Instead of doing:
    TTree *T = new TTree(...)
    TFile *f = new TFile(...)
 you should do:
    TFile *f = new TFile(...)
    TTree *T = new TTree(...)


Error in <TBranchElement::WriteBasketImpl>: basket's WriteBuffer failed.
Error in <TBranchElement::TBranch::Fill>: Failed to write out basket.

Error in <TBranchElement::Fill>: Failed filling branch:bTagScore, nbytes=-1
Error in <TTree::Fill>: Failed filling branch:Tree.bTagScore, nbytes=-1, entry=32555
 This error is symptomatic of a Tree created as a memory-resident Tree
 Instead of doing:
    TTree *T = new TTree(...)
    TFile *f = new TFile(...)
 you should do:
    TFile *f = new TFile(...)
    TTree *T = new TTree(...)


Error in <TBranchElement::WriteBasketImpl>: basket's WriteBuffer failed.
Error in <TBranchElement::TBranch::Fill>: Failed to write out basket.

Error in <TBranchElement::Fill>: Failed filling branch:partonFlavs, nbytes=-1
Error in <TTree::Fill>: Failed filling branch:Tree.partonFlavs, nbytes=-1, entry=32555
 This error is symptomatic of a Tree created as a memory-resident Tree
 Instead of doing:
    TTree *T = new TTree(...)
    TFile *f = new TFile(...)
 you should do:
    TFile *f = new TFile(...)
    TTree *T = new TTree(...)


Error in <TBranchElement::WriteBasketImpl>: basket's WriteBuffer failed.
Error in <TBranchElement::TBranch::Fill>: Failed to write out basket.

Error in <TBranchElement::Fill>: Failed filling branch:jetPUids, nbytes=-1
Error in <TTree::Fill>: Failed filling branch:Tree.jetPUids, nbytes=-1, entry=32559
 This error is symptomatic of a Tree created as a memory-resident Tree
 Instead of doing:
    TTree *T = new TTree(...)
    TFile *f = new TFile(...)
 you should do:
    TFile *f = new TFile(...)
    TTree *T = new TTree(...)


Error in <TBranchElement::WriteBasketImpl>: basket's WriteBuffer failed.
Error in <TBranchElement::TBranch::Fill>: Failed to write out basket.

Error in <TBranchElement::Fill>: Failed filling branch:hadFlavs, nbytes=-1
Error in <TTree::Fill>: Failed filling branch:Tree.hadFlavs, nbytes=-1, entry=32559
 This error is symptomatic of a Tree created as a memory-resident Tree
 Instead of doing:
    TTree *T = new TTree(...)
    TFile *f = new TFile(...)
 you should do:
    TFile *f = new TFile(...)
    TTree *T = new TTree(...)


Error in <TBranchElement::WriteBasketImpl>: basket's WriteBuffer failed.
Error in <TBranchElement::TBranch::Fill>: Failed to write out basket.

Error in <TBranchElement::Fill>: Failed filling branch:jetPt, nbytes=-1
Error in <TTree::Fill>: Failed filling branch:Tree.jetPt, nbytes=-1, entry=32562
 This error is symptomatic of a Tree created as a memory-resident Tree
 Instead of doing:
    TTree *T = new TTree(...)
    TFile *f = new TFile(...)
 you should do:
    TFile *f = new TFile(...)
    TTree *T = new TTree(...)


Error in <TBranchElement::WriteBasketImpl>: basket's WriteBuffer failed.
Error in <TBranchElement::TBranch::Fill>: Failed to write out basket.

Error in <TBranchElement::Fill>: Failed filling branch:jetEta, nbytes=-1
Error in <TTree::Fill>: Failed filling branch:Tree.jetEta, nbytes=-1, entry=32562
 This error is symptomatic of a Tree created as a memory-resident Tree
 Instead of doing:
    TTree *T = new TTree(...)
    TFile *f = new TFile(...)
 you should do:
    TFile *f = new TFile(...)
    TTree *T = new TTree(...)


Error in <TBranchElement::WriteBasketImpl>: basket's WriteBuffer failed.
Error in <TBranchElement::TBranch::Fill>: Failed to write out basket.

Error in <TBranchElement::Fill>: Failed filling branch:bTagScore, nbytes=-1
Error in <TTree::Fill>: Failed filling branch:Tree.bTagScore, nbytes=-1, entry=33219
 This error is symptomatic of a Tree created as a memory-resident Tree
 Instead of doing:
    TTree *T = new TTree(...)
    TFile *f = new TFile(...)
 you should do:
    TFile *f = new TFile(...)
    TTree *T = new TTree(...)


Error in <TBranchElement::WriteBasketImpl>: basket's WriteBuffer failed.
Error in <TBranchElement::TBranch::Fill>: Failed to write out basket.

Error in <TBranchElement::Fill>: Failed filling branch:partonFlavs, nbytes=-1
Error in <TTree::Fill>: Failed filling branch:Tree.partonFlavs, nbytes=-1, entry=33219
 This error is symptomatic of a Tree created as a memory-resident Tree
 Instead of doing:
    TTree *T = new TTree(...)
    TFile *f = new TFile(...)
 you should do:
    TFile *f = new TFile(...)
    TTree *T = new TTree(...)


Error in <TBranchElement::WriteBasketImpl>: basket's WriteBuffer failed.
Error in <TBranchElement::TBranch::Fill>: Failed to write out basket.

Error in <TBranchElement::Fill>: Failed filling branch:jetPUids, nbytes=-1
Error in <TTree::Fill>: Failed filling branch:Tree.jetPUids, nbytes=-1, entry=33223
 This error is symptomatic of a Tree created as a memory-resident Tree
 Instead of doing:
    TTree *T = new TTree(...)
    TFile *f = new TFile(...)
 you should do:
    TFile *f = new TFile(...)
    TTree *T = new TTree(...)


Error in <TBranchElement::WriteBasketImpl>: basket's WriteBuffer failed.
Error in <TBranchElement::TBranch::Fill>: Failed to write out basket.

Error in <TBranchElement::Fill>: Failed filling branch:hadFlavs, nbytes=-1
Error in <TTree::Fill>: Failed filling branch:Tree.hadFlavs, nbytes=-1, entry=33223
 This error is symptomatic of a Tree created as a memory-resident Tree
 Instead of doing:
    TTree *T = new TTree(...)
    TFile *f = new TFile(...)
 you should do:
    TFile *f = new TFile(...)
    TTree *T = new TTree(...)


Error in <TBranchElement::WriteBasketImpl>: basket's WriteBuffer failed.
Error in <TBranchElement::TBranch::Fill>: Failed to write out basket.

Error in <TBranchElement::Fill>: Failed filling branch:jetPt, nbytes=-1
Error in <TTree::Fill>: Failed filling branch:Tree.jetPt, nbytes=-1, entry=33226
 This error is symptomatic of a Tree created as a memory-resident Tree
 Instead of doing:
    TTree *T = new TTree(...)
    TFile *f = new TFile(...)
 you should do:
    TFile *f = new TFile(...)
    TTree *T = new TTree(...)


Error in <TBranchElement::WriteBasketImpl>: basket's WriteBuffer failed.
Error in <TBranchElement::TBranch::Fill>: Failed to write out basket.

Error in <TBranchElement::Fill>: Failed filling branch:jetEta, nbytes=-1
Error in <TTree::Fill>: Failed filling branch:Tree.jetEta, nbytes=-1, entry=33226
 This error is symptomatic of a Tree created as a memory-resident Tree
 Instead of doing:
    TTree *T = new TTree(...)
    TFile *f = new TFile(...)
 you should do:
    TFile *f = new TFile(...)
    TTree *T = new TTree(...)


Error in <TBranchElement::WriteBasketImpl>: basket's WriteBuffer failed.
Error in <TBranchElement::TBranch::Fill>: Failed to write out basket.

Error in <TBranchElement::Fill>: Failed filling branch:bTagScore, nbytes=-1
Error in <TTree::Fill>: Failed filling branch:Tree.bTagScore, nbytes=-1, entry=33885
 This error is symptomatic of a Tree created as a memory-resident Tree
 Instead of doing:
    TTree *T = new TTree(...)
    TFile *f = new TFile(...)
 you should do:
    TFile *f = new TFile(...)
    TTree *T = new TTree(...)


Error in <TBranchElement::WriteBasketImpl>: basket's WriteBuffer failed.
Error in <TBranchElement::TBranch::Fill>: Failed to write out basket.

Error in <TBranchElement::Fill>: Failed filling branch:partonFlavs, nbytes=-1
Error in <TTree::Fill>: Failed filling branch:Tree.partonFlavs, nbytes=-1, entry=33885
 This error is symptomatic of a Tree created as a memory-resident Tree
 Instead of doing:
    TTree *T = new TTree(...)
    TFile *f = new TFile(...)
 you should do:
    TFile *f = new TFile(...)
    TTree *T = new TTree(...)


Error in <TBranchElement::WriteBasketImpl>: basket's WriteBuffer failed.
Error in <TBranchElement::TBranch::Fill>: Failed to write out basket.

Error in <TBranchElement::Fill>: Failed filling branch:jetPUids, nbytes=-1
Error in <TTree::Fill>: Failed filling branch:Tree.jetPUids, nbytes=-1, entry=33889
 This error is symptomatic of a Tree created as a memory-resident Tree
 Instead of doing:
    TTree *T = new TTree(...)
    TFile *f = new TFile(...)
 you should do:
    TFile *f = new TFile(...)
    TTree *T = new TTree(...)


Error in <TBranchElement::WriteBasketImpl>: basket's WriteBuffer failed.
Error in <TBranchElement::TBranch::Fill>: Failed to write out basket.

Error in <TBranchElement::Fill>: Failed filling branch:hadFlavs, nbytes=-1
Error in <TTree::Fill>: Failed filling branch:Tree.hadFlavs, nbytes=-1, entry=33889
 This error is symptomatic of a Tree created as a memory-resident Tree
 Instead of doing:
    TTree *T = new TTree(...)
    TFile *f = new TFile(...)
 you should do:
    TFile *f = new TFile(...)
    TTree *T = new TTree(...)


Error in <TBranchElement::WriteBasketImpl>: basket's WriteBuffer failed.
Error in <TBranchElement::TBranch::Fill>: Failed to write out basket.

Error in <TBranchElement::Fill>: Failed filling branch:jetPt, nbytes=-1
Error in <TTree::Fill>: Failed filling branch:Tree.jetPt, nbytes=-1, entry=33892
 This error is symptomatic of a Tree created as a memory-resident Tree
 Instead of doing:
    TTree *T = new TTree(...)
    TFile *f = new TFile(...)
 you should do:
    TFile *f = new TFile(...)
    TTree *T = new TTree(...)


Error in <TBranchElement::WriteBasketImpl>: basket's WriteBuffer failed.
Error in <TBranchElement::TBranch::Fill>: Failed to write out basket.

Error in <TBranchElement::Fill>: Failed filling branch:jetEta, nbytes=-1
Error in <TTree::Fill>: Failed filling branch:Tree.jetEta, nbytes=-1, entry=33892
 This error is symptomatic of a Tree created as a memory-resident Tree
 Instead of doing:
    TTree *T = new TTree(...)
    TFile *f = new TFile(...)
 you should do:
    TFile *f = new TFile(...)
    TTree *T = new TTree(...)


Error in <TBranchElement::WriteBasketImpl>: basket's WriteBuffer failed.
Error in <TBranchElement::TBranch::Fill>: Failed to write out basket.

Error in <TBranchElement::Fill>: Failed filling branch:bTagScore, nbytes=-1
Error in <TTree::Fill>: Failed filling branch:Tree.bTagScore, nbytes=-1, entry=34550
 This error is symptomatic of a Tree created as a memory-resident Tree
 Instead of doing:
    TTree *T = new TTree(...)
    TFile *f = new TFile(...)
 you should do:
    TFile *f = new TFile(...)
    TTree *T = new TTree(...)


Error in <TBranchElement::WriteBasketImpl>: basket's WriteBuffer failed.
Error in <TBranchElement::TBranch::Fill>: Failed to write out basket.

Error in <TBranchElement::Fill>: Failed filling branch:partonFlavs, nbytes=-1
Error in <TTree::Fill>: Failed filling branch:Tree.partonFlavs, nbytes=-1, entry=34550
 This error is symptomatic of a Tree created as a memory-resident Tree
 Instead of doing:
    TTree *T = new TTree(...)
    TFile *f = new TFile(...)
 you should do:
    TFile *f = new TFile(...)
    TTree *T = new TTree(...)


Error in <TBranchElement::WriteBasketImpl>: basket's WriteBuffer failed.
Error in <TBranchElement::TBranch::Fill>: Failed to write out basket.

Error in <TBranchElement::Fill>: Failed filling branch:jetPUids, nbytes=-1
Error in <TTree::Fill>: Failed filling branch:Tree.jetPUids, nbytes=-1, entry=34554
 This error is symptomatic of a Tree created as a memory-resident Tree
 Instead of doing:
    TTree *T = new TTree(...)
    TFile *f = new TFile(...)
 you should do:
    TFile *f = new TFile(...)
    TTree *T = new TTree(...)


Error in <TBranchElement::WriteBasketImpl>: basket's WriteBuffer failed.
Error in <TBranchElement::TBranch::Fill>: Failed to write out basket.

Error in <TBranchElement::Fill>: Failed filling branch:hadFlavs, nbytes=-1
Error in <TTree::Fill>: Failed filling branch:Tree.hadFlavs, nbytes=-1, entry=34554
 This error is symptomatic of a Tree created as a memory-resident Tree
 Instead of doing:
    TTree *T = new TTree(...)
    TFile *f = new TFile(...)
 you should do:
    TFile *f = new TFile(...)
    TTree *T = new TTree(...)


Error in <TBranchElement::WriteBasketImpl>: basket's WriteBuffer failed.
Error in <TBranchElement::TBranch::Fill>: Failed to write out basket.

Error in <TBranchElement::Fill>: Failed filling branch:jetPt, nbytes=-1
Error in <TTree::Fill>: Failed filling branch:Tree.jetPt, nbytes=-1, entry=34557
 This error is symptomatic of a Tree created as a memory-resident Tree
 Instead of doing:
    TTree *T = new TTree(...)
    TFile *f = new TFile(...)
 you should do:
    TFile *f = new TFile(...)
    TTree *T = new TTree(...)


Error in <TBranchElement::WriteBasketImpl>: basket's WriteBuffer failed.
Error in <TBranchElement::TBranch::Fill>: Failed to write out basket.

Error in <TBranchElement::Fill>: Failed filling branch:jetEta, nbytes=-1
Error in <TTree::Fill>: Failed filling branch:Tree.jetEta, nbytes=-1, entry=34557
 This error is symptomatic of a Tree created as a memory-resident Tree
 Instead of doing:
    TTree *T = new TTree(...)
    TFile *f = new TFile(...)
 you should do:
    TFile *f = new TFile(...)
    TTree *T = new TTree(...)


Error in <TBranchElement::WriteBasketImpl>: basket's WriteBuffer failed.
Error in <TBranchElement::TBranch::Fill>: Failed to write out basket.

Error in <TBranchElement::Fill>: Failed filling branch:bTagScore, nbytes=-1
Error in <TTree::Fill>: Failed filling branch:Tree.bTagScore, nbytes=-1, entry=35214
 This error is symptomatic of a Tree created as a memory-resident Tree
 Instead of doing:
    TTree *T = new TTree(...)
    TFile *f = new TFile(...)
 you should do:
    TFile *f = new TFile(...)
    TTree *T = new TTree(...)


Error in <TBranchElement::WriteBasketImpl>: basket's WriteBuffer failed.
Error in <TBranchElement::TBranch::Fill>: Failed to write out basket.

Error in <TBranchElement::Fill>: Failed filling branch:partonFlavs, nbytes=-1
Error in <TTree::Fill>: Failed filling branch:Tree.partonFlavs, nbytes=-1, entry=35214
 This error is symptomatic of a Tree created as a memory-resident Tree
 Instead of doing:
    TTree *T = new TTree(...)
    TFile *f = new TFile(...)
 you should do:
    TFile *f = new TFile(...)
    TTree *T = new TTree(...)


Error in <TBranchElement::WriteBasketImpl>: basket's WriteBuffer failed.
Error in <TBranchElement::TBranch::Fill>: Failed to write out basket.

Error in <TBranchElement::Fill>: Failed filling branch:jetPUids, nbytes=-1
Error in <TTree::Fill>: Failed filling branch:Tree.jetPUids, nbytes=-1, entry=35218
 This error is symptomatic of a Tree created as a memory-resident Tree
 Instead of doing:
    TTree *T = new TTree(...)
    TFile *f = new TFile(...)
 you should do:
    TFile *f = new TFile(...)
    TTree *T = new TTree(...)


Error in <TBranchElement::WriteBasketImpl>: basket's WriteBuffer failed.
Error in <TBranchElement::TBranch::Fill>: Failed to write out basket.

Error in <TBranchElement::Fill>: Failed filling branch:hadFlavs, nbytes=-1
Error in <TTree::Fill>: Failed filling branch:Tree.hadFlavs, nbytes=-1, entry=35218
 This error is symptomatic of a Tree created as a memory-resident Tree
 Instead of doing:
    TTree *T = new TTree(...)
    TFile *f = new TFile(...)
 you should do:
    TFile *f = new TFile(...)
    TTree *T = new TTree(...)


Error in <TBranchElement::WriteBasketImpl>: basket's WriteBuffer failed.
Error in <TBranchElement::TBranch::Fill>: Failed to write out basket.

Error in <TBranchElement::Fill>: Failed filling branch:jetPt, nbytes=-1
Error in <TTree::Fill>: Failed filling branch:Tree.jetPt, nbytes=-1, entry=35221
 This error is symptomatic of a Tree created as a memory-resident Tree
 Instead of doing:
    TTree *T = new TTree(...)
    TFile *f = new TFile(...)
 you should do:
    TFile *f = new TFile(...)
    TTree *T = new TTree(...)


Error in <TBranchElement::WriteBasketImpl>: basket's WriteBuffer failed.
Error in <TBranchElement::TBranch::Fill>: Failed to write out basket.

Error in <TBranchElement::Fill>: Failed filling branch:jetEta, nbytes=-1
Error in <TTree::Fill>: Failed filling branch:Tree.jetEta, nbytes=-1, entry=35221
 This error is symptomatic of a Tree created as a memory-resident Tree
 Instead of doing:
    TTree *T = new TTree(...)
    TFile *f = new TFile(...)
 you should do:
    TFile *f = new TFile(...)
    TTree *T = new TTree(...)


Error in <TBranchElement::WriteBasketImpl>: basket's WriteBuffer failed.
Error in <TBranchElement::TBranch::Fill>: Failed to write out basket.

Error in <TBranchElement::Fill>: Failed filling branch:bTagScore, nbytes=-1
Error in <TTree::Fill>: Failed filling branch:Tree.bTagScore, nbytes=-1, entry=35877
 This error is symptomatic of a Tree created as a memory-resident Tree
 Instead of doing:
    TTree *T = new TTree(...)
    TFile *f = new TFile(...)
 you should do:
    TFile *f = new TFile(...)
    TTree *T = new TTree(...)


Error in <TBranchElement::WriteBasketImpl>: basket's WriteBuffer failed.
Error in <TBranchElement::TBranch::Fill>: Failed to write out basket.

Error in <TBranchElement::Fill>: Failed filling branch:partonFlavs, nbytes=-1
Error in <TTree::Fill>: Failed filling branch:Tree.partonFlavs, nbytes=-1, entry=35877
 This error is symptomatic of a Tree created as a memory-resident Tree
 Instead of doing:
    TTree *T = new TTree(...)
    TFile *f = new TFile(...)
 you should do:
    TFile *f = new TFile(...)
    TTree *T = new TTree(...)


Error in <TBranchElement::WriteBasketImpl>: basket's WriteBuffer failed.
Error in <TBranchElement::TBranch::Fill>: Failed to write out basket.

Error in <TBranchElement::Fill>: Failed filling branch:jetPUids, nbytes=-1
Error in <TTree::Fill>: Failed filling branch:Tree.jetPUids, nbytes=-1, entry=35881
 This error is symptomatic of a Tree created as a memory-resident Tree
 Instead of doing:
    TTree *T = new TTree(...)
    TFile *f = new TFile(...)
 you should do:
    TFile *f = new TFile(...)
    TTree *T = new TTree(...)


Error in <TBranchElement::WriteBasketImpl>: basket's WriteBuffer failed.
Error in <TBranchElement::TBranch::Fill>: Failed to write out basket.

Error in <TBranchElement::Fill>: Failed filling branch:hadFlavs, nbytes=-1
Error in <TTree::Fill>: Failed filling branch:Tree.hadFlavs, nbytes=-1, entry=35881
 This error is symptomatic of a Tree created as a memory-resident Tree
 Instead of doing:
    TTree *T = new TTree(...)
    TFile *f = new TFile(...)
 you should do:
    TFile *f = new TFile(...)
    TTree *T = new TTree(...)


Error in <TBranchElement::WriteBasketImpl>: basket's WriteBuffer failed.
Error in <TBranchElement::TBranch::Fill>: Failed to write out basket.

Error in <TBranchElement::Fill>: Failed filling branch:jetPt, nbytes=-1
Error in <TTree::Fill>: Failed filling branch:Tree.jetPt, nbytes=-1, entry=35884
 This error is symptomatic of a Tree created as a memory-resident Tree
 Instead of doing:
    TTree *T = new TTree(...)
    TFile *f = new TFile(...)
 you should do:
    TFile *f = new TFile(...)
    TTree *T = new TTree(...)


Error in <TBranchElement::WriteBasketImpl>: basket's WriteBuffer failed.
Error in <TBranchElement::TBranch::Fill>: Failed to write out basket.

Error in <TBranchElement::Fill>: Failed filling branch:jetEta, nbytes=-1
Error in <TTree::Fill>: Failed filling branch:Tree.jetEta, nbytes=-1, entry=35884
 This error is symptomatic of a Tree created as a memory-resident Tree
 Instead of doing:
    TTree *T = new TTree(...)
    TFile *f = new TFile(...)
 you should do:
    TFile *f = new TFile(...)
    TTree *T = new TTree(...)


Error in <TBranchElement::WriteBasketImpl>: basket's WriteBuffer failed.
Error in <TBranchElement::TBranch::Fill>: Failed to write out basket.

Error in <TBranchElement::Fill>: Failed filling branch:bTagScore, nbytes=-1
Error in <TTree::Fill>: Failed filling branch:Tree.bTagScore, nbytes=-1, entry=36540
 This error is symptomatic of a Tree created as a memory-resident Tree
 Instead of doing:
    TTree *T = new TTree(...)
    TFile *f = new TFile(...)
 you should do:
    TFile *f = new TFile(...)
    TTree *T = new TTree(...)


Error in <TBranchElement::WriteBasketImpl>: basket's WriteBuffer failed.
Error in <TBranchElement::TBranch::Fill>: Failed to write out basket.

Error in <TBranchElement::Fill>: Failed filling branch:partonFlavs, nbytes=-1
Error in <TTree::Fill>: Failed filling branch:Tree.partonFlavs, nbytes=-1, entry=36540
 This error is symptomatic of a Tree created as a memory-resident Tree
 Instead of doing:
    TTree *T = new TTree(...)
    TFile *f = new TFile(...)
 you should do:
    TFile *f = new TFile(...)
    TTree *T = new TTree(...)


Error in <TBranchElement::WriteBasketImpl>: basket's WriteBuffer failed.
Error in <TBranchElement::TBranch::Fill>: Failed to write out basket.

Error in <TBranchElement::Fill>: Failed filling branch:jetPUids, nbytes=-1
Error in <TTree::Fill>: Failed filling branch:Tree.jetPUids, nbytes=-1, entry=36544
 This error is symptomatic of a Tree created as a memory-resident Tree
 Instead of doing:
    TTree *T = new TTree(...)
    TFile *f = new TFile(...)
 you should do:
    TFile *f = new TFile(...)
    TTree *T = new TTree(...)


Error in <TBranchElement::WriteBasketImpl>: basket's WriteBuffer failed.
Error in <TBranchElement::TBranch::Fill>: Failed to write out basket.

Error in <TBranchElement::Fill>: Failed filling branch:hadFlavs, nbytes=-1
Error in <TTree::Fill>: Failed filling branch:Tree.hadFlavs, nbytes=-1, entry=36544
 This error is symptomatic of a Tree created as a memory-resident Tree
 Instead of doing:
    TTree *T = new TTree(...)
    TFile *f = new TFile(...)
 you should do:
    TFile *f = new TFile(...)
    TTree *T = new TTree(...)


Error in <TBranchElement::WriteBasketImpl>: basket's WriteBuffer failed.
Error in <TBranchElement::TBranch::Fill>: Failed to write out basket.

Error in <TBranchElement::Fill>: Failed filling branch:jetPt, nbytes=-1
Error in <TTree::Fill>: Failed filling branch:Tree.jetPt, nbytes=-1, entry=36547
 This error is symptomatic of a Tree created as a memory-resident Tree
 Instead of doing:
    TTree *T = new TTree(...)
    TFile *f = new TFile(...)
 you should do:
    TFile *f = new TFile(...)
    TTree *T = new TTree(...)


Error in <TBranchElement::WriteBasketImpl>: basket's WriteBuffer failed.
Error in <TBranchElement::TBranch::Fill>: Failed to write out basket.

Error in <TBranchElement::Fill>: Failed filling branch:jetEta, nbytes=-1
Error in <TTree::Fill>: Failed filling branch:Tree.jetEta, nbytes=-1, entry=36547
 This error is symptomatic of a Tree created as a memory-resident Tree
 Instead of doing:
    TTree *T = new TTree(...)
    TFile *f = new TFile(...)
 you should do:
    TFile *f = new TFile(...)
    TTree *T = new TTree(...)


Error in <TBranchElement::WriteBasketImpl>: basket's WriteBuffer failed.
Error in <TBranchElement::TBranch::Fill>: Failed to write out basket.

Error in <TBranchElement::Fill>: Failed filling branch:bTagScore, nbytes=-1
Error in <TTree::Fill>: Failed filling branch:Tree.bTagScore, nbytes=-1, entry=37203
 This error is symptomatic of a Tree created as a memory-resident Tree
 Instead of doing:
    TTree *T = new TTree(...)
    TFile *f = new TFile(...)
 you should do:
    TFile *f = new TFile(...)
    TTree *T = new TTree(...)


Error in <TBranchElement::WriteBasketImpl>: basket's WriteBuffer failed.
Error in <TBranchElement::TBranch::Fill>: Failed to write out basket.

Error in <TBranchElement::Fill>: Failed filling branch:partonFlavs, nbytes=-1
Error in <TTree::Fill>: Failed filling branch:Tree.partonFlavs, nbytes=-1, entry=37203
 This error is symptomatic of a Tree created as a memory-resident Tree
 Instead of doing:
    TTree *T = new TTree(...)
    TFile *f = new TFile(...)
 you should do:
    TFile *f = new TFile(...)
    TTree *T = new TTree(...)


Error in <TBranchElement::WriteBasketImpl>: basket's WriteBuffer failed.
Error in <TBranchElement::TBranch::Fill>: Failed to write out basket.

Error in <TBranchElement::Fill>: Failed filling branch:jetPUids, nbytes=-1
Error in <TTree::Fill>: Failed filling branch:Tree.jetPUids, nbytes=-1, entry=37207
 This error is symptomatic of a Tree created as a memory-resident Tree
 Instead of doing:
    TTree *T = new TTree(...)
    TFile *f = new TFile(...)
 you should do:
    TFile *f = new TFile(...)
    TTree *T = new TTree(...)


Error in <TBranchElement::WriteBasketImpl>: basket's WriteBuffer failed.
Error in <TBranchElement::TBranch::Fill>: Failed to write out basket.

Error in <TBranchElement::Fill>: Failed filling branch:hadFlavs, nbytes=-1
Error in <TTree::Fill>: Failed filling branch:Tree.hadFlavs, nbytes=-1, entry=37207
 This error is symptomatic of a Tree created as a memory-resident Tree
 Instead of doing:
    TTree *T = new TTree(...)
    TFile *f = new TFile(...)
 you should do:
    TFile *f = new TFile(...)
    TTree *T = new TTree(...)


Error in <TBranchElement::WriteBasketImpl>: basket's WriteBuffer failed.
Error in <TBranchElement::TBranch::Fill>: Failed to write out basket.

Error in <TBranchElement::Fill>: Failed filling branch:jetPt, nbytes=-1
Error in <TTree::Fill>: Failed filling branch:Tree.jetPt, nbytes=-1, entry=37210
 This error is symptomatic of a Tree created as a memory-resident Tree
 Instead of doing:
    TTree *T = new TTree(...)
    TFile *f = new TFile(...)
 you should do:
    TFile *f = new TFile(...)
    TTree *T = new TTree(...)


Error in <TBranchElement::WriteBasketImpl>: basket's WriteBuffer failed.
Error in <TBranchElement::TBranch::Fill>: Failed to write out basket.

Error in <TBranchElement::Fill>: Failed filling branch:jetEta, nbytes=-1
Error in <TTree::Fill>: Failed filling branch:Tree.jetEta, nbytes=-1, entry=37210
 This error is symptomatic of a Tree created as a memory-resident Tree
 Instead of doing:
    TTree *T = new TTree(...)
    TFile *f = new TFile(...)
 you should do:
    TFile *f = new TFile(...)
    TTree *T = new TTree(...)


Error in <TBranchElement::WriteBasketImpl>: basket's WriteBuffer failed.
Error in <TBranchElement::TBranch::Fill>: Failed to write out basket.

Error in <TBranchElement::Fill>: Failed filling branch:bTagScore, nbytes=-1
Error in <TTree::Fill>: Failed filling branch:Tree.bTagScore, nbytes=-1, entry=37866
 This error is symptomatic of a Tree created as a memory-resident Tree
 Instead of doing:
    TTree *T = new TTree(...)
    TFile *f = new TFile(...)
 you should do:
    TFile *f = new TFile(...)
    TTree *T = new TTree(...)


Error in <TBranchElement::WriteBasketImpl>: basket's WriteBuffer failed.
Error in <TBranchElement::TBranch::Fill>: Failed to write out basket.

Error in <TBranchElement::Fill>: Failed filling branch:partonFlavs, nbytes=-1
Error in <TTree::Fill>: Failed filling branch:Tree.partonFlavs, nbytes=-1, entry=37866
 This error is symptomatic of a Tree created as a memory-resident Tree
 Instead of doing:
    TTree *T = new TTree(...)
    TFile *f = new TFile(...)
 you should do:
    TFile *f = new TFile(...)
    TTree *T = new TTree(...)


Error in <TBranchElement::WriteBasketImpl>: basket's WriteBuffer failed.
Error in <TBranchElement::TBranch::Fill>: Failed to write out basket.

Error in <TBranchElement::Fill>: Failed filling branch:jetPUids, nbytes=-1
Error in <TTree::Fill>: Failed filling branch:Tree.jetPUids, nbytes=-1, entry=37871
 This error is symptomatic of a Tree created as a memory-resident Tree
 Instead of doing:
    TTree *T = new TTree(...)
    TFile *f = new TFile(...)
 you should do:
    TFile *f = new TFile(...)
    TTree *T = new TTree(...)


Error in <TBranchElement::WriteBasketImpl>: basket's WriteBuffer failed.
Error in <TBranchElement::TBranch::Fill>: Failed to write out basket.

Error in <TBranchElement::Fill>: Failed filling branch:hadFlavs, nbytes=-1
Error in <TTree::Fill>: Failed filling branch:Tree.hadFlavs, nbytes=-1, entry=37871
 This error is symptomatic of a Tree created as a memory-resident Tree
 Instead of doing:
    TTree *T = new TTree(...)
    TFile *f = new TFile(...)
 you should do:
    TFile *f = new TFile(...)
    TTree *T = new TTree(...)


Error in <TBranchElement::WriteBasketImpl>: basket's WriteBuffer failed.
Error in <TBranchElement::TBranch::Fill>: Failed to write out basket.

Error in <TBranchElement::Fill>: Failed filling branch:jetPt, nbytes=-1
Error in <TTree::Fill>: Failed filling branch:Tree.jetPt, nbytes=-1, entry=37874
 This error is symptomatic of a Tree created as a memory-resident Tree
 Instead of doing:
    TTree *T = new TTree(...)
    TFile *f = new TFile(...)
 you should do:
    TFile *f = new TFile(...)
    TTree *T = new TTree(...)


Error in <TBranchElement::WriteBasketImpl>: basket's WriteBuffer failed.
Error in <TBranchElement::TBranch::Fill>: Failed to write out basket.

Error in <TBranchElement::Fill>: Failed filling branch:jetEta, nbytes=-1
Error in <TTree::Fill>: Failed filling branch:Tree.jetEta, nbytes=-1, entry=37874
 This error is symptomatic of a Tree created as a memory-resident Tree
 Instead of doing:
    TTree *T = new TTree(...)
    TFile *f = new TFile(...)
 you should do:
    TFile *f = new TFile(...)
    TTree *T = new TTree(...)


Error in <TBranchElement::WriteBasketImpl>: basket's WriteBuffer failed.
Error in <TBranchElement::TBranch::Fill>: Failed to write out basket.

Error in <TBranchElement::Fill>: Failed filling branch:bTagScore, nbytes=-1
Error in <TTree::Fill>: Failed filling branch:Tree.bTagScore, nbytes=-1, entry=38530
 This error is symptomatic of a Tree created as a memory-resident Tree
 Instead of doing:
    TTree *T = new TTree(...)
    TFile *f = new TFile(...)
 you should do:
    TFile *f = new TFile(...)
    TTree *T = new TTree(...)


Error in <TBranchElement::WriteBasketImpl>: basket's WriteBuffer failed.
Error in <TBranchElement::TBranch::Fill>: Failed to write out basket.

Error in <TBranchElement::Fill>: Failed filling branch:partonFlavs, nbytes=-1
Error in <TTree::Fill>: Failed filling branch:Tree.partonFlavs, nbytes=-1, entry=38530
 This error is symptomatic of a Tree created as a memory-resident Tree
 Instead of doing:
    TTree *T = new TTree(...)
    TFile *f = new TFile(...)
 you should do:
    TFile *f = new TFile(...)
    TTree *T = new TTree(...)


Error in <TBranchElement::WriteBasketImpl>: basket's WriteBuffer failed.
Error in <TBranchElement::TBranch::Fill>: Failed to write out basket.

Error in <TBranchElement::Fill>: Failed filling branch:jetPUids, nbytes=-1
Error in <TTree::Fill>: Failed filling branch:Tree.jetPUids, nbytes=-1, entry=38535
 This error is symptomatic of a Tree created as a memory-resident Tree
 Instead of doing:
    TTree *T = new TTree(...)
    TFile *f = new TFile(...)
 you should do:
    TFile *f = new TFile(...)
    TTree *T = new TTree(...)


Error in <TBranchElement::WriteBasketImpl>: basket's WriteBuffer failed.
Error in <TBranchElement::TBranch::Fill>: Failed to write out basket.

Error in <TBranchElement::Fill>: Failed filling branch:hadFlavs, nbytes=-1
Error in <TTree::Fill>: Failed filling branch:Tree.hadFlavs, nbytes=-1, entry=38535
 This error is symptomatic of a Tree created as a memory-resident Tree
 Instead of doing:
    TTree *T = new TTree(...)
    TFile *f = new TFile(...)
 you should do:
    TFile *f = new TFile(...)
    TTree *T = new TTree(...)


Error in <TBranchElement::WriteBasketImpl>: basket's WriteBuffer failed.
Error in <TBranchElement::TBranch::Fill>: Failed to write out basket.

Error in <TBranchElement::Fill>: Failed filling branch:jetPt, nbytes=-1
Error in <TTree::Fill>: Failed filling branch:Tree.jetPt, nbytes=-1, entry=38537
 This error is symptomatic of a Tree created as a memory-resident Tree
 Instead of doing:
    TTree *T = new TTree(...)
    TFile *f = new TFile(...)
 you should do:
    TFile *f = new TFile(...)
    TTree *T = new TTree(...)


Error in <TBranchElement::WriteBasketImpl>: basket's WriteBuffer failed.
Error in <TBranchElement::TBranch::Fill>: Failed to write out basket.

Error in <TBranchElement::Fill>: Failed filling branch:jetEta, nbytes=-1
Error in <TTree::Fill>: Failed filling branch:Tree.jetEta, nbytes=-1, entry=38537
 This error is symptomatic of a Tree created as a memory-resident Tree
 Instead of doing:
    TTree *T = new TTree(...)
    TFile *f = new TFile(...)
 you should do:
    TFile *f = new TFile(...)
    TTree *T = new TTree(...)


Error in <TBranchElement::WriteBasketImpl>: basket's WriteBuffer failed.
Error in <TBranchElement::TBranch::Fill>: Failed to write out basket.

Error in <TBranchElement::Fill>: Failed filling branch:bTagScore, nbytes=-1
Error in <TTree::Fill>: Failed filling branch:Tree.bTagScore, nbytes=-1, entry=39194
 This error is symptomatic of a Tree created as a memory-resident Tree
 Instead of doing:
    TTree *T = new TTree(...)
    TFile *f = new TFile(...)
 you should do:
    TFile *f = new TFile(...)
    TTree *T = new TTree(...)


Error in <TBranchElement::WriteBasketImpl>: basket's WriteBuffer failed.
Error in <TBranchElement::TBranch::Fill>: Failed to write out basket.

Error in <TBranchElement::Fill>: Failed filling branch:partonFlavs, nbytes=-1
Error in <TTree::Fill>: Failed filling branch:Tree.partonFlavs, nbytes=-1, entry=39194
 This error is symptomatic of a Tree created as a memory-resident Tree
 Instead of doing:
    TTree *T = new TTree(...)
    TFile *f = new TFile(...)
 you should do:
    TFile *f = new TFile(...)
    TTree *T = new TTree(...)


Error in <TBranchElement::WriteBasketImpl>: basket's WriteBuffer failed.
Error in <TBranchElement::TBranch::Fill>: Failed to write out basket.

Error in <TBranchElement::Fill>: Failed filling branch:jetPUids, nbytes=-1
Error in <TTree::Fill>: Failed filling branch:Tree.jetPUids, nbytes=-1, entry=39199
 This error is symptomatic of a Tree created as a memory-resident Tree
 Instead of doing:
    TTree *T = new TTree(...)
    TFile *f = new TFile(...)
 you should do:
    TFile *f = new TFile(...)
    TTree *T = new TTree(...)


Error in <TBranchElement::WriteBasketImpl>: basket's WriteBuffer failed.
Error in <TBranchElement::TBranch::Fill>: Failed to write out basket.

Error in <TBranchElement::Fill>: Failed filling branch:hadFlavs, nbytes=-1
Error in <TTree::Fill>: Failed filling branch:Tree.hadFlavs, nbytes=-1, entry=39199
 This error is symptomatic of a Tree created as a memory-resident Tree
 Instead of doing:
    TTree *T = new TTree(...)
    TFile *f = new TFile(...)
 you should do:
    TFile *f = new TFile(...)
    TTree *T = new TTree(...)


Error in <TBranchElement::WriteBasketImpl>: basket's WriteBuffer failed.
Error in <TBranchElement::TBranch::Fill>: Failed to write out basket.

Error in <TBranchElement::Fill>: Failed filling branch:jetPt, nbytes=-1
Error in <TTree::Fill>: Failed filling branch:Tree.jetPt, nbytes=-1, entry=39201
 This error is symptomatic of a Tree created as a memory-resident Tree
 Instead of doing:
    TTree *T = new TTree(...)
    TFile *f = new TFile(...)
 you should do:
    TFile *f = new TFile(...)
    TTree *T = new TTree(...)


Error in <TBranchElement::WriteBasketImpl>: basket's WriteBuffer failed.
Error in <TBranchElement::TBranch::Fill>: Failed to write out basket.

Error in <TBranchElement::Fill>: Failed filling branch:jetEta, nbytes=-1
Error in <TTree::Fill>: Failed filling branch:Tree.jetEta, nbytes=-1, entry=39201
 This error is symptomatic of a Tree created as a memory-resident Tree
 Instead of doing:
    TTree *T = new TTree(...)
    TFile *f = new TFile(...)
 you should do:
    TFile *f = new TFile(...)
    TTree *T = new TTree(...)


Error in <TBranchElement::WriteBasketImpl>: basket's WriteBuffer failed.
Error in <TBranchElement::TBranch::Fill>: Failed to write out basket.

Error in <TBranchElement::Fill>: Failed filling branch:bTagScore, nbytes=-1
Error in <TTree::Fill>: Failed filling branch:Tree.bTagScore, nbytes=-1, entry=39859
 This error is symptomatic of a Tree created as a memory-resident Tree
 Instead of doing:
    TTree *T = new TTree(...)
    TFile *f = new TFile(...)
 you should do:
    TFile *f = new TFile(...)
    TTree *T = new TTree(...)


Error in <TBranchElement::WriteBasketImpl>: basket's WriteBuffer failed.
Error in <TBranchElement::TBranch::Fill>: Failed to write out basket.

Error in <TBranchElement::Fill>: Failed filling branch:partonFlavs, nbytes=-1
Error in <TTree::Fill>: Failed filling branch:Tree.partonFlavs, nbytes=-1, entry=39859
 This error is symptomatic of a Tree created as a memory-resident Tree
 Instead of doing:
    TTree *T = new TTree(...)
    TFile *f = new TFile(...)
 you should do:
    TFile *f = new TFile(...)
    TTree *T = new TTree(...)


Error in <TBranchElement::WriteBasketImpl>: basket's WriteBuffer failed.
Error in <TBranchElement::TBranch::Fill>: Failed to write out basket.

Error in <TBranchElement::Fill>: Failed filling branch:jetPUids, nbytes=-1
Error in <TTree::Fill>: Failed filling branch:Tree.jetPUids, nbytes=-1, entry=39864
 This error is symptomatic of a Tree created as a memory-resident Tree
 Instead of doing:
    TTree *T = new TTree(...)
    TFile *f = new TFile(...)
 you should do:
    TFile *f = new TFile(...)
    TTree *T = new TTree(...)


Error in <TBranchElement::WriteBasketImpl>: basket's WriteBuffer failed.
Error in <TBranchElement::TBranch::Fill>: Failed to write out basket.

Error in <TBranchElement::Fill>: Failed filling branch:hadFlavs, nbytes=-1
Error in <TTree::Fill>: Failed filling branch:Tree.hadFlavs, nbytes=-1, entry=39864
 This error is symptomatic of a Tree created as a memory-resident Tree
 Instead of doing:
    TTree *T = new TTree(...)
    TFile *f = new TFile(...)
 you should do:
    TFile *f = new TFile(...)
    TTree *T = new TTree(...)


Error in <TBranchElement::WriteBasketImpl>: basket's WriteBuffer failed.
Error in <TBranchElement::TBranch::Fill>: Failed to write out basket.

Error in <TBranchElement::Fill>: Failed filling branch:jetPt, nbytes=-1
Error in <TTree::Fill>: Failed filling branch:Tree.jetPt, nbytes=-1, entry=39866
 This error is symptomatic of a Tree created as a memory-resident Tree
 Instead of doing:
    TTree *T = new TTree(...)
    TFile *f = new TFile(...)
 you should do:
    TFile *f = new TFile(...)
    TTree *T = new TTree(...)


Error in <TBranchElement::WriteBasketImpl>: basket's WriteBuffer failed.
Error in <TBranchElement::TBranch::Fill>: Failed to write out basket.

Error in <TBranchElement::Fill>: Failed filling branch:jetEta, nbytes=-1
Error in <TTree::Fill>: Failed filling branch:Tree.jetEta, nbytes=-1, entry=39866
 This error is symptomatic of a Tree created as a memory-resident Tree
 Instead of doing:
    TTree *T = new TTree(...)
    TFile *f = new TFile(...)
 you should do:
    TFile *f = new TFile(...)
    TTree *T = new TTree(...)


Error in <TBranch::WriteBasketImpl>: basket's WriteBuffer failed.
Error in <TBranch::TBranch::Fill>: Failed to write out basket.

Error in <TTree::Fill>: Failed filling branch:Tree.L1PrefiringWeight, nbytes=-1, entry=39890
 This error is symptomatic of a Tree created as a memory-resident Tree
 Instead of doing:
    TTree *T = new TTree(...)
    TFile *f = new TFile(...)
 you should do:
    TFile *f = new TFile(...)
    TTree *T = new TTree(...)


Error in <TBranch::WriteBasketImpl>: basket's WriteBuffer failed.
Error in <TBranch::TBranch::Fill>: Failed to write out basket.

Error in <TTree::Fill>: Failed filling branch:Tree.eventNumber, nbytes=-1, entry=39900
 This error is symptomatic of a Tree created as a memory-resident Tree
 Instead of doing:
    TTree *T = new TTree(...)
    TFile *f = new TFile(...)
 you should do:
    TFile *f = new TFile(...)
    TTree *T = new TTree(...)


Error in <TBranch::WriteBasketImpl>: basket's WriteBuffer failed.
Error in <TBranch::TBranch::Fill>: Failed to write out basket.

Error in <TTree::Fill>: Failed filling branch:Tree.runNumber, nbytes=-1, entry=39900
 This error is symptomatic of a Tree created as a memory-resident Tree
 Instead of doing:
    TTree *T = new TTree(...)
    TFile *f = new TFile(...)
 you should do:
    TFile *f = new TFile(...)
    TTree *T = new TTree(...)


Error in <TBranch::WriteBasketImpl>: basket's WriteBuffer failed.
Error in <TBranch::TBranch::Fill>: Failed to write out basket.

Error in <TTree::Fill>: Failed filling branch:Tree.SampleWeight, nbytes=-1, entry=39900
Error in <TBranch::WriteBasketImpl>: basket's WriteBuffer failed.
Error in <TBranch::TBranch::Fill>: Failed to write out basket.

Error in <TTree::Fill>: Failed filling branch:Tree.genWeight, nbytes=-1, entry=39900
Error in <TBranch::WriteBasketImpl>: basket's WriteBuffer failed.
Error in <TBranch::TBranch::Fill>: Failed to write out basket.

Error in <TTree::Fill>: Failed filling branch:Tree.new_weight, nbytes=-1, entry=39900
Error in <TBranch::WriteBasketImpl>: basket's WriteBuffer failed.
Error in <TBranch::TBranch::Fill>: Failed to write out basket.

Error in <TTree::Fill>: Failed filling branch:Tree.nMuons, nbytes=-1, entry=39905
 This error is symptomatic of a Tree created as a memory-resident Tree
 Instead of doing:
    TTree *T = new TTree(...)
    TFile *f = new TFile(...)
 you should do:
    TFile *f = new TFile(...)
    TTree *T = new TTree(...)


Error in <TBranch::WriteBasketImpl>: basket's WriteBuffer failed.
Error in <TBranch::TBranch::Fill>: Failed to write out basket.

Error in <TTree::Fill>: Failed filling branch:Tree.nElecs, nbytes=-1, entry=39905
 This error is symptomatic of a Tree created as a memory-resident Tree
 Instead of doing:
    TTree *T = new TTree(...)
    TFile *f = new TFile(...)
 you should do:
    TFile *f = new TFile(...)
    TTree *T = new TTree(...)


Error in <TBranch::WriteBasketImpl>: basket's WriteBuffer failed.
Error in <TBranch::TBranch::Fill>: Failed to write out basket.

Error in <TTree::Fill>: Failed filling branch:Tree.nJets, nbytes=-1, entry=39905
Error in <TBranch::WriteBasketImpl>: basket's WriteBuffer failed.
Error in <TBranch::TBranch::Fill>: Failed to write out basket.

Error in <TTree::Fill>: Failed filling branch:Tree.PUWeight, nbytes=-1, entry=39905
Error in <TBranch::WriteBasketImpl>: basket's WriteBuffer failed.
Error in <TBranch::TBranch::Fill>: Failed to write out basket.

Error in <TTree::Fill>: Failed filling branch:Tree.HT, nbytes=-1, entry=39910
 This error is symptomatic of a Tree created as a memory-resident Tree
 Instead of doing:
    TTree *T = new TTree(...)
    TFile *f = new TFile(...)
 you should do:
    TFile *f = new TFile(...)
    TTree *T = new TTree(...)


Error in <TBranchElement::WriteBasketImpl>: basket's WriteBuffer failed.
Error in <TBranchElement::TBranch::Fill>: Failed to write out basket.

Error in <TBranchElement::Fill>: Failed filling branch:bTagScore, nbytes=-1
Error in <TTree::Fill>: Failed filling branch:Tree.bTagScore, nbytes=-1, entry=40522
 This error is symptomatic of a Tree created as a memory-resident Tree
 Instead of doing:
    TTree *T = new TTree(...)
    TFile *f = new TFile(...)
 you should do:
    TFile *f = new TFile(...)
    TTree *T = new TTree(...)


Error in <TBranchElement::WriteBasketImpl>: basket's WriteBuffer failed.
Error in <TBranchElement::TBranch::Fill>: Failed to write out basket.

Error in <TBranchElement::Fill>: Failed filling branch:partonFlavs, nbytes=-1
Error in <TTree::Fill>: Failed filling branch:Tree.partonFlavs, nbytes=-1, entry=40522
 This error is symptomatic of a Tree created as a memory-resident Tree
 Instead of doing:
    TTree *T = new TTree(...)
    TFile *f = new TFile(...)
 you should do:
    TFile *f = new TFile(...)
    TTree *T = new TTree(...)


Error in <TBranchElement::WriteBasketImpl>: basket's WriteBuffer failed.
Error in <TBranchElement::TBranch::Fill>: Failed to write out basket.

Error in <TBranchElement::Fill>: Failed filling branch:jetPUids, nbytes=-1
Error in <TTree::Fill>: Failed filling branch:Tree.jetPUids, nbytes=-1, entry=40527
 This error is symptomatic of a Tree created as a memory-resident Tree
 Instead of doing:
    TTree *T = new TTree(...)
    TFile *f = new TFile(...)
 you should do:
    TFile *f = new TFile(...)
    TTree *T = new TTree(...)


Error in <TBranchElement::WriteBasketImpl>: basket's WriteBuffer failed.
Error in <TBranchElement::TBranch::Fill>: Failed to write out basket.

Error in <TBranchElement::Fill>: Failed filling branch:hadFlavs, nbytes=-1
Error in <TTree::Fill>: Failed filling branch:Tree.hadFlavs, nbytes=-1, entry=40527
 This error is symptomatic of a Tree created as a memory-resident Tree
 Instead of doing:
    TTree *T = new TTree(...)
    TFile *f = new TFile(...)
 you should do:
    TFile *f = new TFile(...)
    TTree *T = new TTree(...)


Error in <TBranchElement::WriteBasketImpl>: basket's WriteBuffer failed.
Error in <TBranchElement::TBranch::Fill>: Failed to write out basket.

Error in <TBranchElement::Fill>: Failed filling branch:jetPt, nbytes=-1
Error in <TTree::Fill>: Failed filling branch:Tree.jetPt, nbytes=-1, entry=40529
 This error is symptomatic of a Tree created as a memory-resident Tree
 Instead of doing:
    TTree *T = new TTree(...)
    TFile *f = new TFile(...)
 you should do:
    TFile *f = new TFile(...)
    TTree *T = new TTree(...)


Error in <TBranchElement::WriteBasketImpl>: basket's WriteBuffer failed.
Error in <TBranchElement::TBranch::Fill>: Failed to write out basket.

Error in <TBranchElement::Fill>: Failed filling branch:jetEta, nbytes=-1
Error in <TTree::Fill>: Failed filling branch:Tree.jetEta, nbytes=-1, entry=40529
 This error is symptomatic of a Tree created as a memory-resident Tree
 Instead of doing:
    TTree *T = new TTree(...)
    TFile *f = new TFile(...)
 you should do:
    TFile *f = new TFile(...)
    TTree *T = new TTree(...)


Error in <TBranchElement::WriteBasketImpl>: basket's WriteBuffer failed.
Error in <TBranchElement::TBranch::Fill>: Failed to write out basket.

Error in <TBranchElement::Fill>: Failed filling branch:bTagScore, nbytes=-1
Error in <TTree::Fill>: Failed filling branch:Tree.bTagScore, nbytes=-1, entry=41186
 This error is symptomatic of a Tree created as a memory-resident Tree
 Instead of doing:
    TTree *T = new TTree(...)
    TFile *f = new TFile(...)
 you should do:
    TFile *f = new TFile(...)
    TTree *T = new TTree(...)


Error in <TBranchElement::WriteBasketImpl>: basket's WriteBuffer failed.
Error in <TBranchElement::TBranch::Fill>: Failed to write out basket.

Error in <TBranchElement::Fill>: Failed filling branch:partonFlavs, nbytes=-1
Error in <TTree::Fill>: Failed filling branch:Tree.partonFlavs, nbytes=-1, entry=41186
 This error is symptomatic of a Tree created as a memory-resident Tree
 Instead of doing:
    TTree *T = new TTree(...)
    TFile *f = new TFile(...)
 you should do:
    TFile *f = new TFile(...)
    TTree *T = new TTree(...)


Error in <TBranchElement::WriteBasketImpl>: basket's WriteBuffer failed.
Error in <TBranchElement::TBranch::Fill>: Failed to write out basket.

Error in <TBranchElement::Fill>: Failed filling branch:jetPUids, nbytes=-1
Error in <TTree::Fill>: Failed filling branch:Tree.jetPUids, nbytes=-1, entry=41190
 This error is symptomatic of a Tree created as a memory-resident Tree
 Instead of doing:
    TTree *T = new TTree(...)
    TFile *f = new TFile(...)
 you should do:
    TFile *f = new TFile(...)
    TTree *T = new TTree(...)


Error in <TBranchElement::WriteBasketImpl>: basket's WriteBuffer failed.
Error in <TBranchElement::TBranch::Fill>: Failed to write out basket.

Error in <TBranchElement::Fill>: Failed filling branch:hadFlavs, nbytes=-1
Error in <TTree::Fill>: Failed filling branch:Tree.hadFlavs, nbytes=-1, entry=41190
 This error is symptomatic of a Tree created as a memory-resident Tree
 Instead of doing:
    TTree *T = new TTree(...)
    TFile *f = new TFile(...)
 you should do:
    TFile *f = new TFile(...)
    TTree *T = new TTree(...)


Error in <TBranchElement::WriteBasketImpl>: basket's WriteBuffer failed.
Error in <TBranchElement::TBranch::Fill>: Failed to write out basket.

Error in <TBranchElement::Fill>: Failed filling branch:jetPt, nbytes=-1
Error in <TTree::Fill>: Failed filling branch:Tree.jetPt, nbytes=-1, entry=41192
 This error is symptomatic of a Tree created as a memory-resident Tree
 Instead of doing:
    TTree *T = new TTree(...)
    TFile *f = new TFile(...)
 you should do:
    TFile *f = new TFile(...)
    TTree *T = new TTree(...)


Error in <TBranchElement::WriteBasketImpl>: basket's WriteBuffer failed.
Error in <TBranchElement::TBranch::Fill>: Failed to write out basket.

Error in <TBranchElement::Fill>: Failed filling branch:jetEta, nbytes=-1
Error in <TTree::Fill>: Failed filling branch:Tree.jetEta, nbytes=-1, entry=41192
 This error is symptomatic of a Tree created as a memory-resident Tree
 Instead of doing:
    TTree *T = new TTree(...)
    TFile *f = new TFile(...)
 you should do:
    TFile *f = new TFile(...)
    TTree *T = new TTree(...)


Error in <TBranchElement::WriteBasketImpl>: basket's WriteBuffer failed.
Error in <TBranchElement::TBranch::Fill>: Failed to write out basket.

Error in <TBranchElement::Fill>: Failed filling branch:bTagScore, nbytes=-1
Error in <TTree::Fill>: Failed filling branch:Tree.bTagScore, nbytes=-1, entry=41853
 This error is symptomatic of a Tree created as a memory-resident Tree
 Instead of doing:
    TTree *T = new TTree(...)
    TFile *f = new TFile(...)
 you should do:
    TFile *f = new TFile(...)
    TTree *T = new TTree(...)


Error in <TBranchElement::WriteBasketImpl>: basket's WriteBuffer failed.
Error in <TBranchElement::TBranch::Fill>: Failed to write out basket.

Error in <TBranchElement::Fill>: Failed filling branch:partonFlavs, nbytes=-1
Error in <TTree::Fill>: Failed filling branch:Tree.partonFlavs, nbytes=-1, entry=41853
 This error is symptomatic of a Tree created as a memory-resident Tree
 Instead of doing:
    TTree *T = new TTree(...)
    TFile *f = new TFile(...)
 you should do:
    TFile *f = new TFile(...)
    TTree *T = new TTree(...)


Error in <TBranchElement::WriteBasketImpl>: basket's WriteBuffer failed.
Error in <TBranchElement::TBranch::Fill>: Failed to write out basket.

Error in <TBranchElement::Fill>: Failed filling branch:jetPUids, nbytes=-1
Error in <TTree::Fill>: Failed filling branch:Tree.jetPUids, nbytes=-1, entry=41858
 This error is symptomatic of a Tree created as a memory-resident Tree
 Instead of doing:
    TTree *T = new TTree(...)
    TFile *f = new TFile(...)
 you should do:
    TFile *f = new TFile(...)
    TTree *T = new TTree(...)


Error in <TBranchElement::WriteBasketImpl>: basket's WriteBuffer failed.
Error in <TBranchElement::TBranch::Fill>: Failed to write out basket.

Error in <TBranchElement::Fill>: Failed filling branch:hadFlavs, nbytes=-1
Error in <TTree::Fill>: Failed filling branch:Tree.hadFlavs, nbytes=-1, entry=41858
 This error is symptomatic of a Tree created as a memory-resident Tree
 Instead of doing:
    TTree *T = new TTree(...)
    TFile *f = new TFile(...)
 you should do:
    TFile *f = new TFile(...)
    TTree *T = new TTree(...)


Error in <TBranchElement::WriteBasketImpl>: basket's WriteBuffer failed.
Error in <TBranchElement::TBranch::Fill>: Failed to write out basket.

Error in <TBranchElement::Fill>: Failed filling branch:jetPt, nbytes=-1
Error in <TTree::Fill>: Failed filling branch:Tree.jetPt, nbytes=-1, entry=41860
 This error is symptomatic of a Tree created as a memory-resident Tree
 Instead of doing:
    TTree *T = new TTree(...)
    TFile *f = new TFile(...)
 you should do:
    TFile *f = new TFile(...)
    TTree *T = new TTree(...)


Error in <TBranchElement::WriteBasketImpl>: basket's WriteBuffer failed.
Error in <TBranchElement::TBranch::Fill>: Failed to write out basket.

Error in <TBranchElement::Fill>: Failed filling branch:jetEta, nbytes=-1
Error in <TTree::Fill>: Failed filling branch:Tree.jetEta, nbytes=-1, entry=41860
 This error is symptomatic of a Tree created as a memory-resident Tree
 Instead of doing:
    TTree *T = new TTree(...)
    TFile *f = new TFile(...)
 you should do:
    TFile *f = new TFile(...)
    TTree *T = new TTree(...)


Error in <TBranchElement::WriteBasketImpl>: basket's WriteBuffer failed.
Error in <TBranchElement::TBranch::Fill>: Failed to write out basket.

Error in <TBranchElement::Fill>: Failed filling branch:partonFlavs, nbytes=-1
Error in <TTree::Fill>: Failed filling branch:Tree.partonFlavs, nbytes=-1, entry=42515
 This error is symptomatic of a Tree created as a memory-resident Tree
 Instead of doing:
    TTree *T = new TTree(...)
    TFile *f = new TFile(...)
 you should do:
    TFile *f = new TFile(...)
    TTree *T = new TTree(...)


Error in <TBranchElement::WriteBasketImpl>: basket's WriteBuffer failed.
Error in <TBranchElement::TBranch::Fill>: Failed to write out basket.

Error in <TBranchElement::Fill>: Failed filling branch:bTagScore, nbytes=-1
Error in <TTree::Fill>: Failed filling branch:Tree.bTagScore, nbytes=-1, entry=42516
 This error is symptomatic of a Tree created as a memory-resident Tree
 Instead of doing:
    TTree *T = new TTree(...)
    TFile *f = new TFile(...)
 you should do:
    TFile *f = new TFile(...)
    TTree *T = new TTree(...)


Error in <TBranchElement::WriteBasketImpl>: basket's WriteBuffer failed.
Error in <TBranchElement::TBranch::Fill>: Failed to write out basket.

Error in <TBranchElement::Fill>: Failed filling branch:jetPUids, nbytes=-1
Error in <TTree::Fill>: Failed filling branch:Tree.jetPUids, nbytes=-1, entry=42521
 This error is symptomatic of a Tree created as a memory-resident Tree
 Instead of doing:
    TTree *T = new TTree(...)
    TFile *f = new TFile(...)
 you should do:
    TFile *f = new TFile(...)
    TTree *T = new TTree(...)


Error in <TBranchElement::WriteBasketImpl>: basket's WriteBuffer failed.
Error in <TBranchElement::TBranch::Fill>: Failed to write out basket.

Error in <TBranchElement::Fill>: Failed filling branch:hadFlavs, nbytes=-1
Error in <TTree::Fill>: Failed filling branch:Tree.hadFlavs, nbytes=-1, entry=42521
 This error is symptomatic of a Tree created as a memory-resident Tree
 Instead of doing:
    TTree *T = new TTree(...)
    TFile *f = new TFile(...)
 you should do:
    TFile *f = new TFile(...)
    TTree *T = new TTree(...)


Error in <TBranchElement::WriteBasketImpl>: basket's WriteBuffer failed.
Error in <TBranchElement::TBranch::Fill>: Failed to write out basket.

Error in <TBranchElement::Fill>: Failed filling branch:jetPt, nbytes=-1
Error in <TTree::Fill>: Failed filling branch:Tree.jetPt, nbytes=-1, entry=42523
 This error is symptomatic of a Tree created as a memory-resident Tree
 Instead of doing:
    TTree *T = new TTree(...)
    TFile *f = new TFile(...)
 you should do:
    TFile *f = new TFile(...)
    TTree *T = new TTree(...)


Error in <TBranchElement::WriteBasketImpl>: basket's WriteBuffer failed.
Error in <TBranchElement::TBranch::Fill>: Failed to write out basket.

Error in <TBranchElement::Fill>: Failed filling branch:jetEta, nbytes=-1
Error in <TTree::Fill>: Failed filling branch:Tree.jetEta, nbytes=-1, entry=42523
 This error is symptomatic of a Tree created as a memory-resident Tree
 Instead of doing:
    TTree *T = new TTree(...)
    TFile *f = new TFile(...)
 you should do:
    TFile *f = new TFile(...)
    TTree *T = new TTree(...)


Error in <TBranchElement::WriteBasketImpl>: basket's WriteBuffer failed.
Error in <TBranchElement::TBranch::Fill>: Failed to write out basket.

Error in <TBranchElement::Fill>: Failed filling branch:partonFlavs, nbytes=-1
Error in <TTree::Fill>: Failed filling branch:Tree.partonFlavs, nbytes=-1, entry=43179
 This error is symptomatic of a Tree created as a memory-resident Tree
 Instead of doing:
    TTree *T = new TTree(...)
    TFile *f = new TFile(...)
 you should do:
    TFile *f = new TFile(...)
    TTree *T = new TTree(...)


Error in <TBranchElement::WriteBasketImpl>: basket's WriteBuffer failed.
Error in <TBranchElement::TBranch::Fill>: Failed to write out basket.

Error in <TBranchElement::Fill>: Failed filling branch:bTagScore, nbytes=-1
Error in <TTree::Fill>: Failed filling branch:Tree.bTagScore, nbytes=-1, entry=43180
 This error is symptomatic of a Tree created as a memory-resident Tree
 Instead of doing:
    TTree *T = new TTree(...)
    TFile *f = new TFile(...)
 you should do:
    TFile *f = new TFile(...)
    TTree *T = new TTree(...)


Error in <TBranchElement::WriteBasketImpl>: basket's WriteBuffer failed.
Error in <TBranchElement::TBranch::Fill>: Failed to write out basket.

Error in <TBranchElement::Fill>: Failed filling branch:jetPUids, nbytes=-1
Error in <TTree::Fill>: Failed filling branch:Tree.jetPUids, nbytes=-1, entry=43185
 This error is symptomatic of a Tree created as a memory-resident Tree
 Instead of doing:
    TTree *T = new TTree(...)
    TFile *f = new TFile(...)
 you should do:
    TFile *f = new TFile(...)
    TTree *T = new TTree(...)


Error in <TBranchElement::WriteBasketImpl>: basket's WriteBuffer failed.
Error in <TBranchElement::TBranch::Fill>: Failed to write out basket.

Error in <TBranchElement::Fill>: Failed filling branch:hadFlavs, nbytes=-1
Error in <TTree::Fill>: Failed filling branch:Tree.hadFlavs, nbytes=-1, entry=43185
 This error is symptomatic of a Tree created as a memory-resident Tree
 Instead of doing:
    TTree *T = new TTree(...)
    TFile *f = new TFile(...)
 you should do:
    TFile *f = new TFile(...)
    TTree *T = new TTree(...)


Error in <TBranchElement::WriteBasketImpl>: basket's WriteBuffer failed.
Error in <TBranchElement::TBranch::Fill>: Failed to write out basket.

Error in <TBranchElement::Fill>: Failed filling branch:jetPt, nbytes=-1
Error in <TTree::Fill>: Failed filling branch:Tree.jetPt, nbytes=-1, entry=43187
 This error is symptomatic of a Tree created as a memory-resident Tree
 Instead of doing:
    TTree *T = new TTree(...)
    TFile *f = new TFile(...)
 you should do:
    TFile *f = new TFile(...)
    TTree *T = new TTree(...)


Error in <TBranchElement::WriteBasketImpl>: basket's WriteBuffer failed.
Error in <TBranchElement::TBranch::Fill>: Failed to write out basket.

Error in <TBranchElement::Fill>: Failed filling branch:jetEta, nbytes=-1
Error in <TTree::Fill>: Failed filling branch:Tree.jetEta, nbytes=-1, entry=43187
 This error is symptomatic of a Tree created as a memory-resident Tree
 Instead of doing:
    TTree *T = new TTree(...)
    TFile *f = new TFile(...)
 you should do:
    TFile *f = new TFile(...)
    TTree *T = new TTree(...)


Error in <TBranchElement::WriteBasketImpl>: basket's WriteBuffer failed.
Error in <TBranchElement::TBranch::Fill>: Failed to write out basket.

Error in <TBranchElement::Fill>: Failed filling branch:partonFlavs, nbytes=-1
Error in <TTree::Fill>: Failed filling branch:Tree.partonFlavs, nbytes=-1, entry=43845
 This error is symptomatic of a Tree created as a memory-resident Tree
 Instead of doing:
    TTree *T = new TTree(...)
    TFile *f = new TFile(...)
 you should do:
    TFile *f = new TFile(...)
    TTree *T = new TTree(...)


Error in <TBranchElement::WriteBasketImpl>: basket's WriteBuffer failed.
Error in <TBranchElement::TBranch::Fill>: Failed to write out basket.

Error in <TBranchElement::Fill>: Failed filling branch:bTagScore, nbytes=-1
Error in <TTree::Fill>: Failed filling branch:Tree.bTagScore, nbytes=-1, entry=43846
 This error is symptomatic of a Tree created as a memory-resident Tree
 Instead of doing:
    TTree *T = new TTree(...)
    TFile *f = new TFile(...)
 you should do:
    TFile *f = new TFile(...)
    TTree *T = new TTree(...)


Error in <TBranchElement::WriteBasketImpl>: basket's WriteBuffer failed.
Error in <TBranchElement::TBranch::Fill>: Failed to write out basket.

Error in <TBranchElement::Fill>: Failed filling branch:jetPUids, nbytes=-1
Error in <TTree::Fill>: Failed filling branch:Tree.jetPUids, nbytes=-1, entry=43851
 This error is symptomatic of a Tree created as a memory-resident Tree
 Instead of doing:
    TTree *T = new TTree(...)
    TFile *f = new TFile(...)
 you should do:
    TFile *f = new TFile(...)
    TTree *T = new TTree(...)


Error in <TBranchElement::WriteBasketImpl>: basket's WriteBuffer failed.
Error in <TBranchElement::TBranch::Fill>: Failed to write out basket.

Error in <TBranchElement::Fill>: Failed filling branch:hadFlavs, nbytes=-1
Error in <TTree::Fill>: Failed filling branch:Tree.hadFlavs, nbytes=-1, entry=43851
 This error is symptomatic of a Tree created as a memory-resident Tree
 Instead of doing:
    TTree *T = new TTree(...)
    TFile *f = new TFile(...)
 you should do:
    TFile *f = new TFile(...)
    TTree *T = new TTree(...)


Error in <TBranchElement::WriteBasketImpl>: basket's WriteBuffer failed.
Error in <TBranchElement::TBranch::Fill>: Failed to write out basket.

Error in <TBranchElement::Fill>: Failed filling branch:jetPt, nbytes=-1
Error in <TTree::Fill>: Failed filling branch:Tree.jetPt, nbytes=-1, entry=43853
 This error is symptomatic of a Tree created as a memory-resident Tree
 Instead of doing:
    TTree *T = new TTree(...)
    TFile *f = new TFile(...)
 you should do:
    TFile *f = new TFile(...)
    TTree *T = new TTree(...)


Error in <TBranchElement::WriteBasketImpl>: basket's WriteBuffer failed.
Error in <TBranchElement::TBranch::Fill>: Failed to write out basket.

Error in <TBranchElement::Fill>: Failed filling branch:jetEta, nbytes=-1
Error in <TTree::Fill>: Failed filling branch:Tree.jetEta, nbytes=-1, entry=43853
 This error is symptomatic of a Tree created as a memory-resident Tree
 Instead of doing:
    TTree *T = new TTree(...)
    TFile *f = new TFile(...)
 you should do:
    TFile *f = new TFile(...)
    TTree *T = new TTree(...)


Error in <TBranchElement::WriteBasketImpl>: basket's WriteBuffer failed.
Error in <TBranchElement::TBranch::Fill>: Failed to write out basket.

Error in <TBranchElement::Fill>: Failed filling branch:partonFlavs, nbytes=-1
Error in <TTree::Fill>: Failed filling branch:Tree.partonFlavs, nbytes=-1, entry=44509
 This error is symptomatic of a Tree created as a memory-resident Tree
 Instead of doing:
    TTree *T = new TTree(...)
    TFile *f = new TFile(...)
 you should do:
    TFile *f = new TFile(...)
    TTree *T = new TTree(...)


Error in <TBranchElement::WriteBasketImpl>: basket's WriteBuffer failed.
Error in <TBranchElement::TBranch::Fill>: Failed to write out basket.

Error in <TBranchElement::Fill>: Failed filling branch:bTagScore, nbytes=-1
Error in <TTree::Fill>: Failed filling branch:Tree.bTagScore, nbytes=-1, entry=44511
 This error is symptomatic of a Tree created as a memory-resident Tree
 Instead of doing:
    TTree *T = new TTree(...)
    TFile *f = new TFile(...)
 you should do:
    TFile *f = new TFile(...)
    TTree *T = new TTree(...)


Error in <TBranchElement::WriteBasketImpl>: basket's WriteBuffer failed.
Error in <TBranchElement::TBranch::Fill>: Failed to write out basket.

Error in <TBranchElement::Fill>: Failed filling branch:jetPUids, nbytes=-1
Error in <TTree::Fill>: Failed filling branch:Tree.jetPUids, nbytes=-1, entry=44516
 This error is symptomatic of a Tree created as a memory-resident Tree
 Instead of doing:
    TTree *T = new TTree(...)
    TFile *f = new TFile(...)
 you should do:
    TFile *f = new TFile(...)
    TTree *T = new TTree(...)


Error in <TBranchElement::WriteBasketImpl>: basket's WriteBuffer failed.
Error in <TBranchElement::TBranch::Fill>: Failed to write out basket.

Error in <TBranchElement::Fill>: Failed filling branch:hadFlavs, nbytes=-1
Error in <TTree::Fill>: Failed filling branch:Tree.hadFlavs, nbytes=-1, entry=44516
 This error is symptomatic of a Tree created as a memory-resident Tree
 Instead of doing:
    TTree *T = new TTree(...)
    TFile *f = new TFile(...)
 you should do:
    TFile *f = new TFile(...)
    TTree *T = new TTree(...)


Error in <TBranchElement::WriteBasketImpl>: basket's WriteBuffer failed.
Error in <TBranchElement::TBranch::Fill>: Failed to write out basket.

Error in <TBranchElement::Fill>: Failed filling branch:jetPt, nbytes=-1
Error in <TTree::Fill>: Failed filling branch:Tree.jetPt, nbytes=-1, entry=44518
 This error is symptomatic of a Tree created as a memory-resident Tree
 Instead of doing:
    TTree *T = new TTree(...)
    TFile *f = new TFile(...)
 you should do:
    TFile *f = new TFile(...)
    TTree *T = new TTree(...)


Error in <TBranchElement::WriteBasketImpl>: basket's WriteBuffer failed.
Error in <TBranchElement::TBranch::Fill>: Failed to write out basket.

Error in <TBranchElement::Fill>: Failed filling branch:jetEta, nbytes=-1
Error in <TTree::Fill>: Failed filling branch:Tree.jetEta, nbytes=-1, entry=44518
 This error is symptomatic of a Tree created as a memory-resident Tree
 Instead of doing:
    TTree *T = new TTree(...)
    TFile *f = new TFile(...)
 you should do:
    TFile *f = new TFile(...)
    TTree *T = new TTree(...)


Error in <TBranchElement::WriteBasketImpl>: basket's WriteBuffer failed.
Error in <TBranchElement::TBranch::Fill>: Failed to write out basket.

Error in <TBranchElement::Fill>: Failed filling branch:partonFlavs, nbytes=-1
Error in <TTree::Fill>: Failed filling branch:Tree.partonFlavs, nbytes=-1, entry=45172
 This error is symptomatic of a Tree created as a memory-resident Tree
 Instead of doing:
    TTree *T = new TTree(...)
    TFile *f = new TFile(...)
 you should do:
    TFile *f = new TFile(...)
    TTree *T = new TTree(...)


Error in <TBranchElement::WriteBasketImpl>: basket's WriteBuffer failed.
Error in <TBranchElement::TBranch::Fill>: Failed to write out basket.

Error in <TBranchElement::Fill>: Failed filling branch:bTagScore, nbytes=-1
Error in <TTree::Fill>: Failed filling branch:Tree.bTagScore, nbytes=-1, entry=45174
 This error is symptomatic of a Tree created as a memory-resident Tree
 Instead of doing:
    TTree *T = new TTree(...)
    TFile *f = new TFile(...)
 you should do:
    TFile *f = new TFile(...)
    TTree *T = new TTree(...)


Error in <TBranchElement::WriteBasketImpl>: basket's WriteBuffer failed.
Error in <TBranchElement::TBranch::Fill>: Failed to write out basket.

Error in <TBranchElement::Fill>: Failed filling branch:jetPUids, nbytes=-1
Error in <TTree::Fill>: Failed filling branch:Tree.jetPUids, nbytes=-1, entry=45179
 This error is symptomatic of a Tree created as a memory-resident Tree
 Instead of doing:
    TTree *T = new TTree(...)
    TFile *f = new TFile(...)
 you should do:
    TFile *f = new TFile(...)
    TTree *T = new TTree(...)


Error in <TBranchElement::WriteBasketImpl>: basket's WriteBuffer failed.
Error in <TBranchElement::TBranch::Fill>: Failed to write out basket.

Error in <TBranchElement::Fill>: Failed filling branch:hadFlavs, nbytes=-1
Error in <TTree::Fill>: Failed filling branch:Tree.hadFlavs, nbytes=-1, entry=45179
 This error is symptomatic of a Tree created as a memory-resident Tree
 Instead of doing:
    TTree *T = new TTree(...)
    TFile *f = new TFile(...)
 you should do:
    TFile *f = new TFile(...)
    TTree *T = new TTree(...)


Error in <TBranchElement::WriteBasketImpl>: basket's WriteBuffer failed.
Error in <TBranchElement::TBranch::Fill>: Failed to write out basket.

Error in <TBranchElement::Fill>: Failed filling branch:jetPt, nbytes=-1
Error in <TTree::Fill>: Failed filling branch:Tree.jetPt, nbytes=-1, entry=45181
 This error is symptomatic of a Tree created as a memory-resident Tree
 Instead of doing:
    TTree *T = new TTree(...)
    TFile *f = new TFile(...)
 you should do:
    TFile *f = new TFile(...)
    TTree *T = new TTree(...)


Error in <TBranchElement::WriteBasketImpl>: basket's WriteBuffer failed.
Error in <TBranchElement::TBranch::Fill>: Failed to write out basket.

Error in <TBranchElement::Fill>: Failed filling branch:jetEta, nbytes=-1
Error in <TTree::Fill>: Failed filling branch:Tree.jetEta, nbytes=-1, entry=45181
 This error is symptomatic of a Tree created as a memory-resident Tree
 Instead of doing:
    TTree *T = new TTree(...)
    TFile *f = new TFile(...)
 you should do:
    TFile *f = new TFile(...)
    TTree *T = new TTree(...)


Error in <TBranchElement::WriteBasketImpl>: basket's WriteBuffer failed.
Error in <TBranchElement::TBranch::Fill>: Failed to write out basket.

Error in <TBranchElement::Fill>: Failed filling branch:partonFlavs, nbytes=-1
Error in <TTree::Fill>: Failed filling branch:Tree.partonFlavs, nbytes=-1, entry=45837
 This error is symptomatic of a Tree created as a memory-resident Tree
 Instead of doing:
    TTree *T = new TTree(...)
    TFile *f = new TFile(...)
 you should do:
    TFile *f = new TFile(...)
    TTree *T = new TTree(...)


Error in <TBranchElement::WriteBasketImpl>: basket's WriteBuffer failed.
Error in <TBranchElement::TBranch::Fill>: Failed to write out basket.

Error in <TBranchElement::Fill>: Failed filling branch:bTagScore, nbytes=-1
Error in <TTree::Fill>: Failed filling branch:Tree.bTagScore, nbytes=-1, entry=45839
 This error is symptomatic of a Tree created as a memory-resident Tree
 Instead of doing:
    TTree *T = new TTree(...)
    TFile *f = new TFile(...)
 you should do:
    TFile *f = new TFile(...)
    TTree *T = new TTree(...)


Error in <TBranchElement::WriteBasketImpl>: basket's WriteBuffer failed.
Error in <TBranchElement::TBranch::Fill>: Failed to write out basket.

Error in <TBranchElement::Fill>: Failed filling branch:jetPUids, nbytes=-1
Error in <TTree::Fill>: Failed filling branch:Tree.jetPUids, nbytes=-1, entry=45844
 This error is symptomatic of a Tree created as a memory-resident Tree
 Instead of doing:
    TTree *T = new TTree(...)
    TFile *f = new TFile(...)
 you should do:
    TFile *f = new TFile(...)
    TTree *T = new TTree(...)


Error in <TBranchElement::WriteBasketImpl>: basket's WriteBuffer failed.
Error in <TBranchElement::TBranch::Fill>: Failed to write out basket.

Error in <TBranchElement::Fill>: Failed filling branch:hadFlavs, nbytes=-1
Error in <TTree::Fill>: Failed filling branch:Tree.hadFlavs, nbytes=-1, entry=45844
 This error is symptomatic of a Tree created as a memory-resident Tree
 Instead of doing:
    TTree *T = new TTree(...)
    TFile *f = new TFile(...)
 you should do:
    TFile *f = new TFile(...)
    TTree *T = new TTree(...)


Error in <TBranchElement::WriteBasketImpl>: basket's WriteBuffer failed.
Error in <TBranchElement::TBranch::Fill>: Failed to write out basket.

Error in <TBranchElement::Fill>: Failed filling branch:jetPt, nbytes=-1
Error in <TTree::Fill>: Failed filling branch:Tree.jetPt, nbytes=-1, entry=45846
 This error is symptomatic of a Tree created as a memory-resident Tree
 Instead of doing:
    TTree *T = new TTree(...)
    TFile *f = new TFile(...)
 you should do:
    TFile *f = new TFile(...)
    TTree *T = new TTree(...)


Error in <TBranchElement::WriteBasketImpl>: basket's WriteBuffer failed.
Error in <TBranchElement::TBranch::Fill>: Failed to write out basket.

Error in <TBranchElement::Fill>: Failed filling branch:jetEta, nbytes=-1
Error in <TTree::Fill>: Failed filling branch:Tree.jetEta, nbytes=-1, entry=45846
 This error is symptomatic of a Tree created as a memory-resident Tree
 Instead of doing:
    TTree *T = new TTree(...)
    TFile *f = new TFile(...)
 you should do:
    TFile *f = new TFile(...)
    TTree *T = new TTree(...)


Error in <TBranchElement::WriteBasketImpl>: basket's WriteBuffer failed.
Error in <TBranchElement::TBranch::Fill>: Failed to write out basket.

Error in <TBranchElement::Fill>: Failed filling branch:partonFlavs, nbytes=-1
Error in <TTree::Fill>: Failed filling branch:Tree.partonFlavs, nbytes=-1, entry=46502
 This error is symptomatic of a Tree created as a memory-resident Tree
 Instead of doing:
    TTree *T = new TTree(...)
    TFile *f = new TFile(...)
 you should do:
    TFile *f = new TFile(...)
    TTree *T = new TTree(...)


Error in <TBranchElement::WriteBasketImpl>: basket's WriteBuffer failed.
Error in <TBranchElement::TBranch::Fill>: Failed to write out basket.

Error in <TBranchElement::Fill>: Failed filling branch:bTagScore, nbytes=-1
Error in <TTree::Fill>: Failed filling branch:Tree.bTagScore, nbytes=-1, entry=46504
 This error is symptomatic of a Tree created as a memory-resident Tree
 Instead of doing:
    TTree *T = new TTree(...)
    TFile *f = new TFile(...)
 you should do:
    TFile *f = new TFile(...)
    TTree *T = new TTree(...)


Error in <TBranchElement::WriteBasketImpl>: basket's WriteBuffer failed.
Error in <TBranchElement::TBranch::Fill>: Failed to write out basket.

Error in <TBranchElement::Fill>: Failed filling branch:jetPUids, nbytes=-1
Error in <TTree::Fill>: Failed filling branch:Tree.jetPUids, nbytes=-1, entry=46509
 This error is symptomatic of a Tree created as a memory-resident Tree
 Instead of doing:
    TTree *T = new TTree(...)
    TFile *f = new TFile(...)
 you should do:
    TFile *f = new TFile(...)
    TTree *T = new TTree(...)


Error in <TBranchElement::WriteBasketImpl>: basket's WriteBuffer failed.
Error in <TBranchElement::TBranch::Fill>: Failed to write out basket.

Error in <TBranchElement::Fill>: Failed filling branch:hadFlavs, nbytes=-1
Error in <TTree::Fill>: Failed filling branch:Tree.hadFlavs, nbytes=-1, entry=46509
 This error is symptomatic of a Tree created as a memory-resident Tree
 Instead of doing:
    TTree *T = new TTree(...)
    TFile *f = new TFile(...)
 you should do:
    TFile *f = new TFile(...)
    TTree *T = new TTree(...)


Error in <TBranchElement::WriteBasketImpl>: basket's WriteBuffer failed.
Error in <TBranchElement::TBranch::Fill>: Failed to write out basket.

Error in <TBranchElement::Fill>: Failed filling branch:jetPt, nbytes=-1
Error in <TTree::Fill>: Failed filling branch:Tree.jetPt, nbytes=-1, entry=46511
 This error is symptomatic of a Tree created as a memory-resident Tree
 Instead of doing:
    TTree *T = new TTree(...)
    TFile *f = new TFile(...)
 you should do:
    TFile *f = new TFile(...)
    TTree *T = new TTree(...)


Error in <TBranchElement::WriteBasketImpl>: basket's WriteBuffer failed.
Error in <TBranchElement::TBranch::Fill>: Failed to write out basket.

Error in <TBranchElement::Fill>: Failed filling branch:jetEta, nbytes=-1
Error in <TTree::Fill>: Failed filling branch:Tree.jetEta, nbytes=-1, entry=46511
 This error is symptomatic of a Tree created as a memory-resident Tree
 Instead of doing:
    TTree *T = new TTree(...)
    TFile *f = new TFile(...)
 you should do:
    TFile *f = new TFile(...)
    TTree *T = new TTree(...)


Error in <TBranchElement::WriteBasketImpl>: basket's WriteBuffer failed.
Error in <TBranchElement::TBranch::Fill>: Failed to write out basket.

Error in <TBranchElement::Fill>: Failed filling branch:partonFlavs, nbytes=-1
Error in <TTree::Fill>: Failed filling branch:Tree.partonFlavs, nbytes=-1, entry=47169
 This error is symptomatic of a Tree created as a memory-resident Tree
 Instead of doing:
    TTree *T = new TTree(...)
    TFile *f = new TFile(...)
 you should do:
    TFile *f = new TFile(...)
    TTree *T = new TTree(...)


Error in <TBranchElement::WriteBasketImpl>: basket's WriteBuffer failed.
Error in <TBranchElement::TBranch::Fill>: Failed to write out basket.

Error in <TBranchElement::Fill>: Failed filling branch:bTagScore, nbytes=-1
Error in <TTree::Fill>: Failed filling branch:Tree.bTagScore, nbytes=-1, entry=47171
 This error is symptomatic of a Tree created as a memory-resident Tree
 Instead of doing:
    TTree *T = new TTree(...)
    TFile *f = new TFile(...)
 you should do:
    TFile *f = new TFile(...)
    TTree *T = new TTree(...)


Error in <TBranchElement::WriteBasketImpl>: basket's WriteBuffer failed.
Error in <TBranchElement::TBranch::Fill>: Failed to write out basket.

Error in <TBranchElement::Fill>: Failed filling branch:jetPUids, nbytes=-1
Error in <TTree::Fill>: Failed filling branch:Tree.jetPUids, nbytes=-1, entry=47175
 This error is symptomatic of a Tree created as a memory-resident Tree
 Instead of doing:
    TTree *T = new TTree(...)
    TFile *f = new TFile(...)
 you should do:
    TFile *f = new TFile(...)
    TTree *T = new TTree(...)


Error in <TBranchElement::WriteBasketImpl>: basket's WriteBuffer failed.
Error in <TBranchElement::TBranch::Fill>: Failed to write out basket.

Error in <TBranchElement::Fill>: Failed filling branch:hadFlavs, nbytes=-1
Error in <TTree::Fill>: Failed filling branch:Tree.hadFlavs, nbytes=-1, entry=47175
 This error is symptomatic of a Tree created as a memory-resident Tree
 Instead of doing:
    TTree *T = new TTree(...)
    TFile *f = new TFile(...)
 you should do:
    TFile *f = new TFile(...)
    TTree *T = new TTree(...)


Error in <TBranchElement::WriteBasketImpl>: basket's WriteBuffer failed.
Error in <TBranchElement::TBranch::Fill>: Failed to write out basket.

Error in <TBranchElement::Fill>: Failed filling branch:jetPt, nbytes=-1
Error in <TTree::Fill>: Failed filling branch:Tree.jetPt, nbytes=-1, entry=47177
 This error is symptomatic of a Tree created as a memory-resident Tree
 Instead of doing:
    TTree *T = new TTree(...)
    TFile *f = new TFile(...)
 you should do:
    TFile *f = new TFile(...)
    TTree *T = new TTree(...)


Error in <TBranchElement::WriteBasketImpl>: basket's WriteBuffer failed.
Error in <TBranchElement::TBranch::Fill>: Failed to write out basket.

Error in <TBranchElement::Fill>: Failed filling branch:jetEta, nbytes=-1
Error in <TTree::Fill>: Failed filling branch:Tree.jetEta, nbytes=-1, entry=47177
 This error is symptomatic of a Tree created as a memory-resident Tree
 Instead of doing:
    TTree *T = new TTree(...)
    TFile *f = new TFile(...)
 you should do:
    TFile *f = new TFile(...)
    TTree *T = new TTree(...)


Error in <TBranchElement::WriteBasketImpl>: basket's WriteBuffer failed.
Error in <TBranchElement::TBranch::Fill>: Failed to write out basket.

Error in <TBranchElement::Fill>: Failed filling branch:partonFlavs, nbytes=-1
Error in <TTree::Fill>: Failed filling branch:Tree.partonFlavs, nbytes=-1, entry=47831
 This error is symptomatic of a Tree created as a memory-resident Tree
 Instead of doing:
    TTree *T = new TTree(...)
    TFile *f = new TFile(...)
 you should do:
    TFile *f = new TFile(...)
    TTree *T = new TTree(...)


Error in <TBranchElement::WriteBasketImpl>: basket's WriteBuffer failed.
Error in <TBranchElement::TBranch::Fill>: Failed to write out basket.

Error in <TBranchElement::Fill>: Failed filling branch:bTagScore, nbytes=-1
Error in <TTree::Fill>: Failed filling branch:Tree.bTagScore, nbytes=-1, entry=47834
 This error is symptomatic of a Tree created as a memory-resident Tree
 Instead of doing:
    TTree *T = new TTree(...)
    TFile *f = new TFile(...)
 you should do:
    TFile *f = new TFile(...)
    TTree *T = new TTree(...)


Error in <TBranchElement::WriteBasketImpl>: basket's WriteBuffer failed.
Error in <TBranchElement::TBranch::Fill>: Failed to write out basket.

Error in <TBranchElement::Fill>: Failed filling branch:jetPUids, nbytes=-1
Error in <TTree::Fill>: Failed filling branch:Tree.jetPUids, nbytes=-1, entry=47838
 This error is symptomatic of a Tree created as a memory-resident Tree
 Instead of doing:
    TTree *T = new TTree(...)
    TFile *f = new TFile(...)
 you should do:
    TFile *f = new TFile(...)
    TTree *T = new TTree(...)


Error in <TBranchElement::WriteBasketImpl>: basket's WriteBuffer failed.
Error in <TBranchElement::TBranch::Fill>: Failed to write out basket.

Error in <TBranchElement::Fill>: Failed filling branch:hadFlavs, nbytes=-1
Error in <TTree::Fill>: Failed filling branch:Tree.hadFlavs, nbytes=-1, entry=47838
 This error is symptomatic of a Tree created as a memory-resident Tree
 Instead of doing:
    TTree *T = new TTree(...)
    TFile *f = new TFile(...)
 you should do:
    TFile *f = new TFile(...)
    TTree *T = new TTree(...)


Error in <TBranchElement::WriteBasketImpl>: basket's WriteBuffer failed.
Error in <TBranchElement::TBranch::Fill>: Failed to write out basket.

Error in <TBranchElement::Fill>: Failed filling branch:jetPt, nbytes=-1
Error in <TTree::Fill>: Failed filling branch:Tree.jetPt, nbytes=-1, entry=47840
 This error is symptomatic of a Tree created as a memory-resident Tree
 Instead of doing:
    TTree *T = new TTree(...)
    TFile *f = new TFile(...)
 you should do:
    TFile *f = new TFile(...)
    TTree *T = new TTree(...)


Error in <TBranchElement::WriteBasketImpl>: basket's WriteBuffer failed.
Error in <TBranchElement::TBranch::Fill>: Failed to write out basket.

Error in <TBranchElement::Fill>: Failed filling branch:jetEta, nbytes=-1
Error in <TTree::Fill>: Failed filling branch:Tree.jetEta, nbytes=-1, entry=47840
 This error is symptomatic of a Tree created as a memory-resident Tree
 Instead of doing:
    TTree *T = new TTree(...)
    TFile *f = new TFile(...)
 you should do:
    TFile *f = new TFile(...)
    TTree *T = new TTree(...)


Error in <TBranch::WriteBasketImpl>: basket's WriteBuffer failed.
Error in <TBranch::TBranch::Fill>: Failed to write out basket.

Error in <TTree::Fill>: Failed filling branch:Tree.L1PrefiringWeight, nbytes=-1, entry=47868
 This error is symptomatic of a Tree created as a memory-resident Tree
 Instead of doing:
    TTree *T = new TTree(...)
    TFile *f = new TFile(...)
 you should do:
    TFile *f = new TFile(...)
    TTree *T = new TTree(...)


Error in <TBranch::WriteBasketImpl>: basket's WriteBuffer failed.
Error in <TBranch::TBranch::Fill>: Failed to write out basket.

Error in <TTree::Fill>: Failed filling branch:Tree.eventNumber, nbytes=-1, entry=47880
 This error is symptomatic of a Tree created as a memory-resident Tree
 Instead of doing:
    TTree *T = new TTree(...)
    TFile *f = new TFile(...)
 you should do:
    TFile *f = new TFile(...)
    TTree *T = new TTree(...)


Error in <TBranch::WriteBasketImpl>: basket's WriteBuffer failed.
Error in <TBranch::TBranch::Fill>: Failed to write out basket.

Error in <TTree::Fill>: Failed filling branch:Tree.runNumber, nbytes=-1, entry=47880
 This error is symptomatic of a Tree created as a memory-resident Tree
 Instead of doing:
    TTree *T = new TTree(...)
    TFile *f = new TFile(...)
 you should do:
    TFile *f = new TFile(...)
    TTree *T = new TTree(...)


Error in <TBranch::WriteBasketImpl>: basket's WriteBuffer failed.
Error in <TBranch::TBranch::Fill>: Failed to write out basket.

Error in <TTree::Fill>: Failed filling branch:Tree.SampleWeight, nbytes=-1, entry=47880
Error in <TBranch::WriteBasketImpl>: basket's WriteBuffer failed.
Error in <TBranch::TBranch::Fill>: Failed to write out basket.

Error in <TTree::Fill>: Failed filling branch:Tree.genWeight, nbytes=-1, entry=47880
Error in <TBranch::WriteBasketImpl>: basket's WriteBuffer failed.
Error in <TBranch::TBranch::Fill>: Failed to write out basket.

Error in <TTree::Fill>: Failed filling branch:Tree.new_weight, nbytes=-1, entry=47880
Error in <TBranch::WriteBasketImpl>: basket's WriteBuffer failed.
Error in <TBranch::TBranch::Fill>: Failed to write out basket.

Error in <TTree::Fill>: Failed filling branch:Tree.nMuons, nbytes=-1, entry=47886
 This error is symptomatic of a Tree created as a memory-resident Tree
 Instead of doing:
    TTree *T = new TTree(...)
    TFile *f = new TFile(...)
 you should do:
    TFile *f = new TFile(...)
    TTree *T = new TTree(...)


Error in <TBranch::WriteBasketImpl>: basket's WriteBuffer failed.
Error in <TBranch::TBranch::Fill>: Failed to write out basket.

Error in <TTree::Fill>: Failed filling branch:Tree.nElecs, nbytes=-1, entry=47886
 This error is symptomatic of a Tree created as a memory-resident Tree
 Instead of doing:
    TTree *T = new TTree(...)
    TFile *f = new TFile(...)
 you should do:
    TFile *f = new TFile(...)
    TTree *T = new TTree(...)


Error in <TBranch::WriteBasketImpl>: basket's WriteBuffer failed.
Error in <TBranch::TBranch::Fill>: Failed to write out basket.

Error in <TTree::Fill>: Failed filling branch:Tree.nJets, nbytes=-1, entry=47886
Error in <TBranch::WriteBasketImpl>: basket's WriteBuffer failed.
Error in <TBranch::TBranch::Fill>: Failed to write out basket.

Error in <TTree::Fill>: Failed filling branch:Tree.PUWeight, nbytes=-1, entry=47886
Error in <TBranch::WriteBasketImpl>: basket's WriteBuffer failed.
Error in <TBranch::TBranch::Fill>: Failed to write out basket.

Error in <TTree::Fill>: Failed filling branch:Tree.HT, nbytes=-1, entry=47892
 This error is symptomatic of a Tree created as a memory-resident Tree
 Instead of doing:
    TTree *T = new TTree(...)
    TFile *f = new TFile(...)
 you should do:
    TFile *f = new TFile(...)
    TTree *T = new TTree(...)


Error in <TBranchElement::WriteBasketImpl>: basket's WriteBuffer failed.
Error in <TBranchElement::TBranch::Fill>: Failed to write out basket.

Error in <TBranchElement::Fill>: Failed filling branch:partonFlavs, nbytes=-1
Error in <TTree::Fill>: Failed filling branch:Tree.partonFlavs, nbytes=-1, entry=48495
 This error is symptomatic of a Tree created as a memory-resident Tree
 Instead of doing:
    TTree *T = new TTree(...)
    TFile *f = new TFile(...)
 you should do:
    TFile *f = new TFile(...)
    TTree *T = new TTree(...)


Error in <TBranchElement::WriteBasketImpl>: basket's WriteBuffer failed.
Error in <TBranchElement::TBranch::Fill>: Failed to write out basket.

Error in <TBranchElement::Fill>: Failed filling branch:bTagScore, nbytes=-1
Error in <TTree::Fill>: Failed filling branch:Tree.bTagScore, nbytes=-1, entry=48498
 This error is symptomatic of a Tree created as a memory-resident Tree
 Instead of doing:
    TTree *T = new TTree(...)
    TFile *f = new TFile(...)
 you should do:
    TFile *f = new TFile(...)
    TTree *T = new TTree(...)


Error in <TBranchElement::WriteBasketImpl>: basket's WriteBuffer failed.
Error in <TBranchElement::TBranch::Fill>: Failed to write out basket.

Error in <TBranchElement::Fill>: Failed filling branch:jetPUids, nbytes=-1
Error in <TTree::Fill>: Failed filling branch:Tree.jetPUids, nbytes=-1, entry=48502
 This error is symptomatic of a Tree created as a memory-resident Tree
 Instead of doing:
    TTree *T = new TTree(...)
    TFile *f = new TFile(...)
 you should do:
    TFile *f = new TFile(...)
    TTree *T = new TTree(...)


Error in <TBranchElement::WriteBasketImpl>: basket's WriteBuffer failed.
Error in <TBranchElement::TBranch::Fill>: Failed to write out basket.

Error in <TBranchElement::Fill>: Failed filling branch:hadFlavs, nbytes=-1
Error in <TTree::Fill>: Failed filling branch:Tree.hadFlavs, nbytes=-1, entry=48502
 This error is symptomatic of a Tree created as a memory-resident Tree
 Instead of doing:
    TTree *T = new TTree(...)
    TFile *f = new TFile(...)
 you should do:
    TFile *f = new TFile(...)
    TTree *T = new TTree(...)


Error in <TBranchElement::WriteBasketImpl>: basket's WriteBuffer failed.
Error in <TBranchElement::TBranch::Fill>: Failed to write out basket.

Error in <TBranchElement::Fill>: Failed filling branch:jetPt, nbytes=-1
Error in <TTree::Fill>: Failed filling branch:Tree.jetPt, nbytes=-1, entry=48504
 This error is symptomatic of a Tree created as a memory-resident Tree
 Instead of doing:
    TTree *T = new TTree(...)
    TFile *f = new TFile(...)
 you should do:
    TFile *f = new TFile(...)
    TTree *T = new TTree(...)


Error in <TBranchElement::WriteBasketImpl>: basket's WriteBuffer failed.
Error in <TBranchElement::TBranch::Fill>: Failed to write out basket.

Error in <TBranchElement::Fill>: Failed filling branch:jetEta, nbytes=-1
Error in <TTree::Fill>: Failed filling branch:Tree.jetEta, nbytes=-1, entry=48504
 This error is symptomatic of a Tree created as a memory-resident Tree
 Instead of doing:
    TTree *T = new TTree(...)
    TFile *f = new TFile(...)
 you should do:
    TFile *f = new TFile(...)
    TTree *T = new TTree(...)


Error in <TBranchElement::WriteBasketImpl>: basket's WriteBuffer failed.
Error in <TBranchElement::TBranch::Fill>: Failed to write out basket.

Error in <TBranchElement::Fill>: Failed filling branch:partonFlavs, nbytes=-1
Error in <TTree::Fill>: Failed filling branch:Tree.partonFlavs, nbytes=-1, entry=49159
 This error is symptomatic of a Tree created as a memory-resident Tree
 Instead of doing:
    TTree *T = new TTree(...)
    TFile *f = new TFile(...)
 you should do:
    TFile *f = new TFile(...)
    TTree *T = new TTree(...)


Error in <TBranchElement::WriteBasketImpl>: basket's WriteBuffer failed.
Error in <TBranchElement::TBranch::Fill>: Failed to write out basket.

Error in <TBranchElement::Fill>: Failed filling branch:bTagScore, nbytes=-1
Error in <TTree::Fill>: Failed filling branch:Tree.bTagScore, nbytes=-1, entry=49162
 This error is symptomatic of a Tree created as a memory-resident Tree
 Instead of doing:
    TTree *T = new TTree(...)
    TFile *f = new TFile(...)
 you should do:
    TFile *f = new TFile(...)
    TTree *T = new TTree(...)


Error in <TBranchElement::WriteBasketImpl>: basket's WriteBuffer failed.
Error in <TBranchElement::TBranch::Fill>: Failed to write out basket.

Error in <TBranchElement::Fill>: Failed filling branch:jetPUids, nbytes=-1
Error in <TTree::Fill>: Failed filling branch:Tree.jetPUids, nbytes=-1, entry=49166
 This error is symptomatic of a Tree created as a memory-resident Tree
 Instead of doing:
    TTree *T = new TTree(...)
    TFile *f = new TFile(...)
 you should do:
    TFile *f = new TFile(...)
    TTree *T = new TTree(...)


Error in <TBranchElement::WriteBasketImpl>: basket's WriteBuffer failed.
Error in <TBranchElement::TBranch::Fill>: Failed to write out basket.

Error in <TBranchElement::Fill>: Failed filling branch:hadFlavs, nbytes=-1
Error in <TTree::Fill>: Failed filling branch:Tree.hadFlavs, nbytes=-1, entry=49166
 This error is symptomatic of a Tree created as a memory-resident Tree
 Instead of doing:
    TTree *T = new TTree(...)
    TFile *f = new TFile(...)
 you should do:
    TFile *f = new TFile(...)
    TTree *T = new TTree(...)


Error in <TBranchElement::WriteBasketImpl>: basket's WriteBuffer failed.
Error in <TBranchElement::TBranch::Fill>: Failed to write out basket.

Error in <TBranchElement::Fill>: Failed filling branch:jetPt, nbytes=-1
Error in <TTree::Fill>: Failed filling branch:Tree.jetPt, nbytes=-1, entry=49168
 This error is symptomatic of a Tree created as a memory-resident Tree
 Instead of doing:
    TTree *T = new TTree(...)
    TFile *f = new TFile(...)
 you should do:
    TFile *f = new TFile(...)
    TTree *T = new TTree(...)


Error in <TBranchElement::WriteBasketImpl>: basket's WriteBuffer failed.
Error in <TBranchElement::TBranch::Fill>: Failed to write out basket.

Error in <TBranchElement::Fill>: Failed filling branch:jetEta, nbytes=-1
Error in <TTree::Fill>: Failed filling branch:Tree.jetEta, nbytes=-1, entry=49168
 This error is symptomatic of a Tree created as a memory-resident Tree
 Instead of doing:
    TTree *T = new TTree(...)
    TFile *f = new TFile(...)
 you should do:
    TFile *f = new TFile(...)
    TTree *T = new TTree(...)


Error in <TBranchElement::WriteBasketImpl>: basket's WriteBuffer failed.
Error in <TBranchElement::TBranch::Fill>: Failed to write out basket.

Error in <TBranchElement::Fill>: Failed filling branch:partonFlavs, nbytes=-1
Error in <TTree::Fill>: Failed filling branch:Tree.partonFlavs, nbytes=-1, entry=49825
 This error is symptomatic of a Tree created as a memory-resident Tree
 Instead of doing:
    TTree *T = new TTree(...)
    TFile *f = new TFile(...)
 you should do:
    TFile *f = new TFile(...)
    TTree *T = new TTree(...)


Error in <TBranchElement::WriteBasketImpl>: basket's WriteBuffer failed.
Error in <TBranchElement::TBranch::Fill>: Failed to write out basket.

Error in <TBranchElement::Fill>: Failed filling branch:bTagScore, nbytes=-1
Error in <TTree::Fill>: Failed filling branch:Tree.bTagScore, nbytes=-1, entry=49829
 This error is symptomatic of a Tree created as a memory-resident Tree
 Instead of doing:
    TTree *T = new TTree(...)
    TFile *f = new TFile(...)
 you should do:
    TFile *f = new TFile(...)
    TTree *T = new TTree(...)


Error in <TBranchElement::WriteBasketImpl>: basket's WriteBuffer failed.
Error in <TBranchElement::TBranch::Fill>: Failed to write out basket.

Error in <TBranchElement::Fill>: Failed filling branch:jetPUids, nbytes=-1
Error in <TTree::Fill>: Failed filling branch:Tree.jetPUids, nbytes=-1, entry=49832
 This error is symptomatic of a Tree created as a memory-resident Tree
 Instead of doing:
    TTree *T = new TTree(...)
    TFile *f = new TFile(...)
 you should do:
    TFile *f = new TFile(...)
    TTree *T = new TTree(...)


Error in <TBranchElement::WriteBasketImpl>: basket's WriteBuffer failed.
Error in <TBranchElement::TBranch::Fill>: Failed to write out basket.

Error in <TBranchElement::Fill>: Failed filling branch:hadFlavs, nbytes=-1
Error in <TTree::Fill>: Failed filling branch:Tree.hadFlavs, nbytes=-1, entry=49832
 This error is symptomatic of a Tree created as a memory-resident Tree
 Instead of doing:
    TTree *T = new TTree(...)
    TFile *f = new TFile(...)
 you should do:
    TFile *f = new TFile(...)
    TTree *T = new TTree(...)


Error in <TBranchElement::WriteBasketImpl>: basket's WriteBuffer failed.
Error in <TBranchElement::TBranch::Fill>: Failed to write out basket.

Error in <TBranchElement::Fill>: Failed filling branch:jetPt, nbytes=-1
Error in <TTree::Fill>: Failed filling branch:Tree.jetPt, nbytes=-1, entry=49835
 This error is symptomatic of a Tree created as a memory-resident Tree
 Instead of doing:
    TTree *T = new TTree(...)
    TFile *f = new TFile(...)
 you should do:
    TFile *f = new TFile(...)
    TTree *T = new TTree(...)


Error in <TBranchElement::WriteBasketImpl>: basket's WriteBuffer failed.
Error in <TBranchElement::TBranch::Fill>: Failed to write out basket.

Error in <TBranchElement::Fill>: Failed filling branch:jetEta, nbytes=-1
Error in <TTree::Fill>: Failed filling branch:Tree.jetEta, nbytes=-1, entry=49835
 This error is symptomatic of a Tree created as a memory-resident Tree
 Instead of doing:
    TTree *T = new TTree(...)
    TFile *f = new TFile(...)
 you should do:
    TFile *f = new TFile(...)
    TTree *T = new TTree(...)


Error in <TBranchElement::WriteBasketImpl>: basket's WriteBuffer failed.
Error in <TBranchElement::TBranch::Fill>: Failed to write out basket.

Error in <TBranchElement::Fill>: Failed filling branch:partonFlavs, nbytes=-1
Error in <TTree::Fill>: Failed filling branch:Tree.partonFlavs, nbytes=-1, entry=50490
 This error is symptomatic of a Tree created as a memory-resident Tree
 Instead of doing:
    TTree *T = new TTree(...)
    TFile *f = new TFile(...)
 you should do:
    TFile *f = new TFile(...)
    TTree *T = new TTree(...)


Error in <TBranchElement::WriteBasketImpl>: basket's WriteBuffer failed.
Error in <TBranchElement::TBranch::Fill>: Failed to write out basket.

Error in <TBranchElement::Fill>: Failed filling branch:bTagScore, nbytes=-1
Error in <TTree::Fill>: Failed filling branch:Tree.bTagScore, nbytes=-1, entry=50494
 This error is symptomatic of a Tree created as a memory-resident Tree
 Instead of doing:
    TTree *T = new TTree(...)
    TFile *f = new TFile(...)
 you should do:
    TFile *f = new TFile(...)
    TTree *T = new TTree(...)


Error in <TBranchElement::WriteBasketImpl>: basket's WriteBuffer failed.
Error in <TBranchElement::TBranch::Fill>: Failed to write out basket.

Error in <TBranchElement::Fill>: Failed filling branch:jetPUids, nbytes=-1
Error in <TTree::Fill>: Failed filling branch:Tree.jetPUids, nbytes=-1, entry=50497
 This error is symptomatic of a Tree created as a memory-resident Tree
 Instead of doing:
    TTree *T = new TTree(...)
    TFile *f = new TFile(...)
 you should do:
    TFile *f = new TFile(...)
    TTree *T = new TTree(...)


Error in <TBranchElement::WriteBasketImpl>: basket's WriteBuffer failed.
Error in <TBranchElement::TBranch::Fill>: Failed to write out basket.

Error in <TBranchElement::Fill>: Failed filling branch:hadFlavs, nbytes=-1
Error in <TTree::Fill>: Failed filling branch:Tree.hadFlavs, nbytes=-1, entry=50497
 This error is symptomatic of a Tree created as a memory-resident Tree
 Instead of doing:
    TTree *T = new TTree(...)
    TFile *f = new TFile(...)
 you should do:
    TFile *f = new TFile(...)
    TTree *T = new TTree(...)


Error in <TBranchElement::WriteBasketImpl>: basket's WriteBuffer failed.
Error in <TBranchElement::TBranch::Fill>: Failed to write out basket.

Error in <TBranchElement::Fill>: Failed filling branch:jetPt, nbytes=-1
Error in <TTree::Fill>: Failed filling branch:Tree.jetPt, nbytes=-1, entry=50500
 This error is symptomatic of a Tree created as a memory-resident Tree
 Instead of doing:
    TTree *T = new TTree(...)
    TFile *f = new TFile(...)
 you should do:
    TFile *f = new TFile(...)
    TTree *T = new TTree(...)


Error in <TBranchElement::WriteBasketImpl>: basket's WriteBuffer failed.
Error in <TBranchElement::TBranch::Fill>: Failed to write out basket.

Error in <TBranchElement::Fill>: Failed filling branch:jetEta, nbytes=-1
Error in <TTree::Fill>: Failed filling branch:Tree.jetEta, nbytes=-1, entry=50500
 This error is symptomatic of a Tree created as a memory-resident Tree
 Instead of doing:
    TTree *T = new TTree(...)
    TFile *f = new TFile(...)
 you should do:
    TFile *f = new TFile(...)
    TTree *T = new TTree(...)


Error in <TBranchElement::WriteBasketImpl>: basket's WriteBuffer failed.
Error in <TBranchElement::TBranch::Fill>: Failed to write out basket.

Error in <TBranchElement::Fill>: Failed filling branch:partonFlavs, nbytes=-1
Error in <TTree::Fill>: Failed filling branch:Tree.partonFlavs, nbytes=-1, entry=51154
 This error is symptomatic of a Tree created as a memory-resident Tree
 Instead of doing:
    TTree *T = new TTree(...)
    TFile *f = new TFile(...)
 you should do:
    TFile *f = new TFile(...)
    TTree *T = new TTree(...)


Error in <TBranchElement::WriteBasketImpl>: basket's WriteBuffer failed.
Error in <TBranchElement::TBranch::Fill>: Failed to write out basket.

Error in <TBranchElement::Fill>: Failed filling branch:bTagScore, nbytes=-1
Error in <TTree::Fill>: Failed filling branch:Tree.bTagScore, nbytes=-1, entry=51159
 This error is symptomatic of a Tree created as a memory-resident Tree
 Instead of doing:
    TTree *T = new TTree(...)
    TFile *f = new TFile(...)
 you should do:
    TFile *f = new TFile(...)
    TTree *T = new TTree(...)


Error in <TBranchElement::WriteBasketImpl>: basket's WriteBuffer failed.
Error in <TBranchElement::TBranch::Fill>: Failed to write out basket.

Error in <TBranchElement::Fill>: Failed filling branch:jetPUids, nbytes=-1
Error in <TTree::Fill>: Failed filling branch:Tree.jetPUids, nbytes=-1, entry=51162
 This error is symptomatic of a Tree created as a memory-resident Tree
 Instead of doing:
    TTree *T = new TTree(...)
    TFile *f = new TFile(...)
 you should do:
    TFile *f = new TFile(...)
    TTree *T = new TTree(...)


Error in <TBranchElement::WriteBasketImpl>: basket's WriteBuffer failed.
Error in <TBranchElement::TBranch::Fill>: Failed to write out basket.

Error in <TBranchElement::Fill>: Failed filling branch:hadFlavs, nbytes=-1
Error in <TTree::Fill>: Failed filling branch:Tree.hadFlavs, nbytes=-1, entry=51162
 This error is symptomatic of a Tree created as a memory-resident Tree
 Instead of doing:
    TTree *T = new TTree(...)
    TFile *f = new TFile(...)
 you should do:
    TFile *f = new TFile(...)
    TTree *T = new TTree(...)


Error in <TBranchElement::WriteBasketImpl>: basket's WriteBuffer failed.
Error in <TBranchElement::TBranch::Fill>: Failed to write out basket.

Error in <TBranchElement::Fill>: Failed filling branch:jetPt, nbytes=-1
Error in <TTree::Fill>: Failed filling branch:Tree.jetPt, nbytes=-1, entry=51165
 This error is symptomatic of a Tree created as a memory-resident Tree
 Instead of doing:
    TTree *T = new TTree(...)
    TFile *f = new TFile(...)
 you should do:
    TFile *f = new TFile(...)
    TTree *T = new TTree(...)


Error in <TBranchElement::WriteBasketImpl>: basket's WriteBuffer failed.
Error in <TBranchElement::TBranch::Fill>: Failed to write out basket.

Error in <TBranchElement::Fill>: Failed filling branch:jetEta, nbytes=-1
Error in <TTree::Fill>: Failed filling branch:Tree.jetEta, nbytes=-1, entry=51165
 This error is symptomatic of a Tree created as a memory-resident Tree
 Instead of doing:
    TTree *T = new TTree(...)
    TFile *f = new TFile(...)
 you should do:
    TFile *f = new TFile(...)
    TTree *T = new TTree(...)


Error in <TBranchElement::WriteBasketImpl>: basket's WriteBuffer failed.
Error in <TBranchElement::TBranch::Fill>: Failed to write out basket.

Error in <TBranchElement::Fill>: Failed filling branch:partonFlavs, nbytes=-1
Error in <TTree::Fill>: Failed filling branch:Tree.partonFlavs, nbytes=-1, entry=51821
 This error is symptomatic of a Tree created as a memory-resident Tree
 Instead of doing:
    TTree *T = new TTree(...)
    TFile *f = new TFile(...)
 you should do:
    TFile *f = new TFile(...)
    TTree *T = new TTree(...)


Error in <TBranchElement::WriteBasketImpl>: basket's WriteBuffer failed.
Error in <TBranchElement::TBranch::Fill>: Failed to write out basket.

Error in <TBranchElement::Fill>: Failed filling branch:bTagScore, nbytes=-1
Error in <TTree::Fill>: Failed filling branch:Tree.bTagScore, nbytes=-1, entry=51826
 This error is symptomatic of a Tree created as a memory-resident Tree
 Instead of doing:
    TTree *T = new TTree(...)
    TFile *f = new TFile(...)
 you should do:
    TFile *f = new TFile(...)
    TTree *T = new TTree(...)


Error in <TBranchElement::WriteBasketImpl>: basket's WriteBuffer failed.
Error in <TBranchElement::TBranch::Fill>: Failed to write out basket.

Error in <TBranchElement::Fill>: Failed filling branch:jetPUids, nbytes=-1
Error in <TTree::Fill>: Failed filling branch:Tree.jetPUids, nbytes=-1, entry=51829
 This error is symptomatic of a Tree created as a memory-resident Tree
 Instead of doing:
    TTree *T = new TTree(...)
    TFile *f = new TFile(...)
 you should do:
    TFile *f = new TFile(...)
    TTree *T = new TTree(...)


Error in <TBranchElement::WriteBasketImpl>: basket's WriteBuffer failed.
Error in <TBranchElement::TBranch::Fill>: Failed to write out basket.

Error in <TBranchElement::Fill>: Failed filling branch:hadFlavs, nbytes=-1
Error in <TTree::Fill>: Failed filling branch:Tree.hadFlavs, nbytes=-1, entry=51829
 This error is symptomatic of a Tree created as a memory-resident Tree
 Instead of doing:
    TTree *T = new TTree(...)
    TFile *f = new TFile(...)
 you should do:
    TFile *f = new TFile(...)
    TTree *T = new TTree(...)


Error in <TBranchElement::WriteBasketImpl>: basket's WriteBuffer failed.
Error in <TBranchElement::TBranch::Fill>: Failed to write out basket.

Error in <TBranchElement::Fill>: Failed filling branch:jetPt, nbytes=-1
Error in <TTree::Fill>: Failed filling branch:Tree.jetPt, nbytes=-1, entry=51832
 This error is symptomatic of a Tree created as a memory-resident Tree
 Instead of doing:
    TTree *T = new TTree(...)
    TFile *f = new TFile(...)
 you should do:
    TFile *f = new TFile(...)
    TTree *T = new TTree(...)


Error in <TBranchElement::WriteBasketImpl>: basket's WriteBuffer failed.
Error in <TBranchElement::TBranch::Fill>: Failed to write out basket.

Error in <TBranchElement::Fill>: Failed filling branch:jetEta, nbytes=-1
Error in <TTree::Fill>: Failed filling branch:Tree.jetEta, nbytes=-1, entry=51832
 This error is symptomatic of a Tree created as a memory-resident Tree
 Instead of doing:
    TTree *T = new TTree(...)
    TFile *f = new TFile(...)
 you should do:
    TFile *f = new TFile(...)
    TTree *T = new TTree(...)


Error in <TBranchElement::WriteBasketImpl>: basket's WriteBuffer failed.
Error in <TBranchElement::TBranch::Fill>: Failed to write out basket.

Error in <TBranchElement::Fill>: Failed filling branch:partonFlavs, nbytes=-1
Error in <TTree::Fill>: Failed filling branch:Tree.partonFlavs, nbytes=-1, entry=52488
 This error is symptomatic of a Tree created as a memory-resident Tree
 Instead of doing:
    TTree *T = new TTree(...)
    TFile *f = new TFile(...)
 you should do:
    TFile *f = new TFile(...)
    TTree *T = new TTree(...)


Error in <TBranchElement::WriteBasketImpl>: basket's WriteBuffer failed.
Error in <TBranchElement::TBranch::Fill>: Failed to write out basket.

Error in <TBranchElement::Fill>: Failed filling branch:bTagScore, nbytes=-1
Error in <TTree::Fill>: Failed filling branch:Tree.bTagScore, nbytes=-1, entry=52493
 This error is symptomatic of a Tree created as a memory-resident Tree
 Instead of doing:
    TTree *T = new TTree(...)
    TFile *f = new TFile(...)
 you should do:
    TFile *f = new TFile(...)
    TTree *T = new TTree(...)


Error in <TBranchElement::WriteBasketImpl>: basket's WriteBuffer failed.
Error in <TBranchElement::TBranch::Fill>: Failed to write out basket.

Error in <TBranchElement::Fill>: Failed filling branch:jetPUids, nbytes=-1
Error in <TTree::Fill>: Failed filling branch:Tree.jetPUids, nbytes=-1, entry=52497
 This error is symptomatic of a Tree created as a memory-resident Tree
 Instead of doing:
    TTree *T = new TTree(...)
    TFile *f = new TFile(...)
 you should do:
    TFile *f = new TFile(...)
    TTree *T = new TTree(...)


Error in <TBranchElement::WriteBasketImpl>: basket's WriteBuffer failed.
Error in <TBranchElement::TBranch::Fill>: Failed to write out basket.

Error in <TBranchElement::Fill>: Failed filling branch:hadFlavs, nbytes=-1
Error in <TTree::Fill>: Failed filling branch:Tree.hadFlavs, nbytes=-1, entry=52497
 This error is symptomatic of a Tree created as a memory-resident Tree
 Instead of doing:
    TTree *T = new TTree(...)
    TFile *f = new TFile(...)
 you should do:
    TFile *f = new TFile(...)
    TTree *T = new TTree(...)


Error in <TBranchElement::WriteBasketImpl>: basket's WriteBuffer failed.
Error in <TBranchElement::TBranch::Fill>: Failed to write out basket.

Error in <TBranchElement::Fill>: Failed filling branch:jetPt, nbytes=-1
Error in <TTree::Fill>: Failed filling branch:Tree.jetPt, nbytes=-1, entry=52500
 This error is symptomatic of a Tree created as a memory-resident Tree
 Instead of doing:
    TTree *T = new TTree(...)
    TFile *f = new TFile(...)
 you should do:
    TFile *f = new TFile(...)
    TTree *T = new TTree(...)


Error in <TBranchElement::WriteBasketImpl>: basket's WriteBuffer failed.
Error in <TBranchElement::TBranch::Fill>: Failed to write out basket.

Error in <TBranchElement::Fill>: Failed filling branch:jetEta, nbytes=-1
Error in <TTree::Fill>: Failed filling branch:Tree.jetEta, nbytes=-1, entry=52500
 This error is symptomatic of a Tree created as a memory-resident Tree
 Instead of doing:
    TTree *T = new TTree(...)
    TFile *f = new TFile(...)
 you should do:
    TFile *f = new TFile(...)
    TTree *T = new TTree(...)


Error in <TBranchElement::WriteBasketImpl>: basket's WriteBuffer failed.
Error in <TBranchElement::TBranch::Fill>: Failed to write out basket.

Error in <TBranchElement::Fill>: Failed filling branch:partonFlavs, nbytes=-1
Error in <TTree::Fill>: Failed filling branch:Tree.partonFlavs, nbytes=-1, entry=53153
 This error is symptomatic of a Tree created as a memory-resident Tree
 Instead of doing:
    TTree *T = new TTree(...)
    TFile *f = new TFile(...)
 you should do:
    TFile *f = new TFile(...)
    TTree *T = new TTree(...)


Error in <TBranchElement::WriteBasketImpl>: basket's WriteBuffer failed.
Error in <TBranchElement::TBranch::Fill>: Failed to write out basket.

Error in <TBranchElement::Fill>: Failed filling branch:bTagScore, nbytes=-1
Error in <TTree::Fill>: Failed filling branch:Tree.bTagScore, nbytes=-1, entry=53158
 This error is symptomatic of a Tree created as a memory-resident Tree
 Instead of doing:
    TTree *T = new TTree(...)
    TFile *f = new TFile(...)
 you should do:
    TFile *f = new TFile(...)
    TTree *T = new TTree(...)


Error in <TBranchElement::WriteBasketImpl>: basket's WriteBuffer failed.
Error in <TBranchElement::TBranch::Fill>: Failed to write out basket.

Error in <TBranchElement::Fill>: Failed filling branch:jetPUids, nbytes=-1
Error in <TTree::Fill>: Failed filling branch:Tree.jetPUids, nbytes=-1, entry=53162
 This error is symptomatic of a Tree created as a memory-resident Tree
 Instead of doing:
    TTree *T = new TTree(...)
    TFile *f = new TFile(...)
 you should do:
    TFile *f = new TFile(...)
    TTree *T = new TTree(...)


Error in <TBranchElement::WriteBasketImpl>: basket's WriteBuffer failed.
Error in <TBranchElement::TBranch::Fill>: Failed to write out basket.

Error in <TBranchElement::Fill>: Failed filling branch:hadFlavs, nbytes=-1
Error in <TTree::Fill>: Failed filling branch:Tree.hadFlavs, nbytes=-1, entry=53162
 This error is symptomatic of a Tree created as a memory-resident Tree
 Instead of doing:
    TTree *T = new TTree(...)
    TFile *f = new TFile(...)
 you should do:
    TFile *f = new TFile(...)
    TTree *T = new TTree(...)


Error in <TBranchElement::WriteBasketImpl>: basket's WriteBuffer failed.
Error in <TBranchElement::TBranch::Fill>: Failed to write out basket.

Error in <TBranchElement::Fill>: Failed filling branch:jetPt, nbytes=-1
Error in <TTree::Fill>: Failed filling branch:Tree.jetPt, nbytes=-1, entry=53165
 This error is symptomatic of a Tree created as a memory-resident Tree
 Instead of doing:
    TTree *T = new TTree(...)
    TFile *f = new TFile(...)
 you should do:
    TFile *f = new TFile(...)
    TTree *T = new TTree(...)


Error in <TBranchElement::WriteBasketImpl>: basket's WriteBuffer failed.
Error in <TBranchElement::TBranch::Fill>: Failed to write out basket.

Error in <TBranchElement::Fill>: Failed filling branch:jetEta, nbytes=-1
Error in <TTree::Fill>: Failed filling branch:Tree.jetEta, nbytes=-1, entry=53165
 This error is symptomatic of a Tree created as a memory-resident Tree
 Instead of doing:
    TTree *T = new TTree(...)
    TFile *f = new TFile(...)
 you should do:
    TFile *f = new TFile(...)
    TTree *T = new TTree(...)


Error in <TBranchElement::WriteBasketImpl>: basket's WriteBuffer failed.
Error in <TBranchElement::TBranch::Fill>: Failed to write out basket.

Error in <TBranchElement::Fill>: Failed filling branch:partonFlavs, nbytes=-1
Error in <TTree::Fill>: Failed filling branch:Tree.partonFlavs, nbytes=-1, entry=53818
 This error is symptomatic of a Tree created as a memory-resident Tree
 Instead of doing:
    TTree *T = new TTree(...)
    TFile *f = new TFile(...)
 you should do:
    TFile *f = new TFile(...)
    TTree *T = new TTree(...)


Error in <TBranchElement::WriteBasketImpl>: basket's WriteBuffer failed.
Error in <TBranchElement::TBranch::Fill>: Failed to write out basket.

Error in <TBranchElement::Fill>: Failed filling branch:bTagScore, nbytes=-1
Error in <TTree::Fill>: Failed filling branch:Tree.bTagScore, nbytes=-1, entry=53824
 This error is symptomatic of a Tree created as a memory-resident Tree
 Instead of doing:
    TTree *T = new TTree(...)
    TFile *f = new TFile(...)
 you should do:
    TFile *f = new TFile(...)
    TTree *T = new TTree(...)


Error in <TBranchElement::WriteBasketImpl>: basket's WriteBuffer failed.
Error in <TBranchElement::TBranch::Fill>: Failed to write out basket.

Error in <TBranchElement::Fill>: Failed filling branch:jetPUids, nbytes=-1
Error in <TTree::Fill>: Failed filling branch:Tree.jetPUids, nbytes=-1, entry=53828
 This error is symptomatic of a Tree created as a memory-resident Tree
 Instead of doing:
    TTree *T = new TTree(...)
    TFile *f = new TFile(...)
 you should do:
    TFile *f = new TFile(...)
    TTree *T = new TTree(...)


Error in <TBranchElement::WriteBasketImpl>: basket's WriteBuffer failed.
Error in <TBranchElement::TBranch::Fill>: Failed to write out basket.

Error in <TBranchElement::Fill>: Failed filling branch:hadFlavs, nbytes=-1
Error in <TTree::Fill>: Failed filling branch:Tree.hadFlavs, nbytes=-1, entry=53828
 This error is symptomatic of a Tree created as a memory-resident Tree
 Instead of doing:
    TTree *T = new TTree(...)
    TFile *f = new TFile(...)
 you should do:
    TFile *f = new TFile(...)
    TTree *T = new TTree(...)


Error in <TBranchElement::WriteBasketImpl>: basket's WriteBuffer failed.
Error in <TBranchElement::TBranch::Fill>: Failed to write out basket.

Error in <TBranchElement::Fill>: Failed filling branch:jetPt, nbytes=-1
Error in <TTree::Fill>: Failed filling branch:Tree.jetPt, nbytes=-1, entry=53830
 This error is symptomatic of a Tree created as a memory-resident Tree
 Instead of doing:
    TTree *T = new TTree(...)
    TFile *f = new TFile(...)
 you should do:
    TFile *f = new TFile(...)
    TTree *T = new TTree(...)


Error in <TBranchElement::WriteBasketImpl>: basket's WriteBuffer failed.
Error in <TBranchElement::TBranch::Fill>: Failed to write out basket.

Error in <TBranchElement::Fill>: Failed filling branch:jetEta, nbytes=-1
Error in <TTree::Fill>: Failed filling branch:Tree.jetEta, nbytes=-1, entry=53830
 This error is symptomatic of a Tree created as a memory-resident Tree
 Instead of doing:
    TTree *T = new TTree(...)
    TFile *f = new TFile(...)
 you should do:
    TFile *f = new TFile(...)
    TTree *T = new TTree(...)


Error in <TBranchElement::WriteBasketImpl>: basket's WriteBuffer failed.
Error in <TBranchElement::TBranch::Fill>: Failed to write out basket.

Error in <TBranchElement::Fill>: Failed filling branch:partonFlavs, nbytes=-1
Error in <TTree::Fill>: Failed filling branch:Tree.partonFlavs, nbytes=-1, entry=54484
 This error is symptomatic of a Tree created as a memory-resident Tree
 Instead of doing:
    TTree *T = new TTree(...)
    TFile *f = new TFile(...)
 you should do:
    TFile *f = new TFile(...)
    TTree *T = new TTree(...)


Error in <TBranchElement::WriteBasketImpl>: basket's WriteBuffer failed.
Error in <TBranchElement::TBranch::Fill>: Failed to write out basket.

Error in <TBranchElement::Fill>: Failed filling branch:bTagScore, nbytes=-1
Error in <TTree::Fill>: Failed filling branch:Tree.bTagScore, nbytes=-1, entry=54490
 This error is symptomatic of a Tree created as a memory-resident Tree
 Instead of doing:
    TTree *T = new TTree(...)
    TFile *f = new TFile(...)
 you should do:
    TFile *f = new TFile(...)
    TTree *T = new TTree(...)


Error in <TBranchElement::WriteBasketImpl>: basket's WriteBuffer failed.
Error in <TBranchElement::TBranch::Fill>: Failed to write out basket.

Error in <TBranchElement::Fill>: Failed filling branch:jetPUids, nbytes=-1
Error in <TTree::Fill>: Failed filling branch:Tree.jetPUids, nbytes=-1, entry=54494
 This error is symptomatic of a Tree created as a memory-resident Tree
 Instead of doing:
    TTree *T = new TTree(...)
    TFile *f = new TFile(...)
 you should do:
    TFile *f = new TFile(...)
    TTree *T = new TTree(...)


Error in <TBranchElement::WriteBasketImpl>: basket's WriteBuffer failed.
Error in <TBranchElement::TBranch::Fill>: Failed to write out basket.

Error in <TBranchElement::Fill>: Failed filling branch:hadFlavs, nbytes=-1
Error in <TTree::Fill>: Failed filling branch:Tree.hadFlavs, nbytes=-1, entry=54494
 This error is symptomatic of a Tree created as a memory-resident Tree
 Instead of doing:
    TTree *T = new TTree(...)
    TFile *f = new TFile(...)
 you should do:
    TFile *f = new TFile(...)
    TTree *T = new TTree(...)


Error in <TBranchElement::WriteBasketImpl>: basket's WriteBuffer failed.
Error in <TBranchElement::TBranch::Fill>: Failed to write out basket.

Error in <TBranchElement::Fill>: Failed filling branch:jetPt, nbytes=-1
Error in <TTree::Fill>: Failed filling branch:Tree.jetPt, nbytes=-1, entry=54496
 This error is symptomatic of a Tree created as a memory-resident Tree
 Instead of doing:
    TTree *T = new TTree(...)
    TFile *f = new TFile(...)
 you should do:
    TFile *f = new TFile(...)
    TTree *T = new TTree(...)


Error in <TBranchElement::WriteBasketImpl>: basket's WriteBuffer failed.
Error in <TBranchElement::TBranch::Fill>: Failed to write out basket.

Error in <TBranchElement::Fill>: Failed filling branch:jetEta, nbytes=-1
Error in <TTree::Fill>: Failed filling branch:Tree.jetEta, nbytes=-1, entry=54496
 This error is symptomatic of a Tree created as a memory-resident Tree
 Instead of doing:
    TTree *T = new TTree(...)
    TFile *f = new TFile(...)
 you should do:
    TFile *f = new TFile(...)
    TTree *T = new TTree(...)


Error in <TBranchElement::WriteBasketImpl>: basket's WriteBuffer failed.
Error in <TBranchElement::TBranch::Fill>: Failed to write out basket.

Error in <TBranchElement::Fill>: Failed filling branch:partonFlavs, nbytes=-1
Error in <TTree::Fill>: Failed filling branch:Tree.partonFlavs, nbytes=-1, entry=55150
 This error is symptomatic of a Tree created as a memory-resident Tree
 Instead of doing:
    TTree *T = new TTree(...)
    TFile *f = new TFile(...)
 you should do:
    TFile *f = new TFile(...)
    TTree *T = new TTree(...)


Error in <TBranchElement::WriteBasketImpl>: basket's WriteBuffer failed.
Error in <TBranchElement::TBranch::Fill>: Failed to write out basket.

Error in <TBranchElement::Fill>: Failed filling branch:bTagScore, nbytes=-1
Error in <TTree::Fill>: Failed filling branch:Tree.bTagScore, nbytes=-1, entry=55156
 This error is symptomatic of a Tree created as a memory-resident Tree
 Instead of doing:
    TTree *T = new TTree(...)
    TFile *f = new TFile(...)
 you should do:
    TFile *f = new TFile(...)
    TTree *T = new TTree(...)


Error in <TBranchElement::WriteBasketImpl>: basket's WriteBuffer failed.
Error in <TBranchElement::TBranch::Fill>: Failed to write out basket.

Error in <TBranchElement::Fill>: Failed filling branch:jetPUids, nbytes=-1
Error in <TTree::Fill>: Failed filling branch:Tree.jetPUids, nbytes=-1, entry=55160
 This error is symptomatic of a Tree created as a memory-resident Tree
 Instead of doing:
    TTree *T = new TTree(...)
    TFile *f = new TFile(...)
 you should do:
    TFile *f = new TFile(...)
    TTree *T = new TTree(...)


Error in <TBranchElement::WriteBasketImpl>: basket's WriteBuffer failed.
Error in <TBranchElement::TBranch::Fill>: Failed to write out basket.

Error in <TBranchElement::Fill>: Failed filling branch:hadFlavs, nbytes=-1
Error in <TTree::Fill>: Failed filling branch:Tree.hadFlavs, nbytes=-1, entry=55160
 This error is symptomatic of a Tree created as a memory-resident Tree
 Instead of doing:
    TTree *T = new TTree(...)
    TFile *f = new TFile(...)
 you should do:
    TFile *f = new TFile(...)
    TTree *T = new TTree(...)


Error in <TBranchElement::WriteBasketImpl>: basket's WriteBuffer failed.
Error in <TBranchElement::TBranch::Fill>: Failed to write out basket.

Error in <TBranchElement::Fill>: Failed filling branch:jetPt, nbytes=-1
Error in <TTree::Fill>: Failed filling branch:Tree.jetPt, nbytes=-1, entry=55162
 This error is symptomatic of a Tree created as a memory-resident Tree
 Instead of doing:
    TTree *T = new TTree(...)
    TFile *f = new TFile(...)
 you should do:
    TFile *f = new TFile(...)
    TTree *T = new TTree(...)


Error in <TBranchElement::WriteBasketImpl>: basket's WriteBuffer failed.
Error in <TBranchElement::TBranch::Fill>: Failed to write out basket.

Error in <TBranchElement::Fill>: Failed filling branch:jetEta, nbytes=-1
Error in <TTree::Fill>: Failed filling branch:Tree.jetEta, nbytes=-1, entry=55162
 This error is symptomatic of a Tree created as a memory-resident Tree
 Instead of doing:
    TTree *T = new TTree(...)
    TFile *f = new TFile(...)
 you should do:
    TFile *f = new TFile(...)
    TTree *T = new TTree(...)


Error in <TBranchElement::WriteBasketImpl>: basket's WriteBuffer failed.
Error in <TBranchElement::TBranch::Fill>: Failed to write out basket.

Error in <TBranchElement::Fill>: Failed filling branch:partonFlavs, nbytes=-1
Error in <TTree::Fill>: Failed filling branch:Tree.partonFlavs, nbytes=-1, entry=55816
 This error is symptomatic of a Tree created as a memory-resident Tree
 Instead of doing:
    TTree *T = new TTree(...)
    TFile *f = new TFile(...)
 you should do:
    TFile *f = new TFile(...)
    TTree *T = new TTree(...)


Error in <TBranchElement::WriteBasketImpl>: basket's WriteBuffer failed.
Error in <TBranchElement::TBranch::Fill>: Failed to write out basket.

Error in <TBranchElement::Fill>: Failed filling branch:bTagScore, nbytes=-1
Error in <TTree::Fill>: Failed filling branch:Tree.bTagScore, nbytes=-1, entry=55822
 This error is symptomatic of a Tree created as a memory-resident Tree
 Instead of doing:
    TTree *T = new TTree(...)
    TFile *f = new TFile(...)
 you should do:
    TFile *f = new TFile(...)
    TTree *T = new TTree(...)


Error in <TBranchElement::WriteBasketImpl>: basket's WriteBuffer failed.
Error in <TBranchElement::TBranch::Fill>: Failed to write out basket.

Error in <TBranchElement::Fill>: Failed filling branch:jetPUids, nbytes=-1
Error in <TTree::Fill>: Failed filling branch:Tree.jetPUids, nbytes=-1, entry=55826
 This error is symptomatic of a Tree created as a memory-resident Tree
 Instead of doing:
    TTree *T = new TTree(...)
    TFile *f = new TFile(...)
 you should do:
    TFile *f = new TFile(...)
    TTree *T = new TTree(...)


Error in <TBranchElement::WriteBasketImpl>: basket's WriteBuffer failed.
Error in <TBranchElement::TBranch::Fill>: Failed to write out basket.

Error in <TBranchElement::Fill>: Failed filling branch:hadFlavs, nbytes=-1
Error in <TTree::Fill>: Failed filling branch:Tree.hadFlavs, nbytes=-1, entry=55826
 This error is symptomatic of a Tree created as a memory-resident Tree
 Instead of doing:
    TTree *T = new TTree(...)
    TFile *f = new TFile(...)
 you should do:
    TFile *f = new TFile(...)
    TTree *T = new TTree(...)


Error in <TBranchElement::WriteBasketImpl>: basket's WriteBuffer failed.
Error in <TBranchElement::TBranch::Fill>: Failed to write out basket.

Error in <TBranchElement::Fill>: Failed filling branch:jetPt, nbytes=-1
Error in <TTree::Fill>: Failed filling branch:Tree.jetPt, nbytes=-1, entry=55828
 This error is symptomatic of a Tree created as a memory-resident Tree
 Instead of doing:
    TTree *T = new TTree(...)
    TFile *f = new TFile(...)
 you should do:
    TFile *f = new TFile(...)
    TTree *T = new TTree(...)


Error in <TBranchElement::WriteBasketImpl>: basket's WriteBuffer failed.
Error in <TBranchElement::TBranch::Fill>: Failed to write out basket.

Error in <TBranchElement::Fill>: Failed filling branch:jetEta, nbytes=-1
Error in <TTree::Fill>: Failed filling branch:Tree.jetEta, nbytes=-1, entry=55828
 This error is symptomatic of a Tree created as a memory-resident Tree
 Instead of doing:
    TTree *T = new TTree(...)
    TFile *f = new TFile(...)
 you should do:
    TFile *f = new TFile(...)
    TTree *T = new TTree(...)


Error in <TBranch::WriteBasketImpl>: basket's WriteBuffer failed.
Error in <TBranch::TBranch::Fill>: Failed to write out basket.

Error in <TTree::Fill>: Failed filling branch:Tree.L1PrefiringWeight, nbytes=-1, entry=55846
 This error is symptomatic of a Tree created as a memory-resident Tree
 Instead of doing:
    TTree *T = new TTree(...)
    TFile *f = new TFile(...)
 you should do:
    TFile *f = new TFile(...)
    TTree *T = new TTree(...)


Error in <TBranch::WriteBasketImpl>: basket's WriteBuffer failed.
Error in <TBranch::TBranch::Fill>: Failed to write out basket.

Error in <TTree::Fill>: Failed filling branch:Tree.eventNumber, nbytes=-1, entry=55860
 This error is symptomatic of a Tree created as a memory-resident Tree
 Instead of doing:
    TTree *T = new TTree(...)
    TFile *f = new TFile(...)
 you should do:
    TFile *f = new TFile(...)
    TTree *T = new TTree(...)


Error in <TBranch::WriteBasketImpl>: basket's WriteBuffer failed.
Error in <TBranch::TBranch::Fill>: Failed to write out basket.

Error in <TTree::Fill>: Failed filling branch:Tree.runNumber, nbytes=-1, entry=55860
 This error is symptomatic of a Tree created as a memory-resident Tree
 Instead of doing:
    TTree *T = new TTree(...)
    TFile *f = new TFile(...)
 you should do:
    TFile *f = new TFile(...)
    TTree *T = new TTree(...)


Error in <TBranch::WriteBasketImpl>: basket's WriteBuffer failed.
Error in <TBranch::TBranch::Fill>: Failed to write out basket.

Error in <TTree::Fill>: Failed filling branch:Tree.SampleWeight, nbytes=-1, entry=55860
Error in <TBranch::WriteBasketImpl>: basket's WriteBuffer failed.
Error in <TBranch::TBranch::Fill>: Failed to write out basket.

Error in <TTree::Fill>: Failed filling branch:Tree.genWeight, nbytes=-1, entry=55860
Error in <TBranch::WriteBasketImpl>: basket's WriteBuffer failed.
Error in <TBranch::TBranch::Fill>: Failed to write out basket.

Error in <TTree::Fill>: Failed filling branch:Tree.new_weight, nbytes=-1, entry=55860
Error in <TBranch::WriteBasketImpl>: basket's WriteBuffer failed.
Error in <TBranch::TBranch::Fill>: Failed to write out basket.

Error in <TTree::Fill>: Failed filling branch:Tree.nMuons, nbytes=-1, entry=55867
 This error is symptomatic of a Tree created as a memory-resident Tree
 Instead of doing:
    TTree *T = new TTree(...)
    TFile *f = new TFile(...)
 you should do:
    TFile *f = new TFile(...)
    TTree *T = new TTree(...)


Error in <TBranch::WriteBasketImpl>: basket's WriteBuffer failed.
Error in <TBranch::TBranch::Fill>: Failed to write out basket.

Error in <TTree::Fill>: Failed filling branch:Tree.nElecs, nbytes=-1, entry=55867
 This error is symptomatic of a Tree created as a memory-resident Tree
 Instead of doing:
    TTree *T = new TTree(...)
    TFile *f = new TFile(...)
 you should do:
    TFile *f = new TFile(...)
    TTree *T = new TTree(...)


Error in <TBranch::WriteBasketImpl>: basket's WriteBuffer failed.
Error in <TBranch::TBranch::Fill>: Failed to write out basket.

Error in <TTree::Fill>: Failed filling branch:Tree.nJets, nbytes=-1, entry=55867
Error in <TBranch::WriteBasketImpl>: basket's WriteBuffer failed.
Error in <TBranch::TBranch::Fill>: Failed to write out basket.

Error in <TTree::Fill>: Failed filling branch:Tree.PUWeight, nbytes=-1, entry=55867
Error in <TBranch::WriteBasketImpl>: basket's WriteBuffer failed.
Error in <TBranch::TBranch::Fill>: Failed to write out basket.

Error in <TTree::Fill>: Failed filling branch:Tree.HT, nbytes=-1, entry=55874
 This error is symptomatic of a Tree created as a memory-resident Tree
 Instead of doing:
    TTree *T = new TTree(...)
    TFile *f = new TFile(...)
 you should do:
    TFile *f = new TFile(...)
    TTree *T = new TTree(...)


Error in <TBranchElement::WriteBasketImpl>: basket's WriteBuffer failed.
Error in <TBranchElement::TBranch::Fill>: Failed to write out basket.

Error in <TBranchElement::Fill>: Failed filling branch:partonFlavs, nbytes=-1
Error in <TTree::Fill>: Failed filling branch:Tree.partonFlavs, nbytes=-1, entry=56482
 This error is symptomatic of a Tree created as a memory-resident Tree
 Instead of doing:
    TTree *T = new TTree(...)
    TFile *f = new TFile(...)
 you should do:
    TFile *f = new TFile(...)
    TTree *T = new TTree(...)


Error in <TBranchElement::WriteBasketImpl>: basket's WriteBuffer failed.
Error in <TBranchElement::TBranch::Fill>: Failed to write out basket.

Error in <TBranchElement::Fill>: Failed filling branch:bTagScore, nbytes=-1
Error in <TTree::Fill>: Failed filling branch:Tree.bTagScore, nbytes=-1, entry=56488
 This error is symptomatic of a Tree created as a memory-resident Tree
 Instead of doing:
    TTree *T = new TTree(...)
    TFile *f = new TFile(...)
 you should do:
    TFile *f = new TFile(...)
    TTree *T = new TTree(...)


Error in <TBranchElement::WriteBasketImpl>: basket's WriteBuffer failed.
Error in <TBranchElement::TBranch::Fill>: Failed to write out basket.

Error in <TBranchElement::Fill>: Failed filling branch:jetPUids, nbytes=-1
Error in <TTree::Fill>: Failed filling branch:Tree.jetPUids, nbytes=-1, entry=56492
 This error is symptomatic of a Tree created as a memory-resident Tree
 Instead of doing:
    TTree *T = new TTree(...)
    TFile *f = new TFile(...)
 you should do:
    TFile *f = new TFile(...)
    TTree *T = new TTree(...)


Error in <TBranchElement::WriteBasketImpl>: basket's WriteBuffer failed.
Error in <TBranchElement::TBranch::Fill>: Failed to write out basket.

Error in <TBranchElement::Fill>: Failed filling branch:hadFlavs, nbytes=-1
Error in <TTree::Fill>: Failed filling branch:Tree.hadFlavs, nbytes=-1, entry=56492
 This error is symptomatic of a Tree created as a memory-resident Tree
 Instead of doing:
    TTree *T = new TTree(...)
    TFile *f = new TFile(...)
 you should do:
    TFile *f = new TFile(...)
    TTree *T = new TTree(...)


Error in <TBranchElement::WriteBasketImpl>: basket's WriteBuffer failed.
Error in <TBranchElement::TBranch::Fill>: Failed to write out basket.

Error in <TBranchElement::Fill>: Failed filling branch:jetPt, nbytes=-1
Error in <TTree::Fill>: Failed filling branch:Tree.jetPt, nbytes=-1, entry=56494
 This error is symptomatic of a Tree created as a memory-resident Tree
 Instead of doing:
    TTree *T = new TTree(...)
    TFile *f = new TFile(...)
 you should do:
    TFile *f = new TFile(...)
    TTree *T = new TTree(...)


Error in <TBranchElement::WriteBasketImpl>: basket's WriteBuffer failed.
Error in <TBranchElement::TBranch::Fill>: Failed to write out basket.

Error in <TBranchElement::Fill>: Failed filling branch:jetEta, nbytes=-1
Error in <TTree::Fill>: Failed filling branch:Tree.jetEta, nbytes=-1, entry=56494
 This error is symptomatic of a Tree created as a memory-resident Tree
 Instead of doing:
    TTree *T = new TTree(...)
    TFile *f = new TFile(...)
 you should do:
    TFile *f = new TFile(...)
    TTree *T = new TTree(...)


Error in <TBranchElement::WriteBasketImpl>: basket's WriteBuffer failed.
Error in <TBranchElement::TBranch::Fill>: Failed to write out basket.

Error in <TBranchElement::Fill>: Failed filling branch:partonFlavs, nbytes=-1
Error in <TTree::Fill>: Failed filling branch:Tree.partonFlavs, nbytes=-1, entry=57145
 This error is symptomatic of a Tree created as a memory-resident Tree
 Instead of doing:
    TTree *T = new TTree(...)
    TFile *f = new TFile(...)
 you should do:
    TFile *f = new TFile(...)
    TTree *T = new TTree(...)


Error in <TBranchElement::WriteBasketImpl>: basket's WriteBuffer failed.
Error in <TBranchElement::TBranch::Fill>: Failed to write out basket.

Error in <TBranchElement::Fill>: Failed filling branch:bTagScore, nbytes=-1
Error in <TTree::Fill>: Failed filling branch:Tree.bTagScore, nbytes=-1, entry=57152
 This error is symptomatic of a Tree created as a memory-resident Tree
 Instead of doing:
    TTree *T = new TTree(...)
    TFile *f = new TFile(...)
 you should do:
    TFile *f = new TFile(...)
    TTree *T = new TTree(...)


Error in <TBranchElement::WriteBasketImpl>: basket's WriteBuffer failed.
Error in <TBranchElement::TBranch::Fill>: Failed to write out basket.

Error in <TBranchElement::Fill>: Failed filling branch:jetPUids, nbytes=-1
Error in <TTree::Fill>: Failed filling branch:Tree.jetPUids, nbytes=-1, entry=57156
 This error is symptomatic of a Tree created as a memory-resident Tree
 Instead of doing:
    TTree *T = new TTree(...)
    TFile *f = new TFile(...)
 you should do:
    TFile *f = new TFile(...)
    TTree *T = new TTree(...)


Error in <TBranchElement::WriteBasketImpl>: basket's WriteBuffer failed.
Error in <TBranchElement::TBranch::Fill>: Failed to write out basket.

Error in <TBranchElement::Fill>: Failed filling branch:hadFlavs, nbytes=-1
Error in <TTree::Fill>: Failed filling branch:Tree.hadFlavs, nbytes=-1, entry=57156
 This error is symptomatic of a Tree created as a memory-resident Tree
 Instead of doing:
    TTree *T = new TTree(...)
    TFile *f = new TFile(...)
 you should do:
    TFile *f = new TFile(...)
    TTree *T = new TTree(...)


Error in <TBranchElement::WriteBasketImpl>: basket's WriteBuffer failed.
Error in <TBranchElement::TBranch::Fill>: Failed to write out basket.

Error in <TBranchElement::Fill>: Failed filling branch:jetPt, nbytes=-1
Error in <TTree::Fill>: Failed filling branch:Tree.jetPt, nbytes=-1, entry=57158
 This error is symptomatic of a Tree created as a memory-resident Tree
 Instead of doing:
    TTree *T = new TTree(...)
    TFile *f = new TFile(...)
 you should do:
    TFile *f = new TFile(...)
    TTree *T = new TTree(...)


Error in <TBranchElement::WriteBasketImpl>: basket's WriteBuffer failed.
Error in <TBranchElement::TBranch::Fill>: Failed to write out basket.

Error in <TBranchElement::Fill>: Failed filling branch:jetEta, nbytes=-1
Error in <TTree::Fill>: Failed filling branch:Tree.jetEta, nbytes=-1, entry=57158
 This error is symptomatic of a Tree created as a memory-resident Tree
 Instead of doing:
    TTree *T = new TTree(...)
    TFile *f = new TFile(...)
 you should do:
    TFile *f = new TFile(...)
    TTree *T = new TTree(...)


Error in <TBranchElement::WriteBasketImpl>: basket's WriteBuffer failed.
Error in <TBranchElement::TBranch::Fill>: Failed to write out basket.

Error in <TBranchElement::Fill>: Failed filling branch:partonFlavs, nbytes=-1
Error in <TTree::Fill>: Failed filling branch:Tree.partonFlavs, nbytes=-1, entry=57808
 This error is symptomatic of a Tree created as a memory-resident Tree
 Instead of doing:
    TTree *T = new TTree(...)
    TFile *f = new TFile(...)
 you should do:
    TFile *f = new TFile(...)
    TTree *T = new TTree(...)


Error in <TBranchElement::WriteBasketImpl>: basket's WriteBuffer failed.
Error in <TBranchElement::TBranch::Fill>: Failed to write out basket.

Error in <TBranchElement::Fill>: Failed filling branch:bTagScore, nbytes=-1
Error in <TTree::Fill>: Failed filling branch:Tree.bTagScore, nbytes=-1, entry=57815
 This error is symptomatic of a Tree created as a memory-resident Tree
 Instead of doing:
    TTree *T = new TTree(...)
    TFile *f = new TFile(...)
 you should do:
    TFile *f = new TFile(...)
    TTree *T = new TTree(...)


Error in <TBranchElement::WriteBasketImpl>: basket's WriteBuffer failed.
Error in <TBranchElement::TBranch::Fill>: Failed to write out basket.

Error in <TBranchElement::Fill>: Failed filling branch:jetPUids, nbytes=-1
Error in <TTree::Fill>: Failed filling branch:Tree.jetPUids, nbytes=-1, entry=57819
 This error is symptomatic of a Tree created as a memory-resident Tree
 Instead of doing:
    TTree *T = new TTree(...)
    TFile *f = new TFile(...)
 you should do:
    TFile *f = new TFile(...)
    TTree *T = new TTree(...)


Error in <TBranchElement::WriteBasketImpl>: basket's WriteBuffer failed.
Error in <TBranchElement::TBranch::Fill>: Failed to write out basket.

Error in <TBranchElement::Fill>: Failed filling branch:hadFlavs, nbytes=-1
Error in <TTree::Fill>: Failed filling branch:Tree.hadFlavs, nbytes=-1, entry=57819
 This error is symptomatic of a Tree created as a memory-resident Tree
 Instead of doing:
    TTree *T = new TTree(...)
    TFile *f = new TFile(...)
 you should do:
    TFile *f = new TFile(...)
    TTree *T = new TTree(...)


Error in <TBranchElement::WriteBasketImpl>: basket's WriteBuffer failed.
Error in <TBranchElement::TBranch::Fill>: Failed to write out basket.

Error in <TBranchElement::Fill>: Failed filling branch:jetPt, nbytes=-1
Error in <TTree::Fill>: Failed filling branch:Tree.jetPt, nbytes=-1, entry=57821
 This error is symptomatic of a Tree created as a memory-resident Tree
 Instead of doing:
    TTree *T = new TTree(...)
    TFile *f = new TFile(...)
 you should do:
    TFile *f = new TFile(...)
    TTree *T = new TTree(...)


Error in <TBranchElement::WriteBasketImpl>: basket's WriteBuffer failed.
Error in <TBranchElement::TBranch::Fill>: Failed to write out basket.

Error in <TBranchElement::Fill>: Failed filling branch:jetEta, nbytes=-1
Error in <TTree::Fill>: Failed filling branch:Tree.jetEta, nbytes=-1, entry=57821
 This error is symptomatic of a Tree created as a memory-resident Tree
 Instead of doing:
    TTree *T = new TTree(...)
    TFile *f = new TFile(...)
 you should do:
    TFile *f = new TFile(...)
    TTree *T = new TTree(...)


Error in <TBranchElement::WriteBasketImpl>: basket's WriteBuffer failed.
Error in <TBranchElement::TBranch::Fill>: Failed to write out basket.

Error in <TBranchElement::Fill>: Failed filling branch:partonFlavs, nbytes=-1
Error in <TTree::Fill>: Failed filling branch:Tree.partonFlavs, nbytes=-1, entry=58475
 This error is symptomatic of a Tree created as a memory-resident Tree
 Instead of doing:
    TTree *T = new TTree(...)
    TFile *f = new TFile(...)
 you should do:
    TFile *f = new TFile(...)
    TTree *T = new TTree(...)


Error in <TBranchElement::WriteBasketImpl>: basket's WriteBuffer failed.
Error in <TBranchElement::TBranch::Fill>: Failed to write out basket.

Error in <TBranchElement::Fill>: Failed filling branch:bTagScore, nbytes=-1
Error in <TTree::Fill>: Failed filling branch:Tree.bTagScore, nbytes=-1, entry=58482
 This error is symptomatic of a Tree created as a memory-resident Tree
 Instead of doing:
    TTree *T = new TTree(...)
    TFile *f = new TFile(...)
 you should do:
    TFile *f = new TFile(...)
    TTree *T = new TTree(...)


Error in <TBranchElement::WriteBasketImpl>: basket's WriteBuffer failed.
Error in <TBranchElement::TBranch::Fill>: Failed to write out basket.

Error in <TBranchElement::Fill>: Failed filling branch:jetPUids, nbytes=-1
Error in <TTree::Fill>: Failed filling branch:Tree.jetPUids, nbytes=-1, entry=58486
 This error is symptomatic of a Tree created as a memory-resident Tree
 Instead of doing:
    TTree *T = new TTree(...)
    TFile *f = new TFile(...)
 you should do:
    TFile *f = new TFile(...)
    TTree *T = new TTree(...)


Error in <TBranchElement::WriteBasketImpl>: basket's WriteBuffer failed.
Error in <TBranchElement::TBranch::Fill>: Failed to write out basket.

Error in <TBranchElement::Fill>: Failed filling branch:hadFlavs, nbytes=-1
Error in <TTree::Fill>: Failed filling branch:Tree.hadFlavs, nbytes=-1, entry=58486
 This error is symptomatic of a Tree created as a memory-resident Tree
 Instead of doing:
    TTree *T = new TTree(...)
    TFile *f = new TFile(...)
 you should do:
    TFile *f = new TFile(...)
    TTree *T = new TTree(...)


Error in <TBranchElement::WriteBasketImpl>: basket's WriteBuffer failed.
Error in <TBranchElement::TBranch::Fill>: Failed to write out basket.

Error in <TBranchElement::Fill>: Failed filling branch:jetPt, nbytes=-1
Error in <TTree::Fill>: Failed filling branch:Tree.jetPt, nbytes=-1, entry=58488
 This error is symptomatic of a Tree created as a memory-resident Tree
 Instead of doing:
    TTree *T = new TTree(...)
    TFile *f = new TFile(...)
 you should do:
    TFile *f = new TFile(...)
    TTree *T = new TTree(...)


Error in <TBranchElement::WriteBasketImpl>: basket's WriteBuffer failed.
Error in <TBranchElement::TBranch::Fill>: Failed to write out basket.

Error in <TBranchElement::Fill>: Failed filling branch:jetEta, nbytes=-1
Error in <TTree::Fill>: Failed filling branch:Tree.jetEta, nbytes=-1, entry=58488
 This error is symptomatic of a Tree created as a memory-resident Tree
 Instead of doing:
    TTree *T = new TTree(...)
    TFile *f = new TFile(...)
 you should do:
    TFile *f = new TFile(...)
    TTree *T = new TTree(...)


Error in <TBranchElement::WriteBasketImpl>: basket's WriteBuffer failed.
Error in <TBranchElement::TBranch::Fill>: Failed to write out basket.

Error in <TBranchElement::Fill>: Failed filling branch:partonFlavs, nbytes=-1
Error in <TTree::Fill>: Failed filling branch:Tree.partonFlavs, nbytes=-1, entry=59139
 This error is symptomatic of a Tree created as a memory-resident Tree
 Instead of doing:
    TTree *T = new TTree(...)
    TFile *f = new TFile(...)
 you should do:
    TFile *f = new TFile(...)
    TTree *T = new TTree(...)


Error in <TBranchElement::WriteBasketImpl>: basket's WriteBuffer failed.
Error in <TBranchElement::TBranch::Fill>: Failed to write out basket.

Error in <TBranchElement::Fill>: Failed filling branch:bTagScore, nbytes=-1
Error in <TTree::Fill>: Failed filling branch:Tree.bTagScore, nbytes=-1, entry=59146
 This error is symptomatic of a Tree created as a memory-resident Tree
 Instead of doing:
    TTree *T = new TTree(...)
    TFile *f = new TFile(...)
 you should do:
    TFile *f = new TFile(...)
    TTree *T = new TTree(...)


Error in <TBranchElement::WriteBasketImpl>: basket's WriteBuffer failed.
Error in <TBranchElement::TBranch::Fill>: Failed to write out basket.

Error in <TBranchElement::Fill>: Failed filling branch:jetPUids, nbytes=-1
Error in <TTree::Fill>: Failed filling branch:Tree.jetPUids, nbytes=-1, entry=59150
 This error is symptomatic of a Tree created as a memory-resident Tree
 Instead of doing:
    TTree *T = new TTree(...)
    TFile *f = new TFile(...)
 you should do:
    TFile *f = new TFile(...)
    TTree *T = new TTree(...)


Error in <TBranchElement::WriteBasketImpl>: basket's WriteBuffer failed.
Error in <TBranchElement::TBranch::Fill>: Failed to write out basket.

Error in <TBranchElement::Fill>: Failed filling branch:hadFlavs, nbytes=-1
Error in <TTree::Fill>: Failed filling branch:Tree.hadFlavs, nbytes=-1, entry=59150
 This error is symptomatic of a Tree created as a memory-resident Tree
 Instead of doing:
    TTree *T = new TTree(...)
    TFile *f = new TFile(...)
 you should do:
    TFile *f = new TFile(...)
    TTree *T = new TTree(...)


Error in <TBranchElement::WriteBasketImpl>: basket's WriteBuffer failed.
Error in <TBranchElement::TBranch::Fill>: Failed to write out basket.

Error in <TBranchElement::Fill>: Failed filling branch:jetPt, nbytes=-1
Error in <TTree::Fill>: Failed filling branch:Tree.jetPt, nbytes=-1, entry=59152
 This error is symptomatic of a Tree created as a memory-resident Tree
 Instead of doing:
    TTree *T = new TTree(...)
    TFile *f = new TFile(...)
 you should do:
    TFile *f = new TFile(...)
    TTree *T = new TTree(...)


Error in <TBranchElement::WriteBasketImpl>: basket's WriteBuffer failed.
Error in <TBranchElement::TBranch::Fill>: Failed to write out basket.

Error in <TBranchElement::Fill>: Failed filling branch:jetEta, nbytes=-1
Error in <TTree::Fill>: Failed filling branch:Tree.jetEta, nbytes=-1, entry=59152
 This error is symptomatic of a Tree created as a memory-resident Tree
 Instead of doing:
    TTree *T = new TTree(...)
    TFile *f = new TFile(...)
 you should do:
    TFile *f = new TFile(...)
    TTree *T = new TTree(...)


Error in <TBranchElement::WriteBasketImpl>: basket's WriteBuffer failed.
Error in <TBranchElement::TBranch::Fill>: Failed to write out basket.

Error in <TBranchElement::Fill>: Failed filling branch:partonFlavs, nbytes=-1
Error in <TTree::Fill>: Failed filling branch:Tree.partonFlavs, nbytes=-1, entry=59801
 This error is symptomatic of a Tree created as a memory-resident Tree
 Instead of doing:
    TTree *T = new TTree(...)
    TFile *f = new TFile(...)
 you should do:
    TFile *f = new TFile(...)
    TTree *T = new TTree(...)


Error in <TBranchElement::WriteBasketImpl>: basket's WriteBuffer failed.
Error in <TBranchElement::TBranch::Fill>: Failed to write out basket.

Error in <TBranchElement::Fill>: Failed filling branch:bTagScore, nbytes=-1
Error in <TTree::Fill>: Failed filling branch:Tree.bTagScore, nbytes=-1, entry=59808
 This error is symptomatic of a Tree created as a memory-resident Tree
 Instead of doing:
    TTree *T = new TTree(...)
    TFile *f = new TFile(...)
 you should do:
    TFile *f = new TFile(...)
    TTree *T = new TTree(...)


Error in <TBranchElement::WriteBasketImpl>: basket's WriteBuffer failed.
Error in <TBranchElement::TBranch::Fill>: Failed to write out basket.

Error in <TBranchElement::Fill>: Failed filling branch:jetPUids, nbytes=-1
Error in <TTree::Fill>: Failed filling branch:Tree.jetPUids, nbytes=-1, entry=59812
 This error is symptomatic of a Tree created as a memory-resident Tree
 Instead of doing:
    TTree *T = new TTree(...)
    TFile *f = new TFile(...)
 you should do:
    TFile *f = new TFile(...)
    TTree *T = new TTree(...)


Error in <TBranchElement::WriteBasketImpl>: basket's WriteBuffer failed.
Error in <TBranchElement::TBranch::Fill>: Failed to write out basket.

Error in <TBranchElement::Fill>: Failed filling branch:hadFlavs, nbytes=-1
Error in <TTree::Fill>: Failed filling branch:Tree.hadFlavs, nbytes=-1, entry=59812
 This error is symptomatic of a Tree created as a memory-resident Tree
 Instead of doing:
    TTree *T = new TTree(...)
    TFile *f = new TFile(...)
 you should do:
    TFile *f = new TFile(...)
    TTree *T = new TTree(...)


Error in <TBranchElement::WriteBasketImpl>: basket's WriteBuffer failed.
Error in <TBranchElement::TBranch::Fill>: Failed to write out basket.

Error in <TBranchElement::Fill>: Failed filling branch:jetPt, nbytes=-1
Error in <TTree::Fill>: Failed filling branch:Tree.jetPt, nbytes=-1, entry=59814
 This error is symptomatic of a Tree created as a memory-resident Tree
 Instead of doing:
    TTree *T = new TTree(...)
    TFile *f = new TFile(...)
 you should do:
    TFile *f = new TFile(...)
    TTree *T = new TTree(...)


Error in <TBranchElement::WriteBasketImpl>: basket's WriteBuffer failed.
Error in <TBranchElement::TBranch::Fill>: Failed to write out basket.

Error in <TBranchElement::Fill>: Failed filling branch:jetEta, nbytes=-1
Error in <TTree::Fill>: Failed filling branch:Tree.jetEta, nbytes=-1, entry=59814
 This error is symptomatic of a Tree created as a memory-resident Tree
 Instead of doing:
    TTree *T = new TTree(...)
    TFile *f = new TFile(...)
 you should do:
    TFile *f = new TFile(...)
    TTree *T = new TTree(...)


Error in <TBranchElement::WriteBasketImpl>: basket's WriteBuffer failed.
Error in <TBranchElement::TBranch::Fill>: Failed to write out basket.

Error in <TBranchElement::Fill>: Failed filling branch:partonFlavs, nbytes=-1
Error in <TTree::Fill>: Failed filling branch:Tree.partonFlavs, nbytes=-1, entry=60464
 This error is symptomatic of a Tree created as a memory-resident Tree
 Instead of doing:
    TTree *T = new TTree(...)
    TFile *f = new TFile(...)
 you should do:
    TFile *f = new TFile(...)
    TTree *T = new TTree(...)


Error in <TBranchElement::WriteBasketImpl>: basket's WriteBuffer failed.
Error in <TBranchElement::TBranch::Fill>: Failed to write out basket.

Error in <TBranchElement::Fill>: Failed filling branch:bTagScore, nbytes=-1
Error in <TTree::Fill>: Failed filling branch:Tree.bTagScore, nbytes=-1, entry=60471
 This error is symptomatic of a Tree created as a memory-resident Tree
 Instead of doing:
    TTree *T = new TTree(...)
    TFile *f = new TFile(...)
 you should do:
    TFile *f = new TFile(...)
    TTree *T = new TTree(...)


Error in <TBranchElement::WriteBasketImpl>: basket's WriteBuffer failed.
Error in <TBranchElement::TBranch::Fill>: Failed to write out basket.

Error in <TBranchElement::Fill>: Failed filling branch:jetPUids, nbytes=-1
Error in <TTree::Fill>: Failed filling branch:Tree.jetPUids, nbytes=-1, entry=60475
 This error is symptomatic of a Tree created as a memory-resident Tree
 Instead of doing:
    TTree *T = new TTree(...)
    TFile *f = new TFile(...)
 you should do:
    TFile *f = new TFile(...)
    TTree *T = new TTree(...)


Error in <TBranchElement::WriteBasketImpl>: basket's WriteBuffer failed.
Error in <TBranchElement::TBranch::Fill>: Failed to write out basket.

Error in <TBranchElement::Fill>: Failed filling branch:hadFlavs, nbytes=-1
Error in <TTree::Fill>: Failed filling branch:Tree.hadFlavs, nbytes=-1, entry=60475
 This error is symptomatic of a Tree created as a memory-resident Tree
 Instead of doing:
    TTree *T = new TTree(...)
    TFile *f = new TFile(...)
 you should do:
    TFile *f = new TFile(...)
    TTree *T = new TTree(...)


Error in <TBranchElement::WriteBasketImpl>: basket's WriteBuffer failed.
Error in <TBranchElement::TBranch::Fill>: Failed to write out basket.

Error in <TBranchElement::Fill>: Failed filling branch:jetPt, nbytes=-1
Error in <TTree::Fill>: Failed filling branch:Tree.jetPt, nbytes=-1, entry=60477
 This error is symptomatic of a Tree created as a memory-resident Tree
 Instead of doing:
    TTree *T = new TTree(...)
    TFile *f = new TFile(...)
 you should do:
    TFile *f = new TFile(...)
    TTree *T = new TTree(...)


Error in <TBranchElement::WriteBasketImpl>: basket's WriteBuffer failed.
Error in <TBranchElement::TBranch::Fill>: Failed to write out basket.

Error in <TBranchElement::Fill>: Failed filling branch:jetEta, nbytes=-1
Error in <TTree::Fill>: Failed filling branch:Tree.jetEta, nbytes=-1, entry=60477
 This error is symptomatic of a Tree created as a memory-resident Tree
 Instead of doing:
    TTree *T = new TTree(...)
    TFile *f = new TFile(...)
 you should do:
    TFile *f = new TFile(...)
    TTree *T = new TTree(...)


Error in <TBranchElement::WriteBasketImpl>: basket's WriteBuffer failed.
Error in <TBranchElement::TBranch::Fill>: Failed to write out basket.

Error in <TBranchElement::Fill>: Failed filling branch:partonFlavs, nbytes=-1
Error in <TTree::Fill>: Failed filling branch:Tree.partonFlavs, nbytes=-1, entry=61129
 This error is symptomatic of a Tree created as a memory-resident Tree
 Instead of doing:
    TTree *T = new TTree(...)
    TFile *f = new TFile(...)
 you should do:
    TFile *f = new TFile(...)
    TTree *T = new TTree(...)


Error in <TBranchElement::WriteBasketImpl>: basket's WriteBuffer failed.
Error in <TBranchElement::TBranch::Fill>: Failed to write out basket.

Error in <TBranchElement::Fill>: Failed filling branch:bTagScore, nbytes=-1
Error in <TTree::Fill>: Failed filling branch:Tree.bTagScore, nbytes=-1, entry=61136
 This error is symptomatic of a Tree created as a memory-resident Tree
 Instead of doing:
    TTree *T = new TTree(...)
    TFile *f = new TFile(...)
 you should do:
    TFile *f = new TFile(...)
    TTree *T = new TTree(...)


Error in <TBranchElement::WriteBasketImpl>: basket's WriteBuffer failed.
Error in <TBranchElement::TBranch::Fill>: Failed to write out basket.

Error in <TBranchElement::Fill>: Failed filling branch:jetPUids, nbytes=-1
Error in <TTree::Fill>: Failed filling branch:Tree.jetPUids, nbytes=-1, entry=61140
 This error is symptomatic of a Tree created as a memory-resident Tree
 Instead of doing:
    TTree *T = new TTree(...)
    TFile *f = new TFile(...)
 you should do:
    TFile *f = new TFile(...)
    TTree *T = new TTree(...)


Error in <TBranchElement::WriteBasketImpl>: basket's WriteBuffer failed.
Error in <TBranchElement::TBranch::Fill>: Failed to write out basket.

Error in <TBranchElement::Fill>: Failed filling branch:hadFlavs, nbytes=-1
Error in <TTree::Fill>: Failed filling branch:Tree.hadFlavs, nbytes=-1, entry=61140
 This error is symptomatic of a Tree created as a memory-resident Tree
 Instead of doing:
    TTree *T = new TTree(...)
    TFile *f = new TFile(...)
 you should do:
    TFile *f = new TFile(...)
    TTree *T = new TTree(...)


Error in <TBranchElement::WriteBasketImpl>: basket's WriteBuffer failed.
Error in <TBranchElement::TBranch::Fill>: Failed to write out basket.

Error in <TBranchElement::Fill>: Failed filling branch:jetPt, nbytes=-1
Error in <TTree::Fill>: Failed filling branch:Tree.jetPt, nbytes=-1, entry=61142
 This error is symptomatic of a Tree created as a memory-resident Tree
 Instead of doing:
    TTree *T = new TTree(...)
    TFile *f = new TFile(...)
 you should do:
    TFile *f = new TFile(...)
    TTree *T = new TTree(...)


Error in <TBranchElement::WriteBasketImpl>: basket's WriteBuffer failed.
Error in <TBranchElement::TBranch::Fill>: Failed to write out basket.

Error in <TBranchElement::Fill>: Failed filling branch:jetEta, nbytes=-1
Error in <TTree::Fill>: Failed filling branch:Tree.jetEta, nbytes=-1, entry=61142
 This error is symptomatic of a Tree created as a memory-resident Tree
 Instead of doing:
    TTree *T = new TTree(...)
    TFile *f = new TFile(...)
 you should do:
    TFile *f = new TFile(...)
    TTree *T = new TTree(...)


Error in <TBranchElement::WriteBasketImpl>: basket's WriteBuffer failed.
Error in <TBranchElement::TBranch::Fill>: Failed to write out basket.

Error in <TBranchElement::Fill>: Failed filling branch:partonFlavs, nbytes=-1
Error in <TTree::Fill>: Failed filling branch:Tree.partonFlavs, nbytes=-1, entry=61791
 This error is symptomatic of a Tree created as a memory-resident Tree
 Instead of doing:
    TTree *T = new TTree(...)
    TFile *f = new TFile(...)
 you should do:
    TFile *f = new TFile(...)
    TTree *T = new TTree(...)


Error in <TBranchElement::WriteBasketImpl>: basket's WriteBuffer failed.
Error in <TBranchElement::TBranch::Fill>: Failed to write out basket.

Error in <TBranchElement::Fill>: Failed filling branch:bTagScore, nbytes=-1
Error in <TTree::Fill>: Failed filling branch:Tree.bTagScore, nbytes=-1, entry=61798
 This error is symptomatic of a Tree created as a memory-resident Tree
 Instead of doing:
    TTree *T = new TTree(...)
    TFile *f = new TFile(...)
 you should do:
    TFile *f = new TFile(...)
    TTree *T = new TTree(...)


Error in <TBranchElement::WriteBasketImpl>: basket's WriteBuffer failed.
Error in <TBranchElement::TBranch::Fill>: Failed to write out basket.

Error in <TBranchElement::Fill>: Failed filling branch:jetPUids, nbytes=-1
Error in <TTree::Fill>: Failed filling branch:Tree.jetPUids, nbytes=-1, entry=61802
 This error is symptomatic of a Tree created as a memory-resident Tree
 Instead of doing:
    TTree *T = new TTree(...)
    TFile *f = new TFile(...)
 you should do:
    TFile *f = new TFile(...)
    TTree *T = new TTree(...)


Error in <TBranchElement::WriteBasketImpl>: basket's WriteBuffer failed.
Error in <TBranchElement::TBranch::Fill>: Failed to write out basket.

Error in <TBranchElement::Fill>: Failed filling branch:hadFlavs, nbytes=-1
Error in <TTree::Fill>: Failed filling branch:Tree.hadFlavs, nbytes=-1, entry=61802
 This error is symptomatic of a Tree created as a memory-resident Tree
 Instead of doing:
    TTree *T = new TTree(...)
    TFile *f = new TFile(...)
 you should do:
    TFile *f = new TFile(...)
    TTree *T = new TTree(...)


Error in <TBranchElement::WriteBasketImpl>: basket's WriteBuffer failed.
Error in <TBranchElement::TBranch::Fill>: Failed to write out basket.

Error in <TBranchElement::Fill>: Failed filling branch:jetPt, nbytes=-1
Error in <TTree::Fill>: Failed filling branch:Tree.jetPt, nbytes=-1, entry=61804
 This error is symptomatic of a Tree created as a memory-resident Tree
 Instead of doing:
    TTree *T = new TTree(...)
    TFile *f = new TFile(...)
 you should do:
    TFile *f = new TFile(...)
    TTree *T = new TTree(...)


Error in <TBranchElement::WriteBasketImpl>: basket's WriteBuffer failed.
Error in <TBranchElement::TBranch::Fill>: Failed to write out basket.

Error in <TBranchElement::Fill>: Failed filling branch:jetEta, nbytes=-1
Error in <TTree::Fill>: Failed filling branch:Tree.jetEta, nbytes=-1, entry=61804
 This error is symptomatic of a Tree created as a memory-resident Tree
 Instead of doing:
    TTree *T = new TTree(...)
    TFile *f = new TFile(...)
 you should do:
    TFile *f = new TFile(...)
    TTree *T = new TTree(...)


Error in <TBranchElement::WriteBasketImpl>: basket's WriteBuffer failed.
Error in <TBranchElement::TBranch::Fill>: Failed to write out basket.

Error in <TBranchElement::Fill>: Failed filling branch:partonFlavs, nbytes=-1
Error in <TTree::Fill>: Failed filling branch:Tree.partonFlavs, nbytes=-1, entry=62455
 This error is symptomatic of a Tree created as a memory-resident Tree
 Instead of doing:
    TTree *T = new TTree(...)
    TFile *f = new TFile(...)
 you should do:
    TFile *f = new TFile(...)
    TTree *T = new TTree(...)


Error in <TBranchElement::WriteBasketImpl>: basket's WriteBuffer failed.
Error in <TBranchElement::TBranch::Fill>: Failed to write out basket.

Error in <TBranchElement::Fill>: Failed filling branch:bTagScore, nbytes=-1
Error in <TTree::Fill>: Failed filling branch:Tree.bTagScore, nbytes=-1, entry=62463
 This error is symptomatic of a Tree created as a memory-resident Tree
 Instead of doing:
    TTree *T = new TTree(...)
    TFile *f = new TFile(...)
 you should do:
    TFile *f = new TFile(...)
    TTree *T = new TTree(...)


Error in <TBranchElement::WriteBasketImpl>: basket's WriteBuffer failed.
Error in <TBranchElement::TBranch::Fill>: Failed to write out basket.

Error in <TBranchElement::Fill>: Failed filling branch:jetPUids, nbytes=-1
Error in <TTree::Fill>: Failed filling branch:Tree.jetPUids, nbytes=-1, entry=62466
 This error is symptomatic of a Tree created as a memory-resident Tree
 Instead of doing:
    TTree *T = new TTree(...)
    TFile *f = new TFile(...)
 you should do:
    TFile *f = new TFile(...)
    TTree *T = new TTree(...)


Error in <TBranchElement::WriteBasketImpl>: basket's WriteBuffer failed.
Error in <TBranchElement::TBranch::Fill>: Failed to write out basket.

Error in <TBranchElement::Fill>: Failed filling branch:hadFlavs, nbytes=-1
Error in <TTree::Fill>: Failed filling branch:Tree.hadFlavs, nbytes=-1, entry=62466
 This error is symptomatic of a Tree created as a memory-resident Tree
 Instead of doing:
    TTree *T = new TTree(...)
    TFile *f = new TFile(...)
 you should do:
    TFile *f = new TFile(...)
    TTree *T = new TTree(...)


Error in <TBranchElement::WriteBasketImpl>: basket's WriteBuffer failed.
Error in <TBranchElement::TBranch::Fill>: Failed to write out basket.

Error in <TBranchElement::Fill>: Failed filling branch:jetPt, nbytes=-1
Error in <TTree::Fill>: Failed filling branch:Tree.jetPt, nbytes=-1, entry=62469
 This error is symptomatic of a Tree created as a memory-resident Tree
 Instead of doing:
    TTree *T = new TTree(...)
    TFile *f = new TFile(...)
 you should do:
    TFile *f = new TFile(...)
    TTree *T = new TTree(...)


Error in <TBranchElement::WriteBasketImpl>: basket's WriteBuffer failed.
Error in <TBranchElement::TBranch::Fill>: Failed to write out basket.

Error in <TBranchElement::Fill>: Failed filling branch:jetEta, nbytes=-1
Error in <TTree::Fill>: Failed filling branch:Tree.jetEta, nbytes=-1, entry=62469
 This error is symptomatic of a Tree created as a memory-resident Tree
 Instead of doing:
    TTree *T = new TTree(...)
    TFile *f = new TFile(...)
 you should do:
    TFile *f = new TFile(...)
    TTree *T = new TTree(...)


Error in <TBranchElement::WriteBasketImpl>: basket's WriteBuffer failed.
Error in <TBranchElement::TBranch::Fill>: Failed to write out basket.

Error in <TBranchElement::Fill>: Failed filling branch:partonFlavs, nbytes=-1
Error in <TTree::Fill>: Failed filling branch:Tree.partonFlavs, nbytes=-1, entry=63119
 This error is symptomatic of a Tree created as a memory-resident Tree
 Instead of doing:
    TTree *T = new TTree(...)
    TFile *f = new TFile(...)
 you should do:
    TFile *f = new TFile(...)
    TTree *T = new TTree(...)


Error in <TBranchElement::WriteBasketImpl>: basket's WriteBuffer failed.
Error in <TBranchElement::TBranch::Fill>: Failed to write out basket.

Error in <TBranchElement::Fill>: Failed filling branch:bTagScore, nbytes=-1
Error in <TTree::Fill>: Failed filling branch:Tree.bTagScore, nbytes=-1, entry=63126
 This error is symptomatic of a Tree created as a memory-resident Tree
 Instead of doing:
    TTree *T = new TTree(...)
    TFile *f = new TFile(...)
 you should do:
    TFile *f = new TFile(...)
    TTree *T = new TTree(...)


Error in <TBranchElement::WriteBasketImpl>: basket's WriteBuffer failed.
Error in <TBranchElement::TBranch::Fill>: Failed to write out basket.

Error in <TBranchElement::Fill>: Failed filling branch:jetPUids, nbytes=-1
Error in <TTree::Fill>: Failed filling branch:Tree.jetPUids, nbytes=-1, entry=63130
 This error is symptomatic of a Tree created as a memory-resident Tree
 Instead of doing:
    TTree *T = new TTree(...)
    TFile *f = new TFile(...)
 you should do:
    TFile *f = new TFile(...)
    TTree *T = new TTree(...)


Error in <TBranchElement::WriteBasketImpl>: basket's WriteBuffer failed.
Error in <TBranchElement::TBranch::Fill>: Failed to write out basket.

Error in <TBranchElement::Fill>: Failed filling branch:hadFlavs, nbytes=-1
Error in <TTree::Fill>: Failed filling branch:Tree.hadFlavs, nbytes=-1, entry=63130
 This error is symptomatic of a Tree created as a memory-resident Tree
 Instead of doing:
    TTree *T = new TTree(...)
    TFile *f = new TFile(...)
 you should do:
    TFile *f = new TFile(...)
    TTree *T = new TTree(...)


Error in <TBranchElement::WriteBasketImpl>: basket's WriteBuffer failed.
Error in <TBranchElement::TBranch::Fill>: Failed to write out basket.

Error in <TBranchElement::Fill>: Failed filling branch:jetPt, nbytes=-1
Error in <TTree::Fill>: Failed filling branch:Tree.jetPt, nbytes=-1, entry=63133
 This error is symptomatic of a Tree created as a memory-resident Tree
 Instead of doing:
    TTree *T = new TTree(...)
    TFile *f = new TFile(...)
 you should do:
    TFile *f = new TFile(...)
    TTree *T = new TTree(...)


Error in <TBranchElement::WriteBasketImpl>: basket's WriteBuffer failed.
Error in <TBranchElement::TBranch::Fill>: Failed to write out basket.

Error in <TBranchElement::Fill>: Failed filling branch:jetEta, nbytes=-1
Error in <TTree::Fill>: Failed filling branch:Tree.jetEta, nbytes=-1, entry=63133
 This error is symptomatic of a Tree created as a memory-resident Tree
 Instead of doing:
    TTree *T = new TTree(...)
    TFile *f = new TFile(...)
 you should do:
    TFile *f = new TFile(...)
    TTree *T = new TTree(...)


Error in <TBranchElement::WriteBasketImpl>: basket's WriteBuffer failed.
Error in <TBranchElement::TBranch::Fill>: Failed to write out basket.

Error in <TBranchElement::Fill>: Failed filling branch:partonFlavs, nbytes=-1
Error in <TTree::Fill>: Failed filling branch:Tree.partonFlavs, nbytes=-1, entry=63785
 This error is symptomatic of a Tree created as a memory-resident Tree
 Instead of doing:
    TTree *T = new TTree(...)
    TFile *f = new TFile(...)
 you should do:
    TFile *f = new TFile(...)
    TTree *T = new TTree(...)


Error in <TBranchElement::WriteBasketImpl>: basket's WriteBuffer failed.
Error in <TBranchElement::TBranch::Fill>: Failed to write out basket.

Error in <TBranchElement::Fill>: Failed filling branch:bTagScore, nbytes=-1
Error in <TTree::Fill>: Failed filling branch:Tree.bTagScore, nbytes=-1, entry=63792
 This error is symptomatic of a Tree created as a memory-resident Tree
 Instead of doing:
    TTree *T = new TTree(...)
    TFile *f = new TFile(...)
 you should do:
    TFile *f = new TFile(...)
    TTree *T = new TTree(...)


Error in <TBranchElement::WriteBasketImpl>: basket's WriteBuffer failed.
Error in <TBranchElement::TBranch::Fill>: Failed to write out basket.

Error in <TBranchElement::Fill>: Failed filling branch:jetPUids, nbytes=-1
Error in <TTree::Fill>: Failed filling branch:Tree.jetPUids, nbytes=-1, entry=63796
 This error is symptomatic of a Tree created as a memory-resident Tree
 Instead of doing:
    TTree *T = new TTree(...)
    TFile *f = new TFile(...)
 you should do:
    TFile *f = new TFile(...)
    TTree *T = new TTree(...)


Error in <TBranchElement::WriteBasketImpl>: basket's WriteBuffer failed.
Error in <TBranchElement::TBranch::Fill>: Failed to write out basket.

Error in <TBranchElement::Fill>: Failed filling branch:hadFlavs, nbytes=-1
Error in <TTree::Fill>: Failed filling branch:Tree.hadFlavs, nbytes=-1, entry=63796
 This error is symptomatic of a Tree created as a memory-resident Tree
 Instead of doing:
    TTree *T = new TTree(...)
    TFile *f = new TFile(...)
 you should do:
    TFile *f = new TFile(...)
    TTree *T = new TTree(...)


Error in <TBranchElement::WriteBasketImpl>: basket's WriteBuffer failed.
Error in <TBranchElement::TBranch::Fill>: Failed to write out basket.

Error in <TBranchElement::Fill>: Failed filling branch:jetPt, nbytes=-1
Error in <TTree::Fill>: Failed filling branch:Tree.jetPt, nbytes=-1, entry=63799
 This error is symptomatic of a Tree created as a memory-resident Tree
 Instead of doing:
    TTree *T = new TTree(...)
    TFile *f = new TFile(...)
 you should do:
    TFile *f = new TFile(...)
    TTree *T = new TTree(...)


Error in <TBranchElement::WriteBasketImpl>: basket's WriteBuffer failed.
Error in <TBranchElement::TBranch::Fill>: Failed to write out basket.

Error in <TBranchElement::Fill>: Failed filling branch:jetEta, nbytes=-1
Error in <TTree::Fill>: Failed filling branch:Tree.jetEta, nbytes=-1, entry=63799
 This error is symptomatic of a Tree created as a memory-resident Tree
 Instead of doing:
    TTree *T = new TTree(...)
    TFile *f = new TFile(...)
 you should do:
    TFile *f = new TFile(...)
    TTree *T = new TTree(...)


Error in <TBranch::WriteBasketImpl>: basket's WriteBuffer failed.
Error in <TBranch::TBranch::Fill>: Failed to write out basket.

Error in <TTree::Fill>: Failed filling branch:Tree.passTrigger_HLT_PFHT1050, nbytes=-1, entry=63816
 This error is symptomatic of a Tree created as a memory-resident Tree
 Instead of doing:
    TTree *T = new TTree(...)
    TFile *f = new TFile(...)
 you should do:
    TFile *f = new TFile(...)
    TTree *T = new TTree(...)


Error in <TBranch::WriteBasketImpl>: basket's WriteBuffer failed.
Error in <TBranch::TBranch::Fill>: Failed to write out basket.

Error in <TTree::Fill>: Failed filling branch:Tree.passTrigger_HLT_IsoMu27, nbytes=-1, entry=63818
 This error is symptomatic of a Tree created as a memory-resident Tree
 Instead of doing:
    TTree *T = new TTree(...)
    TFile *f = new TFile(...)
 you should do:
    TFile *f = new TFile(...)
    TTree *T = new TTree(...)


Error in <TBranch::WriteBasketImpl>: basket's WriteBuffer failed.
Error in <TBranch::TBranch::Fill>: Failed to write out basket.

Error in <TTree::Fill>: Failed filling branch:Tree.passTrigger_6J1T_CDEF, nbytes=-1, entry=63822
 This error is symptomatic of a Tree created as a memory-resident Tree
 Instead of doing:
    TTree *T = new TTree(...)
    TFile *f = new TFile(...)
 you should do:
    TFile *f = new TFile(...)
    TTree *T = new TTree(...)


Error in <TBranch::WriteBasketImpl>: basket's WriteBuffer failed.
Error in <TBranch::TBranch::Fill>: Failed to write out basket.

Error in <TTree::Fill>: Failed filling branch:Tree.passTrigger_6J2T_CDEF, nbytes=-1, entry=63822
 This error is symptomatic of a Tree created as a memory-resident Tree
 Instead of doing:
    TTree *T = new TTree(...)
    TFile *f = new TFile(...)
 you should do:
    TFile *f = new TFile(...)
    TTree *T = new TTree(...)


Error in <TBranch::WriteBasketImpl>: basket's WriteBuffer failed.
Error in <TBranch::TBranch::Fill>: Failed to write out basket.

Error in <TTree::Fill>: Failed filling branch:Tree.passTrigger_4J3T_CDEF, nbytes=-1, entry=63822
Error in <TBranch::WriteBasketImpl>: basket's WriteBuffer failed.
Error in <TBranch::TBranch::Fill>: Failed to write out basket.

Error in <TTree::Fill>: Failed filling branch:Tree.L1PrefiringWeight, nbytes=-1, entry=63824
 This error is symptomatic of a Tree created as a memory-resident Tree
 Instead of doing:
    TTree *T = new TTree(...)
    TFile *f = new TFile(...)
 you should do:
    TFile *f = new TFile(...)
    TTree *T = new TTree(...)


Error in <TBranch::WriteBasketImpl>: basket's WriteBuffer failed.
Error in <TBranch::TBranch::Fill>: Failed to write out basket.

Error in <TTree::Fill>: Failed filling branch:Tree.passTrigger_6J1T_B, nbytes=-1, entry=63828
 This error is symptomatic of a Tree created as a memory-resident Tree
 Instead of doing:
    TTree *T = new TTree(...)
    TFile *f = new TFile(...)
 you should do:
    TFile *f = new TFile(...)
    TTree *T = new TTree(...)


Error in <TBranch::WriteBasketImpl>: basket's WriteBuffer failed.
Error in <TBranch::TBranch::Fill>: Failed to write out basket.

Error in <TTree::Fill>: Failed filling branch:Tree.passTrigger_6J2T_B, nbytes=-1, entry=63828
 This error is symptomatic of a Tree created as a memory-resident Tree
 Instead of doing:
    TTree *T = new TTree(...)
    TFile *f = new TFile(...)
 you should do:
    TFile *f = new TFile(...)
    TTree *T = new TTree(...)


Error in <TBranch::WriteBasketImpl>: basket's WriteBuffer failed.
Error in <TBranch::TBranch::Fill>: Failed to write out basket.

Error in <TTree::Fill>: Failed filling branch:Tree.passTrigger_4J3T_B, nbytes=-1, entry=63828
Error in <TBranch::WriteBasketImpl>: basket's WriteBuffer failed.
Error in <TBranch::TBranch::Fill>: Failed to write out basket.

Error in <TTree::Fill>: Failed filling branch:Tree.failGoldenJson, nbytes=-1, entry=63836
 This error is symptomatic of a Tree created as a memory-resident Tree
 Instead of doing:
    TTree *T = new TTree(...)
    TFile *f = new TFile(...)
 you should do:
    TFile *f = new TFile(...)
    TTree *T = new TTree(...)


Error in <TBranch::WriteBasketImpl>: basket's WriteBuffer failed.
Error in <TBranch::TBranch::Fill>: Failed to write out basket.

Error in <TTree::Fill>: Failed filling branch:Tree.passMETFilters, nbytes=-1, entry=63836
 This error is symptomatic of a Tree created as a memory-resident Tree
 Instead of doing:
    TTree *T = new TTree(...)
    TFile *f = new TFile(...)
 you should do:
    TFile *f = new TFile(...)
    TTree *T = new TTree(...)


Error in <TBranch::WriteBasketImpl>: basket's WriteBuffer failed.
Error in <TBranch::TBranch::Fill>: Failed to write out basket.

Error in <TTree::Fill>: Failed filling branch:Tree.eventNumber, nbytes=-1, entry=63840
 This error is symptomatic of a Tree created as a memory-resident Tree
 Instead of doing:
    TTree *T = new TTree(...)
    TFile *f = new TFile(...)
 you should do:
    TFile *f = new TFile(...)
    TTree *T = new TTree(...)


Error in <TBranch::WriteBasketImpl>: basket's WriteBuffer failed.
Error in <TBranch::TBranch::Fill>: Failed to write out basket.

Error in <TTree::Fill>: Failed filling branch:Tree.runNumber, nbytes=-1, entry=63840
 This error is symptomatic of a Tree created as a memory-resident Tree
 Instead of doing:
    TTree *T = new TTree(...)
    TFile *f = new TFile(...)
 you should do:
    TFile *f = new TFile(...)
    TTree *T = new TTree(...)


Error in <TBranch::WriteBasketImpl>: basket's WriteBuffer failed.
Error in <TBranch::TBranch::Fill>: Failed to write out basket.

Error in <TTree::Fill>: Failed filling branch:Tree.SampleWeight, nbytes=-1, entry=63840
Error in <TBranch::WriteBasketImpl>: basket's WriteBuffer failed.
Error in <TBranch::TBranch::Fill>: Failed to write out basket.

Error in <TTree::Fill>: Failed filling branch:Tree.genWeight, nbytes=-1, entry=63840
Error in <TBranch::WriteBasketImpl>: basket's WriteBuffer failed.
Error in <TBranch::TBranch::Fill>: Failed to write out basket.

Error in <TTree::Fill>: Failed filling branch:Tree.new_weight, nbytes=-1, entry=63840
Error in <TBranch::WriteBasketImpl>: basket's WriteBuffer failed.
Error in <TBranch::TBranch::Fill>: Failed to write out basket.

Error in <TTree::Fill>: Failed filling branch:Tree.nMuons, nbytes=-1, entry=63848
 This error is symptomatic of a Tree created as a memory-resident Tree
 Instead of doing:
    TTree *T = new TTree(...)
    TFile *f = new TFile(...)
 you should do:
    TFile *f = new TFile(...)
    TTree *T = new TTree(...)


Error in <TBranch::WriteBasketImpl>: basket's WriteBuffer failed.
Error in <TBranch::TBranch::Fill>: Failed to write out basket.

Error in <TTree::Fill>: Failed filling branch:Tree.nElecs, nbytes=-1, entry=63848
 This error is symptomatic of a Tree created as a memory-resident Tree
 Instead of doing:
    TTree *T = new TTree(...)
    TFile *f = new TFile(...)
 you should do:
    TFile *f = new TFile(...)
    TTree *T = new TTree(...)


Error in <TBranch::WriteBasketImpl>: basket's WriteBuffer failed.
Error in <TBranch::TBranch::Fill>: Failed to write out basket.

Error in <TTree::Fill>: Failed filling branch:Tree.nJets, nbytes=-1, entry=63848
Error in <TBranch::WriteBasketImpl>: basket's WriteBuffer failed.
Error in <TBranch::TBranch::Fill>: Failed to write out basket.

Error in <TTree::Fill>: Failed filling branch:Tree.PUWeight, nbytes=-1, entry=63848
Error in <TBranch::WriteBasketImpl>: basket's WriteBuffer failed.
Error in <TBranch::TBranch::Fill>: Failed to write out basket.

Error in <TTree::Fill>: Failed filling branch:Tree.HT, nbytes=-1, entry=63856
 This error is symptomatic of a Tree created as a memory-resident Tree
 Instead of doing:
    TTree *T = new TTree(...)
    TFile *f = new TFile(...)
 you should do:
    TFile *f = new TFile(...)
    TTree *T = new TTree(...)


Error in <TBranchElement::WriteBasketImpl>: basket's WriteBuffer failed.
Error in <TBranchElement::TBranch::Fill>: Failed to write out basket.

Error in <TBranchElement::Fill>: Failed filling branch:partonFlavs, nbytes=-1
Error in <TTree::Fill>: Failed filling branch:Tree.partonFlavs, nbytes=-1, entry=64450
 This error is symptomatic of a Tree created as a memory-resident Tree
 Instead of doing:
    TTree *T = new TTree(...)
    TFile *f = new TFile(...)
 you should do:
    TFile *f = new TFile(...)
    TTree *T = new TTree(...)


Error in <TBranchElement::WriteBasketImpl>: basket's WriteBuffer failed.
Error in <TBranchElement::TBranch::Fill>: Failed to write out basket.

Error in <TBranchElement::Fill>: Failed filling branch:bTagScore, nbytes=-1
Error in <TTree::Fill>: Failed filling branch:Tree.bTagScore, nbytes=-1, entry=64457
 This error is symptomatic of a Tree created as a memory-resident Tree
 Instead of doing:
    TTree *T = new TTree(...)
    TFile *f = new TFile(...)
 you should do:
    TFile *f = new TFile(...)
    TTree *T = new TTree(...)


Error in <TBranchElement::WriteBasketImpl>: basket's WriteBuffer failed.
Error in <TBranchElement::TBranch::Fill>: Failed to write out basket.

Error in <TBranchElement::Fill>: Failed filling branch:jetPUids, nbytes=-1
Error in <TTree::Fill>: Failed filling branch:Tree.jetPUids, nbytes=-1, entry=64461
 This error is symptomatic of a Tree created as a memory-resident Tree
 Instead of doing:
    TTree *T = new TTree(...)
    TFile *f = new TFile(...)
 you should do:
    TFile *f = new TFile(...)
    TTree *T = new TTree(...)


Error in <TBranchElement::WriteBasketImpl>: basket's WriteBuffer failed.
Error in <TBranchElement::TBranch::Fill>: Failed to write out basket.

Error in <TBranchElement::Fill>: Failed filling branch:hadFlavs, nbytes=-1
Error in <TTree::Fill>: Failed filling branch:Tree.hadFlavs, nbytes=-1, entry=64461
 This error is symptomatic of a Tree created as a memory-resident Tree
 Instead of doing:
    TTree *T = new TTree(...)
    TFile *f = new TFile(...)
 you should do:
    TFile *f = new TFile(...)
    TTree *T = new TTree(...)


Error in <TBranchElement::WriteBasketImpl>: basket's WriteBuffer failed.
Error in <TBranchElement::TBranch::Fill>: Failed to write out basket.

Error in <TBranchElement::Fill>: Failed filling branch:jetPt, nbytes=-1
Error in <TTree::Fill>: Failed filling branch:Tree.jetPt, nbytes=-1, entry=64464
 This error is symptomatic of a Tree created as a memory-resident Tree
 Instead of doing:
    TTree *T = new TTree(...)
    TFile *f = new TFile(...)
 you should do:
    TFile *f = new TFile(...)
    TTree *T = new TTree(...)


Error in <TBranchElement::WriteBasketImpl>: basket's WriteBuffer failed.
Error in <TBranchElement::TBranch::Fill>: Failed to write out basket.

Error in <TBranchElement::Fill>: Failed filling branch:jetEta, nbytes=-1
Error in <TTree::Fill>: Failed filling branch:Tree.jetEta, nbytes=-1, entry=64464
 This error is symptomatic of a Tree created as a memory-resident Tree
 Instead of doing:
    TTree *T = new TTree(...)
    TFile *f = new TFile(...)
 you should do:
    TFile *f = new TFile(...)
    TTree *T = new TTree(...)


Error in <TBranchElement::WriteBasketImpl>: basket's WriteBuffer failed.
Error in <TBranchElement::TBranch::Fill>: Failed to write out basket.

Error in <TBranchElement::Fill>: Failed filling branch:partonFlavs, nbytes=-1
Error in <TTree::Fill>: Failed filling branch:Tree.partonFlavs, nbytes=-1, entry=65116
 This error is symptomatic of a Tree created as a memory-resident Tree
 Instead of doing:
    TTree *T = new TTree(...)
    TFile *f = new TFile(...)
 you should do:
    TFile *f = new TFile(...)
    TTree *T = new TTree(...)


Error in <TBranchElement::WriteBasketImpl>: basket's WriteBuffer failed.
Error in <TBranchElement::TBranch::Fill>: Failed to write out basket.

Error in <TBranchElement::Fill>: Failed filling branch:bTagScore, nbytes=-1
Error in <TTree::Fill>: Failed filling branch:Tree.bTagScore, nbytes=-1, entry=65123
 This error is symptomatic of a Tree created as a memory-resident Tree
 Instead of doing:
    TTree *T = new TTree(...)
    TFile *f = new TFile(...)
 you should do:
    TFile *f = new TFile(...)
    TTree *T = new TTree(...)


Error in <TBranchElement::WriteBasketImpl>: basket's WriteBuffer failed.
Error in <TBranchElement::TBranch::Fill>: Failed to write out basket.

Error in <TBranchElement::Fill>: Failed filling branch:jetPUids, nbytes=-1
Error in <TTree::Fill>: Failed filling branch:Tree.jetPUids, nbytes=-1, entry=65127
 This error is symptomatic of a Tree created as a memory-resident Tree
 Instead of doing:
    TTree *T = new TTree(...)
    TFile *f = new TFile(...)
 you should do:
    TFile *f = new TFile(...)
    TTree *T = new TTree(...)


Error in <TBranchElement::WriteBasketImpl>: basket's WriteBuffer failed.
Error in <TBranchElement::TBranch::Fill>: Failed to write out basket.

Error in <TBranchElement::Fill>: Failed filling branch:hadFlavs, nbytes=-1
Error in <TTree::Fill>: Failed filling branch:Tree.hadFlavs, nbytes=-1, entry=65127
 This error is symptomatic of a Tree created as a memory-resident Tree
 Instead of doing:
    TTree *T = new TTree(...)
    TFile *f = new TFile(...)
 you should do:
    TFile *f = new TFile(...)
    TTree *T = new TTree(...)


Error in <TBranchElement::WriteBasketImpl>: basket's WriteBuffer failed.
Error in <TBranchElement::TBranch::Fill>: Failed to write out basket.

Error in <TBranchElement::Fill>: Failed filling branch:jetPt, nbytes=-1
Error in <TTree::Fill>: Failed filling branch:Tree.jetPt, nbytes=-1, entry=65130
 This error is symptomatic of a Tree created as a memory-resident Tree
 Instead of doing:
    TTree *T = new TTree(...)
    TFile *f = new TFile(...)
 you should do:
    TFile *f = new TFile(...)
    TTree *T = new TTree(...)


Error in <TBranchElement::WriteBasketImpl>: basket's WriteBuffer failed.
Error in <TBranchElement::TBranch::Fill>: Failed to write out basket.

Error in <TBranchElement::Fill>: Failed filling branch:jetEta, nbytes=-1
Error in <TTree::Fill>: Failed filling branch:Tree.jetEta, nbytes=-1, entry=65130
 This error is symptomatic of a Tree created as a memory-resident Tree
 Instead of doing:
    TTree *T = new TTree(...)
    TFile *f = new TFile(...)
 you should do:
    TFile *f = new TFile(...)
    TTree *T = new TTree(...)


Error in <TBranchElement::WriteBasketImpl>: basket's WriteBuffer failed.
Error in <TBranchElement::TBranch::Fill>: Failed to write out basket.

Error in <TBranchElement::Fill>: Failed filling branch:partonFlavs, nbytes=-1
Error in <TTree::Fill>: Failed filling branch:Tree.partonFlavs, nbytes=-1, entry=65784
 This error is symptomatic of a Tree created as a memory-resident Tree
 Instead of doing:
    TTree *T = new TTree(...)
    TFile *f = new TFile(...)
 you should do:
    TFile *f = new TFile(...)
    TTree *T = new TTree(...)


Error in <TBranchElement::WriteBasketImpl>: basket's WriteBuffer failed.
Error in <TBranchElement::TBranch::Fill>: Failed to write out basket.

Error in <TBranchElement::Fill>: Failed filling branch:bTagScore, nbytes=-1
Error in <TTree::Fill>: Failed filling branch:Tree.bTagScore, nbytes=-1, entry=65792
 This error is symptomatic of a Tree created as a memory-resident Tree
 Instead of doing:
    TTree *T = new TTree(...)
    TFile *f = new TFile(...)
 you should do:
    TFile *f = new TFile(...)
    TTree *T = new TTree(...)


Error in <TBranchElement::WriteBasketImpl>: basket's WriteBuffer failed.
Error in <TBranchElement::TBranch::Fill>: Failed to write out basket.

Error in <TBranchElement::Fill>: Failed filling branch:jetPUids, nbytes=-1
Error in <TTree::Fill>: Failed filling branch:Tree.jetPUids, nbytes=-1, entry=65796
 This error is symptomatic of a Tree created as a memory-resident Tree
 Instead of doing:
    TTree *T = new TTree(...)
    TFile *f = new TFile(...)
 you should do:
    TFile *f = new TFile(...)
    TTree *T = new TTree(...)


Error in <TBranchElement::WriteBasketImpl>: basket's WriteBuffer failed.
Error in <TBranchElement::TBranch::Fill>: Failed to write out basket.

Error in <TBranchElement::Fill>: Failed filling branch:hadFlavs, nbytes=-1
Error in <TTree::Fill>: Failed filling branch:Tree.hadFlavs, nbytes=-1, entry=65796
 This error is symptomatic of a Tree created as a memory-resident Tree
 Instead of doing:
    TTree *T = new TTree(...)
    TFile *f = new TFile(...)
 you should do:
    TFile *f = new TFile(...)
    TTree *T = new TTree(...)


Error in <TBranchElement::WriteBasketImpl>: basket's WriteBuffer failed.
Error in <TBranchElement::TBranch::Fill>: Failed to write out basket.

Error in <TBranchElement::Fill>: Failed filling branch:jetPt, nbytes=-1
Error in <TTree::Fill>: Failed filling branch:Tree.jetPt, nbytes=-1, entry=65799
 This error is symptomatic of a Tree created as a memory-resident Tree
 Instead of doing:
    TTree *T = new TTree(...)
    TFile *f = new TFile(...)
 you should do:
    TFile *f = new TFile(...)
    TTree *T = new TTree(...)


Error in <TBranchElement::WriteBasketImpl>: basket's WriteBuffer failed.
Error in <TBranchElement::TBranch::Fill>: Failed to write out basket.

Error in <TBranchElement::Fill>: Failed filling branch:jetEta, nbytes=-1
Error in <TTree::Fill>: Failed filling branch:Tree.jetEta, nbytes=-1, entry=65799
 This error is symptomatic of a Tree created as a memory-resident Tree
 Instead of doing:
    TTree *T = new TTree(...)
    TFile *f = new TFile(...)
 you should do:
    TFile *f = new TFile(...)
    TTree *T = new TTree(...)


Error in <TBranchElement::WriteBasketImpl>: basket's WriteBuffer failed.
Error in <TBranchElement::TBranch::Fill>: Failed to write out basket.

Error in <TBranchElement::Fill>: Failed filling branch:partonFlavs, nbytes=-1
Error in <TTree::Fill>: Failed filling branch:Tree.partonFlavs, nbytes=-1, entry=66446
 This error is symptomatic of a Tree created as a memory-resident Tree
 Instead of doing:
    TTree *T = new TTree(...)
    TFile *f = new TFile(...)
 you should do:
    TFile *f = new TFile(...)
    TTree *T = new TTree(...)


Error in <TBranchElement::WriteBasketImpl>: basket's WriteBuffer failed.
Error in <TBranchElement::TBranch::Fill>: Failed to write out basket.

Error in <TBranchElement::Fill>: Failed filling branch:bTagScore, nbytes=-1
Error in <TTree::Fill>: Failed filling branch:Tree.bTagScore, nbytes=-1, entry=66454
 This error is symptomatic of a Tree created as a memory-resident Tree
 Instead of doing:
    TTree *T = new TTree(...)
    TFile *f = new TFile(...)
 you should do:
    TFile *f = new TFile(...)
    TTree *T = new TTree(...)


Error in <TBranchElement::WriteBasketImpl>: basket's WriteBuffer failed.
Error in <TBranchElement::TBranch::Fill>: Failed to write out basket.

Error in <TBranchElement::Fill>: Failed filling branch:jetPUids, nbytes=-1
Error in <TTree::Fill>: Failed filling branch:Tree.jetPUids, nbytes=-1, entry=66458
 This error is symptomatic of a Tree created as a memory-resident Tree
 Instead of doing:
    TTree *T = new TTree(...)
    TFile *f = new TFile(...)
 you should do:
    TFile *f = new TFile(...)
    TTree *T = new TTree(...)


Error in <TBranchElement::WriteBasketImpl>: basket's WriteBuffer failed.
Error in <TBranchElement::TBranch::Fill>: Failed to write out basket.

Error in <TBranchElement::Fill>: Failed filling branch:hadFlavs, nbytes=-1
Error in <TTree::Fill>: Failed filling branch:Tree.hadFlavs, nbytes=-1, entry=66458
 This error is symptomatic of a Tree created as a memory-resident Tree
 Instead of doing:
    TTree *T = new TTree(...)
    TFile *f = new TFile(...)
 you should do:
    TFile *f = new TFile(...)
    TTree *T = new TTree(...)


Error in <TBranchElement::WriteBasketImpl>: basket's WriteBuffer failed.
Error in <TBranchElement::TBranch::Fill>: Failed to write out basket.

Error in <TBranchElement::Fill>: Failed filling branch:jetPt, nbytes=-1
Error in <TTree::Fill>: Failed filling branch:Tree.jetPt, nbytes=-1, entry=66461
 This error is symptomatic of a Tree created as a memory-resident Tree
 Instead of doing:
    TTree *T = new TTree(...)
    TFile *f = new TFile(...)
 you should do:
    TFile *f = new TFile(...)
    TTree *T = new TTree(...)


Error in <TBranchElement::WriteBasketImpl>: basket's WriteBuffer failed.
Error in <TBranchElement::TBranch::Fill>: Failed to write out basket.

Error in <TBranchElement::Fill>: Failed filling branch:jetEta, nbytes=-1
Error in <TTree::Fill>: Failed filling branch:Tree.jetEta, nbytes=-1, entry=66461
 This error is symptomatic of a Tree created as a memory-resident Tree
 Instead of doing:
    TTree *T = new TTree(...)
    TFile *f = new TFile(...)
 you should do:
    TFile *f = new TFile(...)
    TTree *T = new TTree(...)


Error in <TBranchElement::WriteBasketImpl>: basket's WriteBuffer failed.
Error in <TBranchElement::TBranch::Fill>: Failed to write out basket.

Error in <TBranchElement::Fill>: Failed filling branch:partonFlavs, nbytes=-1
Error in <TTree::Fill>: Failed filling branch:Tree.partonFlavs, nbytes=-1, entry=67111
 This error is symptomatic of a Tree created as a memory-resident Tree
 Instead of doing:
    TTree *T = new TTree(...)
    TFile *f = new TFile(...)
 you should do:
    TFile *f = new TFile(...)
    TTree *T = new TTree(...)


Error in <TBranchElement::WriteBasketImpl>: basket's WriteBuffer failed.
Error in <TBranchElement::TBranch::Fill>: Failed to write out basket.

Error in <TBranchElement::Fill>: Failed filling branch:bTagScore, nbytes=-1
Error in <TTree::Fill>: Failed filling branch:Tree.bTagScore, nbytes=-1, entry=67120
 This error is symptomatic of a Tree created as a memory-resident Tree
 Instead of doing:
    TTree *T = new TTree(...)
    TFile *f = new TFile(...)
 you should do:
    TFile *f = new TFile(...)
    TTree *T = new TTree(...)


Error in <TBranchElement::WriteBasketImpl>: basket's WriteBuffer failed.
Error in <TBranchElement::TBranch::Fill>: Failed to write out basket.

Error in <TBranchElement::Fill>: Failed filling branch:jetPUids, nbytes=-1
Error in <TTree::Fill>: Failed filling branch:Tree.jetPUids, nbytes=-1, entry=67123
 This error is symptomatic of a Tree created as a memory-resident Tree
 Instead of doing:
    TTree *T = new TTree(...)
    TFile *f = new TFile(...)
 you should do:
    TFile *f = new TFile(...)
    TTree *T = new TTree(...)


Error in <TBranchElement::WriteBasketImpl>: basket's WriteBuffer failed.
Error in <TBranchElement::TBranch::Fill>: Failed to write out basket.

Error in <TBranchElement::Fill>: Failed filling branch:hadFlavs, nbytes=-1
Error in <TTree::Fill>: Failed filling branch:Tree.hadFlavs, nbytes=-1, entry=67123
 This error is symptomatic of a Tree created as a memory-resident Tree
 Instead of doing:
    TTree *T = new TTree(...)
    TFile *f = new TFile(...)
 you should do:
    TFile *f = new TFile(...)
    TTree *T = new TTree(...)


Error in <TBranchElement::WriteBasketImpl>: basket's WriteBuffer failed.
Error in <TBranchElement::TBranch::Fill>: Failed to write out basket.

Error in <TBranchElement::Fill>: Failed filling branch:jetPt, nbytes=-1
Error in <TTree::Fill>: Failed filling branch:Tree.jetPt, nbytes=-1, entry=67126
 This error is symptomatic of a Tree created as a memory-resident Tree
 Instead of doing:
    TTree *T = new TTree(...)
    TFile *f = new TFile(...)
 you should do:
    TFile *f = new TFile(...)
    TTree *T = new TTree(...)


Error in <TBranchElement::WriteBasketImpl>: basket's WriteBuffer failed.
Error in <TBranchElement::TBranch::Fill>: Failed to write out basket.

Error in <TBranchElement::Fill>: Failed filling branch:jetEta, nbytes=-1
Error in <TTree::Fill>: Failed filling branch:Tree.jetEta, nbytes=-1, entry=67126
 This error is symptomatic of a Tree created as a memory-resident Tree
 Instead of doing:
    TTree *T = new TTree(...)
    TFile *f = new TFile(...)
 you should do:
    TFile *f = new TFile(...)
    TTree *T = new TTree(...)


Error in <TBranchElement::WriteBasketImpl>: basket's WriteBuffer failed.
Error in <TBranchElement::TBranch::Fill>: Failed to write out basket.

Error in <TBranchElement::Fill>: Failed filling branch:partonFlavs, nbytes=-1
Error in <TTree::Fill>: Failed filling branch:Tree.partonFlavs, nbytes=-1, entry=67777
 This error is symptomatic of a Tree created as a memory-resident Tree
 Instead of doing:
    TTree *T = new TTree(...)
    TFile *f = new TFile(...)
 you should do:
    TFile *f = new TFile(...)
    TTree *T = new TTree(...)


Error in <TBranchElement::WriteBasketImpl>: basket's WriteBuffer failed.
Error in <TBranchElement::TBranch::Fill>: Failed to write out basket.

Error in <TBranchElement::Fill>: Failed filling branch:bTagScore, nbytes=-1
Error in <TTree::Fill>: Failed filling branch:Tree.bTagScore, nbytes=-1, entry=67786
 This error is symptomatic of a Tree created as a memory-resident Tree
 Instead of doing:
    TTree *T = new TTree(...)
    TFile *f = new TFile(...)
 you should do:
    TFile *f = new TFile(...)
    TTree *T = new TTree(...)


Error in <TBranchElement::WriteBasketImpl>: basket's WriteBuffer failed.
Error in <TBranchElement::TBranch::Fill>: Failed to write out basket.

Error in <TBranchElement::Fill>: Failed filling branch:jetPUids, nbytes=-1
Error in <TTree::Fill>: Failed filling branch:Tree.jetPUids, nbytes=-1, entry=67789
 This error is symptomatic of a Tree created as a memory-resident Tree
 Instead of doing:
    TTree *T = new TTree(...)
    TFile *f = new TFile(...)
 you should do:
    TFile *f = new TFile(...)
    TTree *T = new TTree(...)


Error in <TBranchElement::WriteBasketImpl>: basket's WriteBuffer failed.
Error in <TBranchElement::TBranch::Fill>: Failed to write out basket.

Error in <TBranchElement::Fill>: Failed filling branch:hadFlavs, nbytes=-1
Error in <TTree::Fill>: Failed filling branch:Tree.hadFlavs, nbytes=-1, entry=67789
 This error is symptomatic of a Tree created as a memory-resident Tree
 Instead of doing:
    TTree *T = new TTree(...)
    TFile *f = new TFile(...)
 you should do:
    TFile *f = new TFile(...)
    TTree *T = new TTree(...)


Error in <TBranchElement::WriteBasketImpl>: basket's WriteBuffer failed.
Error in <TBranchElement::TBranch::Fill>: Failed to write out basket.

Error in <TBranchElement::Fill>: Failed filling branch:jetPt, nbytes=-1
Error in <TTree::Fill>: Failed filling branch:Tree.jetPt, nbytes=-1, entry=67792
 This error is symptomatic of a Tree created as a memory-resident Tree
 Instead of doing:
    TTree *T = new TTree(...)
    TFile *f = new TFile(...)
 you should do:
    TFile *f = new TFile(...)
    TTree *T = new TTree(...)


Error in <TBranchElement::WriteBasketImpl>: basket's WriteBuffer failed.
Error in <TBranchElement::TBranch::Fill>: Failed to write out basket.

Error in <TBranchElement::Fill>: Failed filling branch:jetEta, nbytes=-1
Error in <TTree::Fill>: Failed filling branch:Tree.jetEta, nbytes=-1, entry=67792
 This error is symptomatic of a Tree created as a memory-resident Tree
 Instead of doing:
    TTree *T = new TTree(...)
    TFile *f = new TFile(...)
 you should do:
    TFile *f = new TFile(...)
    TTree *T = new TTree(...)


Error in <TBranchElement::WriteBasketImpl>: basket's WriteBuffer failed.
Error in <TBranchElement::TBranch::Fill>: Failed to write out basket.

Error in <TBranchElement::Fill>: Failed filling branch:partonFlavs, nbytes=-1
Error in <TTree::Fill>: Failed filling branch:Tree.partonFlavs, nbytes=-1, entry=68444
 This error is symptomatic of a Tree created as a memory-resident Tree
 Instead of doing:
    TTree *T = new TTree(...)
    TFile *f = new TFile(...)
 you should do:
    TFile *f = new TFile(...)
    TTree *T = new TTree(...)


Error in <TBranchElement::WriteBasketImpl>: basket's WriteBuffer failed.
Error in <TBranchElement::TBranch::Fill>: Failed to write out basket.

Error in <TBranchElement::Fill>: Failed filling branch:bTagScore, nbytes=-1
Error in <TTree::Fill>: Failed filling branch:Tree.bTagScore, nbytes=-1, entry=68453
 This error is symptomatic of a Tree created as a memory-resident Tree
 Instead of doing:
    TTree *T = new TTree(...)
    TFile *f = new TFile(...)
 you should do:
    TFile *f = new TFile(...)
    TTree *T = new TTree(...)


Error in <TBranchElement::WriteBasketImpl>: basket's WriteBuffer failed.
Error in <TBranchElement::TBranch::Fill>: Failed to write out basket.

Error in <TBranchElement::Fill>: Failed filling branch:jetPUids, nbytes=-1
Error in <TTree::Fill>: Failed filling branch:Tree.jetPUids, nbytes=-1, entry=68456
 This error is symptomatic of a Tree created as a memory-resident Tree
 Instead of doing:
    TTree *T = new TTree(...)
    TFile *f = new TFile(...)
 you should do:
    TFile *f = new TFile(...)
    TTree *T = new TTree(...)


Error in <TBranchElement::WriteBasketImpl>: basket's WriteBuffer failed.
Error in <TBranchElement::TBranch::Fill>: Failed to write out basket.

Error in <TBranchElement::Fill>: Failed filling branch:hadFlavs, nbytes=-1
Error in <TTree::Fill>: Failed filling branch:Tree.hadFlavs, nbytes=-1, entry=68456
 This error is symptomatic of a Tree created as a memory-resident Tree
 Instead of doing:
    TTree *T = new TTree(...)
    TFile *f = new TFile(...)
 you should do:
    TFile *f = new TFile(...)
    TTree *T = new TTree(...)


Error in <TBranchElement::WriteBasketImpl>: basket's WriteBuffer failed.
Error in <TBranchElement::TBranch::Fill>: Failed to write out basket.

Error in <TBranchElement::Fill>: Failed filling branch:jetPt, nbytes=-1
Error in <TTree::Fill>: Failed filling branch:Tree.jetPt, nbytes=-1, entry=68459
 This error is symptomatic of a Tree created as a memory-resident Tree
 Instead of doing:
    TTree *T = new TTree(...)
    TFile *f = new TFile(...)
 you should do:
    TFile *f = new TFile(...)
    TTree *T = new TTree(...)


Error in <TBranchElement::WriteBasketImpl>: basket's WriteBuffer failed.
Error in <TBranchElement::TBranch::Fill>: Failed to write out basket.

Error in <TBranchElement::Fill>: Failed filling branch:jetEta, nbytes=-1
Error in <TTree::Fill>: Failed filling branch:Tree.jetEta, nbytes=-1, entry=68459
 This error is symptomatic of a Tree created as a memory-resident Tree
 Instead of doing:
    TTree *T = new TTree(...)
    TFile *f = new TFile(...)
 you should do:
    TFile *f = new TFile(...)
    TTree *T = new TTree(...)


Event loop completed.
Error in <TBranch::WriteBasketImpl>: basket's WriteBuffer failed.
Error in <TBranch::WriteBasketImpl>: basket's WriteBuffer failed.
Error in <TBranch::WriteBasketImpl>: basket's WriteBuffer failed.
Error in <TBranch::WriteBasketImpl>: basket's WriteBuffer failed.
Error in <TBranch::WriteBasketImpl>: basket's WriteBuffer failed.
Error in <TBranch::WriteBasketImpl>: basket's WriteBuffer failed.
Error in <TBranch::WriteBasketImpl>: basket's WriteBuffer failed.
Error in <TBranch::WriteBasketImpl>: basket's WriteBuffer failed.
Error in <TBranch::WriteBasketImpl>: basket's WriteBuffer failed.
Error in <TBranch::WriteBasketImpl>: basket's WriteBuffer failed.
Error in <TBranch::WriteBasketImpl>: basket's WriteBuffer failed.
Error in <TBranch::WriteBasketImpl>: basket's WriteBuffer failed.
Error in <TBranch::WriteBasketImpl>: basket's WriteBuffer failed.
Error in <TBranch::WriteBasketImpl>: basket's WriteBuffer failed.
Error in <TBranch::WriteBasketImpl>: basket's WriteBuffer failed.
Error in <TBranch::WriteBasketImpl>: basket's WriteBuffer failed.
Error in <TBranch::WriteBasketImpl>: basket's WriteBuffer failed.
Error in <TBranch::WriteBasketImpl>: basket's WriteBuffer failed.
Error in <TBranch::WriteBasketImpl>: basket's WriteBuffer failed.
Error in <TBranch::WriteBasketImpl>: basket's WriteBuffer failed.
Error in <TBranch::WriteBasketImpl>: basket's WriteBuffer failed.
Error in <TBranch::WriteBasketImpl>: basket's WriteBuffer failed.
Error in <TBranch::WriteBasketImpl>: basket's WriteBuffer failed.
Error in <TBranch::WriteBasketImpl>: basket's WriteBuffer failed.
Error in <TBranch::WriteBasketImpl>: basket's WriteBuffer failed.
Error in <TBranch::WriteBasketImpl>: basket's WriteBuffer failed.
Error in <TBranch::WriteBasketImpl>: basket's WriteBuffer failed.
Error in <TBranch::WriteBasketImpl>: basket's WriteBuffer failed.
Error in <TBranch::WriteBasketImpl>: basket's WriteBuffer failed.
Error in <TBranch::WriteBasketImpl>: basket's WriteBuffer failed.
Error in <TBranch::WriteBasketImpl>: basket's WriteBuffer failed.
Error in <TBranch::WriteBasketImpl>: basket's WriteBuffer failed.
Error in <TBranch::WriteBasketImpl>: basket's WriteBuffer failed.
Error in <TBranch::WriteBasketImpl>: basket's WriteBuffer failed.
Error in <TBranch::WriteBasketImpl>: basket's WriteBuffer failed.
Error in <TBranch::WriteBasketImpl>: basket's WriteBuffer failed.
Error in <TBranch::WriteBasketImpl>: basket's WriteBuffer failed.
Error in <TBranch::WriteBasketImpl>: basket's WriteBuffer failed.
Error in <TBranch::WriteBasketImpl>: basket's WriteBuffer failed.
Error in <TBranch::WriteBasketImpl>: basket's WriteBuffer failed.
Error in <TBranch::WriteBasketImpl>: basket's WriteBuffer failed.
Error in <TBranch::WriteBasketImpl>: basket's WriteBuffer failed.
Error in <TBranch::WriteBasketImpl>: basket's WriteBuffer failed.
Error in <TBranch::WriteBasketImpl>: basket's WriteBuffer failed.
Error in <TBranch::WriteBasketImpl>: basket's WriteBuffer failed.
Error in <TBranch::WriteBasketImpl>: basket's WriteBuffer failed.
Error in <TBranch::WriteBasketImpl>: basket's WriteBuffer failed.
Error in <TBranch::WriteBasketImpl>: basket's WriteBuffer failed.
Error in <TBranch::WriteBasketImpl>: basket's WriteBuffer failed.
Error in <TBranch::WriteBasketImpl>: basket's WriteBuffer failed.
Error in <TBranch::WriteBasketImpl>: basket's WriteBuffer failed.
Error in <TBranch::WriteBasketImpl>: basket's WriteBuffer failed.
Error in <TBranch::WriteBasketImpl>: basket's WriteBuffer failed.
Error in <TBranch::WriteBasketImpl>: basket's WriteBuffer failed.
Error in <TBranch::WriteBasketImpl>: basket's WriteBuffer failed.
Error in <TBranch::WriteBasketImpl>: basket's WriteBuffer failed.
Error in <TBranch::WriteBasketImpl>: basket's WriteBuffer failed.
Error in <TBranch::WriteBasketImpl>: basket's WriteBuffer failed.
Error in <TBranch::WriteBasketImpl>: basket's WriteBuffer failed.
Error in <TBranch::WriteBasketImpl>: basket's WriteBuffer failed.
Error in <TBranchElement::WriteBasketImpl>: basket's WriteBuffer failed.
Error in <TBranchElement::WriteBasketImpl>: basket's WriteBuffer failed.
Error in <TBranchElement::WriteBasketImpl>: basket's WriteBuffer failed.
Error in <TBranchElement::WriteBasketImpl>: basket's WriteBuffer failed.
Error in <TBranchElement::WriteBasketImpl>: basket's WriteBuffer failed.
Error in <TBranchElement::WriteBasketImpl>: basket's WriteBuffer failed.
Error in <TBranchElement::WriteBasketImpl>: basket's WriteBuffer failed.
Error in <TBranchElement::WriteBasketImpl>: basket's WriteBuffer failed.
Error in <TBranchElement::WriteBasketImpl>: basket's WriteBuffer failed.
Error in <TBranchElement::WriteBasketImpl>: basket's WriteBuffer failed.
Error in <TBranchElement::WriteBasketImpl>: basket's WriteBuffer failed.
Error in <TBranchElement::WriteBasketImpl>: basket's WriteBuffer failed.
Error in <TBranchElement::WriteBasketImpl>: basket's WriteBuffer failed.
Error in <TBranchElement::WriteBasketImpl>: basket's WriteBuffer failed.
Error in <TBranchElement::WriteBasketImpl>: basket's WriteBuffer failed.
Error in <TBranchElement::WriteBasketImpl>: basket's WriteBuffer failed.
Error in <TBranchElement::WriteBasketImpl>: basket's WriteBuffer failed.
Error in <TBranchElement::WriteBasketImpl>: basket's WriteBuffer failed.
Error in <TBranchElement::WriteBasketImpl>: basket's WriteBuffer failed.
Error in <TBranchElement::WriteBasketImpl>: basket's WriteBuffer failed.
Error in <TBranchElement::WriteBasketImpl>: basket's WriteBuffer failed.
Error in <TBranchElement::WriteBasketImpl>: basket's WriteBuffer failed.
Error in <TBranchElement::WriteBasketImpl>: basket's WriteBuffer failed.
Error in <TBranchElement::WriteBasketImpl>: basket's WriteBuffer failed.
Error in <TBranchElement::WriteBasketImpl>: basket's WriteBuffer failed.
Error in <TBranchElement::WriteBasketImpl>: basket's WriteBuffer failed.
Error in <TBranchElement::WriteBasketImpl>: basket's WriteBuffer failed.
Error in <TBranchElement::WriteBasketImpl>: basket's WriteBuffer failed.
Error in <TBranchElement::WriteBasketImpl>: basket's WriteBuffer failed.
Error in <TBranchElement::WriteBasketImpl>: basket's WriteBuffer failed.
Error in <TBranchElement::WriteBasketImpl>: basket's WriteBuffer failed.
Error in <TBranchElement::WriteBasketImpl>: basket's WriteBuffer failed.
Error in <TBranchElement::WriteBasketImpl>: basket's WriteBuffer failed.
Error in <TBranchElement::WriteBasketImpl>: basket's WriteBuffer failed.
Error in <TBranchElement::WriteBasketImpl>: basket's WriteBuffer failed.
Error in <TBranchElement::WriteBasketImpl>: basket's WriteBuffer failed.
Error in <TBranchElement::WriteBasketImpl>: basket's WriteBuffer failed.
Error in <TBranchElement::WriteBasketImpl>: basket's WriteBuffer failed.
Error in <TBranchElement::WriteBasketImpl>: basket's WriteBuffer failed.
Error in <TBranchElement::WriteBasketImpl>: basket's WriteBuffer failed.
Error in <TBranchElement::WriteBasketImpl>: basket's WriteBuffer failed.
Error in <TBranchElement::WriteBasketImpl>: basket's WriteBuffer failed.
Error in <TBranchElement::WriteBasketImpl>: basket's WriteBuffer failed.
Error in <TBranchElement::WriteBasketImpl>: basket's WriteBuffer failed.
Error in <TBranchElement::WriteBasketImpl>: basket's WriteBuffer failed.
Error in <TBranchElement::WriteBasketImpl>: basket's WriteBuffer failed.
Error in <TBranchElement::WriteBasketImpl>: basket's WriteBuffer failed.
Error in <TBranchElement::WriteBasketImpl>: basket's WriteBuffer failed.
Error in <TBranchElement::WriteBasketImpl>: basket's WriteBuffer failed.
Error in <TBranchElement::WriteBasketImpl>: basket's WriteBuffer failed.
Error in <TBranchElement::WriteBasketImpl>: basket's WriteBuffer failed.
Error in <TBranchElement::WriteBasketImpl>: basket's WriteBuffer failed.
Error in <TBranchElement::WriteBasketImpl>: basket's WriteBuffer failed.
Error in <TBranchElement::WriteBasketImpl>: basket's WriteBuffer failed.
Error in <TBranchElement::WriteBasketImpl>: basket's WriteBuffer failed.
Error in <TBranchElement::WriteBasketImpl>: basket's WriteBuffer failed.
Error in <TBranchElement::WriteBasketImpl>: basket's WriteBuffer failed.
Error in <TBranchElement::WriteBasketImpl>: basket's WriteBuffer failed.
Error in <TBranchElement::WriteBasketImpl>: basket's WriteBuffer failed.
Error in <TBranchElement::WriteBasketImpl>: basket's WriteBuffer failed.
Error in <TBranchElement::WriteBasketImpl>: basket's WriteBuffer failed.
Error in <TBranchElement::WriteBasketImpl>: basket's WriteBuffer failed.
Error in <TBranchElement::WriteBasketImpl>: basket's WriteBuffer failed.
Error in <TBranchElement::WriteBasketImpl>: basket's WriteBuffer failed.
Error in <TBranchElement::WriteBasketImpl>: basket's WriteBuffer failed.
Error in <TBranchElement::WriteBasketImpl>: basket's WriteBuffer failed.
Error in <TBranchElement::WriteBasketImpl>: basket's WriteBuffer failed.
Error in <TBranchElement::WriteBasketImpl>: basket's WriteBuffer failed.
Error in <TBranchElement::WriteBasketImpl>: basket's WriteBuffer failed.
Error in <TBranchElement::WriteBasketImpl>: basket's WriteBuffer failed.
Error in <TBranchElement::WriteBasketImpl>: basket's WriteBuffer failed.
Error in <TBranchElement::WriteBasketImpl>: basket's WriteBuffer failed.
Error in <TBranchElement::WriteBasketImpl>: basket's WriteBuffer failed.
Error in <TBranchElement::WriteBasketImpl>: basket's WriteBuffer failed.
Error in <TBranchElement::WriteBasketImpl>: basket's WriteBuffer failed.
Error in <TBranchElement::WriteBasketImpl>: basket's WriteBuffer failed.
Error in <TBranchElement::WriteBasketImpl>: basket's WriteBuffer failed.
Error in <TBranchElement::WriteBasketImpl>: basket's WriteBuffer failed.
Error in <TBranchElement::WriteBasketImpl>: basket's WriteBuffer failed.
Error in <TBranchElement::WriteBasketImpl>: basket's WriteBuffer failed.
Error in <TBranchElement::WriteBasketImpl>: basket's WriteBuffer failed.
Error in <TBranchElement::WriteBasketImpl>: basket's WriteBuffer failed.
Error in <TBranchElement::WriteBasketImpl>: basket's WriteBuffer failed.
Error in <TBranchElement::WriteBasketImpl>: basket's WriteBuffer failed.
Error in <TBranchElement::WriteBasketImpl>: basket's WriteBuffer failed.
Error in <TBranchElement::WriteBasketImpl>: basket's WriteBuffer failed.
Error in <TBranchElement::WriteBasketImpl>: basket's WriteBuffer failed.
Error in <TBranchElement::WriteBasketImpl>: basket's WriteBuffer failed.
Error in <TBranchElement::WriteBasketImpl>: basket's WriteBuffer failed.
Error in <TBranchElement::WriteBasketImpl>: basket's WriteBuffer failed.
Error in <TBranchElement::WriteBasketImpl>: basket's WriteBuffer failed.
Error in <TBranchElement::WriteBasketImpl>: basket's WriteBuffer failed.
Error in <TBranchElement::WriteBasketImpl>: basket's WriteBuffer failed.
Error in <TBranchElement::WriteBasketImpl>: basket's WriteBuffer failed.
Error in <TBranchElement::WriteBasketImpl>: basket's WriteBuffer failed.
Error in <TBranchElement::WriteBasketImpl>: basket's WriteBuffer failed.
Error in <TBranchElement::WriteBasketImpl>: basket's WriteBuffer failed.
Error in <TBranchElement::WriteBasketImpl>: basket's WriteBuffer failed.
Error in <TBranchElement::WriteBasketImpl>: basket's WriteBuffer failed.
Error in <TBranchElement::WriteBasketImpl>: basket's WriteBuffer failed.
Error in <TBranchElement::WriteBasketImpl>: basket's WriteBuffer failed.
Error in <TBranchElement::WriteBasketImpl>: basket's WriteBuffer failed.
Error in <TBranchElement::WriteBasketImpl>: basket's WriteBuffer failed.
Error in <TBranchElement::WriteBasketImpl>: basket's WriteBuffer failed.
Error in <TBranchElement::WriteBasketImpl>: basket's WriteBuffer failed.
Error in <TBranchElement::WriteBasketImpl>: basket's WriteBuffer failed.
Error in <TBranchElement::WriteBasketImpl>: basket's WriteBuffer failed.
Error in <TBranchElement::WriteBasketImpl>: basket's WriteBuffer failed.
Error in <TBranchElement::WriteBasketImpl>: basket's WriteBuffer failed.
Error in <TBranchElement::WriteBasketImpl>: basket's WriteBuffer failed.
Error in <TBranchElement::WriteBasketImpl>: basket's WriteBuffer failed.
Error in <TBranchElement::WriteBasketImpl>: basket's WriteBuffer failed.
Error in <TBranchElement::WriteBasketImpl>: basket's WriteBuffer failed.
Error in <TBranchElement::WriteBasketImpl>: basket's WriteBuffer failed.
Error in <TBranchElement::WriteBasketImpl>: basket's WriteBuffer failed.
Error in <TBranchElement::WriteBasketImpl>: basket's WriteBuffer failed.
Error in <TBranchElement::WriteBasketImpl>: basket's WriteBuffer failed.
Error in <TBranchElement::WriteBasketImpl>: basket's WriteBuffer failed.
Error in <TBranchElement::WriteBasketImpl>: basket's WriteBuffer failed.
Error in <TBranchElement::WriteBasketImpl>: basket's WriteBuffer failed.
Error in <TBranchElement::WriteBasketImpl>: basket's WriteBuffer failed.
Error in <TBranchElement::WriteBasketImpl>: basket's WriteBuffer failed.
Error in <TBranchElement::WriteBasketImpl>: basket's WriteBuffer failed.
Error in <TBranchElement::WriteBasketImpl>: basket's WriteBuffer failed.
Error in <TBranchElement::WriteBasketImpl>: basket's WriteBuffer failed.
Error in <TBranchElement::WriteBasketImpl>: basket's WriteBuffer failed.
Error in <TBranchElement::WriteBasketImpl>: basket's WriteBuffer failed.
Error in <TBranchElement::WriteBasketImpl>: basket's WriteBuffer failed.
Error in <TBranchElement::WriteBasketImpl>: basket's WriteBuffer failed.
Error in <TBranchElement::WriteBasketImpl>: basket's WriteBuffer failed.
Error in <TBranchElement::WriteBasketImpl>: basket's WriteBuffer failed.
Error in <TBranchElement::WriteBasketImpl>: basket's WriteBuffer failed.
Error in <TBranchElement::WriteBasketImpl>: basket's WriteBuffer failed.
Error in <TBranchElement::WriteBasketImpl>: basket's WriteBuffer failed.
Error in <TBranchElement::WriteBasketImpl>: basket's WriteBuffer failed.
Error in <TBranchElement::WriteBasketImpl>: basket's WriteBuffer failed.
Error in <TBranchElement::WriteBasketImpl>: basket's WriteBuffer failed.
Error in <TBranchElement::WriteBasketImpl>: basket's WriteBuffer failed.
Error in <TBranchElement::WriteBasketImpl>: basket's WriteBuffer failed.
Error in <TBranchElement::WriteBasketImpl>: basket's WriteBuffer failed.
Error in <TBranchElement::WriteBasketImpl>: basket's WriteBuffer failed.
Error in <TBranchElement::WriteBasketImpl>: basket's WriteBuffer failed.
Error in <TBranchElement::WriteBasketImpl>: basket's WriteBuffer failed.
Error in <TBranchElement::WriteBasketImpl>: basket's WriteBuffer failed.
Error in <TBranchElement::WriteBasketImpl>: basket's WriteBuffer failed.
Error in <TBranchElement::WriteBasketImpl>: basket's WriteBuffer failed.
Error in <TBranchElement::WriteBasketImpl>: basket's WriteBuffer failed.
Error in <TBranchElement::WriteBasketImpl>: basket's WriteBuffer failed.
Error in <TBranchElement::WriteBasketImpl>: basket's WriteBuffer failed.
Error in <TBranchElement::WriteBasketImpl>: basket's WriteBuffer failed.
Error in <TBranchElement::WriteBasketImpl>: basket's WriteBuffer failed.
Error in <TBranchElement::WriteBasketImpl>: basket's WriteBuffer failed.
Error in <TBranchElement::WriteBasketImpl>: basket's WriteBuffer failed.
Error in <TBranchElement::WriteBasketImpl>: basket's WriteBuffer failed.
Error in <TBranchElement::WriteBasketImpl>: basket's WriteBuffer failed.
Error in <TBranchElement::WriteBasketImpl>: basket's WriteBuffer failed.
Error in <TBranchElement::WriteBasketImpl>: basket's WriteBuffer failed.
Error in <TBranchElement::WriteBasketImpl>: basket's WriteBuffer failed.
Error in <TBranchElement::WriteBasketImpl>: basket's WriteBuffer failed.
Error in <TBranchElement::WriteBasketImpl>: basket's WriteBuffer failed.
Error in <TBranchElement::WriteBasketImpl>: basket's WriteBuffer failed.
Error in <TBranchElement::WriteBasketImpl>: basket's WriteBuffer failed.
Error in <TBranchElement::WriteBasketImpl>: basket's WriteBuffer failed.
Error in <TBranchElement::WriteBasketImpl>: basket's WriteBuffer failed.
Error in <TBranchElement::WriteBasketImpl>: basket's WriteBuffer failed.
Error in <TBranchElement::WriteBasketImpl>: basket's WriteBuffer failed.
Error in <TBranchElement::WriteBasketImpl>: basket's WriteBuffer failed.
Error in <TBranchElement::WriteBasketImpl>: basket's WriteBuffer failed.
Error in <TBranchElement::WriteBasketImpl>: basket's WriteBuffer failed.
Error in <TBranchElement::WriteBasketImpl>: basket's WriteBuffer failed.
Error in <TBranchElement::WriteBasketImpl>: basket's WriteBuffer failed.
Error in <TBranchElement::WriteBasketImpl>: basket's WriteBuffer failed.
Error in <TBranchElement::WriteBasketImpl>: basket's WriteBuffer failed.
Error in <TBranchElement::WriteBasketImpl>: basket's WriteBuffer failed.
Error in <TBranchElement::WriteBasketImpl>: basket's WriteBuffer failed.
Error in <TBranchElement::WriteBasketImpl>: basket's WriteBuffer failed.
Error in <TBranchElement::WriteBasketImpl>: basket's WriteBuffer failed.
Error in <TBranchElement::WriteBasketImpl>: basket's WriteBuffer failed.
Error in <TBranchElement::WriteBasketImpl>: basket's WriteBuffer failed.
Error in <TBranchElement::WriteBasketImpl>: basket's WriteBuffer failed.
Error in <TBranchElement::WriteBasketImpl>: basket's WriteBuffer failed.
Error in <TBranchElement::WriteBasketImpl>: basket's WriteBuffer failed.
Error in <TBranchElement::WriteBasketImpl>: basket's WriteBuffer failed.
Error in <TBranchElement::WriteBasketImpl>: basket's WriteBuffer failed.
Error in <TBranchElement::WriteBasketImpl>: basket's WriteBuffer failed.
Error in <TBranchElement::WriteBasketImpl>: basket's WriteBuffer failed.
Error in <TBranchElement::WriteBasketImpl>: basket's WriteBuffer failed.
Error in <TBranchElement::WriteBasketImpl>: basket's WriteBuffer failed.
Error in <TBranchElement::WriteBasketImpl>: basket's WriteBuffer failed.
Error in <TBranchElement::WriteBasketImpl>: basket's WriteBuffer failed.
Error in <TBranchElement::WriteBasketImpl>: basket's WriteBuffer failed.
Error in <TBranchElement::WriteBasketImpl>: basket's WriteBuffer failed.
Error in <TBranchElement::WriteBasketImpl>: basket's WriteBuffer failed.
Error in <TBranchElement::WriteBasketImpl>: basket's WriteBuffer failed.
Error in <TBranchElement::WriteBasketImpl>: basket's WriteBuffer failed.
Error in <TBranchElement::WriteBasketImpl>: basket's WriteBuffer failed.
Error in <TBranchElement::WriteBasketImpl>: basket's WriteBuffer failed.
Error in <TBranchElement::WriteBasketImpl>: basket's WriteBuffer failed.
Error in <TBranchElement::WriteBasketImpl>: basket's WriteBuffer failed.
Error in <TBranchElement::WriteBasketImpl>: basket's WriteBuffer failed.
Error in <TBranchElement::WriteBasketImpl>: basket's WriteBuffer failed.
Error in <TBranchElement::WriteBasketImpl>: basket's WriteBuffer failed.
Error in <TBranchElement::WriteBasketImpl>: basket's WriteBuffer failed.
Error in <TBranchElement::WriteBasketImpl>: basket's WriteBuffer failed.
Error in <TBranchElement::WriteBasketImpl>: basket's WriteBuffer failed.
Error in <TBranchElement::WriteBasketImpl>: basket's WriteBuffer failed.
Error in <TBranchElement::WriteBasketImpl>: basket's WriteBuffer failed.
Error in <TBranchElement::WriteBasketImpl>: basket's WriteBuffer failed.
Error in <TBranchElement::WriteBasketImpl>: basket's WriteBuffer failed.
Error in <TBranchElement::WriteBasketImpl>: basket's WriteBuffer failed.
Error in <TBranchElement::WriteBasketImpl>: basket's WriteBuffer failed.
Error in <TBranchElement::WriteBasketImpl>: basket's WriteBuffer failed.
Error in <TBranchElement::WriteBasketImpl>: basket's WriteBuffer failed.
Error in <TBranchElement::WriteBasketImpl>: basket's WriteBuffer failed.
Error in <TBranchElement::WriteBasketImpl>: basket's WriteBuffer failed.
Error in <TBranchElement::WriteBasketImpl>: basket's WriteBuffer failed.
Error in <TBranchElement::WriteBasketImpl>: basket's WriteBuffer failed.
Error in <TBranchElement::WriteBasketImpl>: basket's WriteBuffer failed.
Error in <TBranchElement::WriteBasketImpl>: basket's WriteBuffer failed.
Error in <TBranchElement::WriteBasketImpl>: basket's WriteBuffer failed.
Error in <TBranchElement::WriteBasketImpl>: basket's WriteBuffer failed.
Error in <TBranchElement::WriteBasketImpl>: basket's WriteBuffer failed.
Error in <TBranchElement::WriteBasketImpl>: basket's WriteBuffer failed.
Error in <TBranchElement::WriteBasketImpl>: basket's WriteBuffer failed.
Error in <TBranchElement::WriteBasketImpl>: basket's WriteBuffer failed.
Error in <TBranchElement::WriteBasketImpl>: basket's WriteBuffer failed.
Error in <TBranchElement::WriteBasketImpl>: basket's WriteBuffer failed.
Error in <TBranchElement::WriteBasketImpl>: basket's WriteBuffer failed.
Error in <TBranchElement::WriteBasketImpl>: basket's WriteBuffer failed.
Error in <TBranchElement::WriteBasketImpl>: basket's WriteBuffer failed.
Error in <TBranchElement::WriteBasketImpl>: basket's WriteBuffer failed.
Error in <TBranchElement::WriteBasketImpl>: basket's WriteBuffer failed.
Error in <TBranchElement::WriteBasketImpl>: basket's WriteBuffer failed.
Error in <TBranchElement::WriteBasketImpl>: basket's WriteBuffer failed.
Error in <TBranchElement::WriteBasketImpl>: basket's WriteBuffer failed.
Error in <TBranchElement::WriteBasketImpl>: basket's WriteBuffer failed.
Error in <TBranchElement::WriteBasketImpl>: basket's WriteBuffer failed.
Error in <TBranchElement::WriteBasketImpl>: basket's WriteBuffer failed.
Error in <TBranchElement::WriteBasketImpl>: basket's WriteBuffer failed.
Error in <TBranchElement::WriteBasketImpl>: basket's WriteBuffer failed.
Error in <TBranchElement::WriteBasketImpl>: basket's WriteBuffer failed.
Error in <TBranchElement::WriteBasketImpl>: basket's WriteBuffer failed.
Error in <TBranchElement::WriteBasketImpl>: basket's WriteBuffer failed.
Error in <TBranchElement::WriteBasketImpl>: basket's WriteBuffer failed.
Error in <TBranchElement::WriteBasketImpl>: basket's WriteBuffer failed.
Error in <TBranchElement::WriteBasketImpl>: basket's WriteBuffer failed.
Error in <TBranchElement::WriteBasketImpl>: basket's WriteBuffer failed.
Error in <TBranchElement::WriteBasketImpl>: basket's WriteBuffer failed.
Error in <TBranchElement::WriteBasketImpl>: basket's WriteBuffer failed.
Error in <TBranchElement::WriteBasketImpl>: basket's WriteBuffer failed.
Error in <TBranchElement::WriteBasketImpl>: basket's WriteBuffer failed.
Error in <TBranchElement::WriteBasketImpl>: basket's WriteBuffer failed.
Error in <TBranchElement::WriteBasketImpl>: basket's WriteBuffer failed.
Error in <TBranchElement::WriteBasketImpl>: basket's WriteBuffer failed.
Error in <TBranchElement::WriteBasketImpl>: basket's WriteBuffer failed.
Error in <TBranchElement::WriteBasketImpl>: basket's WriteBuffer failed.
Error in <TBranchElement::WriteBasketImpl>: basket's WriteBuffer failed.
Error in <TBranchElement::WriteBasketImpl>: basket's WriteBuffer failed.
Error in <TBranchElement::WriteBasketImpl>: basket's WriteBuffer failed.
Error in <TBranchElement::WriteBasketImpl>: basket's WriteBuffer failed.
Error in <TBranchElement::WriteBasketImpl>: basket's WriteBuffer failed.
Error in <TBranchElement::WriteBasketImpl>: basket's WriteBuffer failed.
Error in <TBranchElement::WriteBasketImpl>: basket's WriteBuffer failed.
Error in <TBranchElement::WriteBasketImpl>: basket's WriteBuffer failed.
Error in <TBranchElement::WriteBasketImpl>: basket's WriteBuffer failed.
Error in <TBranchElement::WriteBasketImpl>: basket's WriteBuffer failed.
Error in <TBranchElement::WriteBasketImpl>: basket's WriteBuffer failed.
Error in <TBranchElement::WriteBasketImpl>: basket's WriteBuffer failed.
Error in <TBranchElement::WriteBasketImpl>: basket's WriteBuffer failed.
Error in <TBranchElement::WriteBasketImpl>: basket's WriteBuffer failed.
Error in <TBranchElement::WriteBasketImpl>: basket's WriteBuffer failed.
Error in <TBranchElement::WriteBasketImpl>: basket's WriteBuffer failed.
Error in <TBranchElement::WriteBasketImpl>: basket's WriteBuffer failed.
Error in <TBranchElement::WriteBasketImpl>: basket's WriteBuffer failed.
Error in <TBranchElement::WriteBasketImpl>: basket's WriteBuffer failed.
Error in <TBranchElement::WriteBasketImpl>: basket's WriteBuffer failed.
Error in <TBranchElement::WriteBasketImpl>: basket's WriteBuffer failed.
Error in <TBranchElement::WriteBasketImpl>: basket's WriteBuffer failed.
Error in <TBranchElement::WriteBasketImpl>: basket's WriteBuffer failed.
Error in <TBranchElement::WriteBasketImpl>: basket's WriteBuffer failed.
Error in <TBranchElement::WriteBasketImpl>: basket's WriteBuffer failed.
Error in <TBranchElement::WriteBasketImpl>: basket's WriteBuffer failed.
Error in <TBranchElement::WriteBasketImpl>: basket's WriteBuffer failed.
Error in <TBranchElement::WriteBasketImpl>: basket's WriteBuffer failed.
Error in <TBranchElement::WriteBasketImpl>: basket's WriteBuffer failed.
Error in <TBranchElement::WriteBasketImpl>: basket's WriteBuffer failed.
Error in <TBranchElement::WriteBasketImpl>: basket's WriteBuffer failed.
Error in <TBranchElement::WriteBasketImpl>: basket's WriteBuffer failed.
Error in <TBranchElement::WriteBasketImpl>: basket's WriteBuffer failed.
Error in <TBranchElement::WriteBasketImpl>: basket's WriteBuffer failed.
Error in <TBranchElement::WriteBasketImpl>: basket's WriteBuffer failed.
Error in <TBranchElement::WriteBasketImpl>: basket's WriteBuffer failed.
Error in <TBranchElement::WriteBasketImpl>: basket's WriteBuffer failed.
Error in <TBranchElement::WriteBasketImpl>: basket's WriteBuffer failed.
Error in <TBranchElement::WriteBasketImpl>: basket's WriteBuffer failed.
Error in <TBranchElement::WriteBasketImpl>: basket's WriteBuffer failed.
Error in <TBranchElement::WriteBasketImpl>: basket's WriteBuffer failed.
Error in <TBranchElement::WriteBasketImpl>: basket's WriteBuffer failed.
Error in <TBranchElement::WriteBasketImpl>: basket's WriteBuffer failed.
Error in <TBranchElement::WriteBasketImpl>: basket's WriteBuffer failed.
Error in <TBranchElement::WriteBasketImpl>: basket's WriteBuffer failed.
Error in <TBranchElement::WriteBasketImpl>: basket's WriteBuffer failed.
Error in <TBranchElement::WriteBasketImpl>: basket's WriteBuffer failed.
Error in <TBranchElement::WriteBasketImpl>: basket's WriteBuffer failed.
Error in <TBranchElement::WriteBasketImpl>: basket's WriteBuffer failed.
Error in <TBranchElement::WriteBasketImpl>: basket's WriteBuffer failed.
Error in <TBranchElement::WriteBasketImpl>: basket's WriteBuffer failed.
Error in <TBranchElement::WriteBasketImpl>: basket's WriteBuffer failed.
Error in <TBranchElement::WriteBasketImpl>: basket's WriteBuffer failed.
Error in <TBranchElement::WriteBasketImpl>: basket's WriteBuffer failed.
Error in <TBranchElement::WriteBasketImpl>: basket's WriteBuffer failed.
Error in <TBranchElement::WriteBasketImpl>: basket's WriteBuffer failed.
Error in <TBranchElement::WriteBasketImpl>: basket's WriteBuffer failed.
Error in <TBranchElement::WriteBasketImpl>: basket's WriteBuffer failed.
Error in <TBranchElement::WriteBasketImpl>: basket's WriteBuffer failed.
Error in <TBranchElement::WriteBasketImpl>: basket's WriteBuffer failed.
Error in <TBranchElement::WriteBasketImpl>: basket's WriteBuffer failed.
Error in <TBranchElement::WriteBasketImpl>: basket's WriteBuffer failed.
Error in <TBranchElement::WriteBasketImpl>: basket's WriteBuffer failed.
Error in <TBranchElement::WriteBasketImpl>: basket's WriteBuffer failed.
Error in <TBranchElement::WriteBasketImpl>: basket's WriteBuffer failed.
Error in <TBranchElement::WriteBasketImpl>: basket's WriteBuffer failed.
Error in <TBranchElement::WriteBasketImpl>: basket's WriteBuffer failed.
Error in <TBranchElement::WriteBasketImpl>: basket's WriteBuffer failed.
Error in <TBranchElement::WriteBasketImpl>: basket's WriteBuffer failed.
Error in <TBranchElement::WriteBasketImpl>: basket's WriteBuffer failed.
Error in <TBranchElement::WriteBasketImpl>: basket's WriteBuffer failed.
Error in <TBranchElement::WriteBasketImpl>: basket's WriteBuffer failed.
Error in <TBranchElement::WriteBasketImpl>: basket's WriteBuffer failed.
Error in <TBranchElement::WriteBasketImpl>: basket's WriteBuffer failed.
Error in <TBranchElement::WriteBasketImpl>: basket's WriteBuffer failed.
Error in <TBranchElement::WriteBasketImpl>: basket's WriteBuffer failed.
Error in <TBranchElement::WriteBasketImpl>: basket's WriteBuffer failed.
Error in <TBranchElement::WriteBasketImpl>: basket's WriteBuffer failed.
Error in <TBranchElement::WriteBasketImpl>: basket's WriteBuffer failed.
Error in <TBranchElement::WriteBasketImpl>: basket's WriteBuffer failed.
Error in <TBranchElement::WriteBasketImpl>: basket's WriteBuffer failed.
Error in <TBranchElement::WriteBasketImpl>: basket's WriteBuffer failed.
Error in <TBranchElement::WriteBasketImpl>: basket's WriteBuffer failed.
Error in <TBranchElement::WriteBasketImpl>: basket's WriteBuffer failed.
Error in <TBranchElement::WriteBasketImpl>: basket's WriteBuffer failed.
Error in <TBranchElement::WriteBasketImpl>: basket's WriteBuffer failed.
Error in <TBranchElement::WriteBasketImpl>: basket's WriteBuffer failed.
Error in <TBranchElement::WriteBasketImpl>: basket's WriteBuffer failed.
Error in <TBranchElement::WriteBasketImpl>: basket's WriteBuffer failed.
Error in <TBranchElement::WriteBasketImpl>: basket's WriteBuffer failed.
Error in <TBranchElement::WriteBasketImpl>: basket's WriteBuffer failed.
Error in <TBranchElement::WriteBasketImpl>: basket's WriteBuffer failed.
Error in <TBranchElement::WriteBasketImpl>: basket's WriteBuffer failed.
Error in <TBranchElement::WriteBasketImpl>: basket's WriteBuffer failed.
Error in <TBranchElement::WriteBasketImpl>: basket's WriteBuffer failed.
Error in <TBranchElement::WriteBasketImpl>: basket's WriteBuffer failed.
Error in <TBranchElement::WriteBasketImpl>: basket's WriteBuffer failed.
Error in <TBranchElement::WriteBasketImpl>: basket's WriteBuffer failed.
Error in <TBranchElement::WriteBasketImpl>: basket's WriteBuffer failed.
Error in <TBranchElement::WriteBasketImpl>: basket's WriteBuffer failed.
Error in <TBranchElement::WriteBasketImpl>: basket's WriteBuffer failed.
Error in <TBranchElement::WriteBasketImpl>: basket's WriteBuffer failed.
Error in <TBranchElement::WriteBasketImpl>: basket's WriteBuffer failed.
Error in <TBranchElement::WriteBasketImpl>: basket's WriteBuffer failed.
Error in <TBranchElement::WriteBasketImpl>: basket's WriteBuffer failed.
Error in <TBranchElement::WriteBasketImpl>: basket's WriteBuffer failed.
Error in <TBranchElement::WriteBasketImpl>: basket's WriteBuffer failed.
Error in <TBranchElement::WriteBasketImpl>: basket's WriteBuffer failed.
Error in <TBranchElement::WriteBasketImpl>: basket's WriteBuffer failed.
Error in <TBranchElement::WriteBasketImpl>: basket's WriteBuffer failed.
Error in <TBranchElement::WriteBasketImpl>: basket's WriteBuffer failed.
Error in <TBranchElement::WriteBasketImpl>: basket's WriteBuffer failed.
Error in <TBranchElement::WriteBasketImpl>: basket's WriteBuffer failed.
Error in <TBranchElement::WriteBasketImpl>: basket's WriteBuffer failed.
Error in <TBranchElement::WriteBasketImpl>: basket's WriteBuffer failed.
Error in <TBranchElement::WriteBasketImpl>: basket's WriteBuffer failed.
Error in <TBranchElement::WriteBasketImpl>: basket's WriteBuffer failed.
Error in <TBranchElement::WriteBasketImpl>: basket's WriteBuffer failed.
Error in <TBranchElement::WriteBasketImpl>: basket's WriteBuffer failed.
Error in <TBranchElement::WriteBasketImpl>: basket's WriteBuffer failed.
Error in <TBranchElement::WriteBasketImpl>: basket's WriteBuffer failed.
Error in <TBranchElement::WriteBasketImpl>: basket's WriteBuffer failed.
Error in <TBranchElement::WriteBasketImpl>: basket's WriteBuffer failed.
Error in <TBranchElement::WriteBasketImpl>: basket's WriteBuffer failed.
Error in <TBranchElement::WriteBasketImpl>: basket's WriteBuffer failed.
Error in <TBranchElement::WriteBasketImpl>: basket's WriteBuffer failed.
Error in <TBranchElement::WriteBasketImpl>: basket's WriteBuffer failed.
Error in <TBranchElement::WriteBasketImpl>: basket's WriteBuffer failed.
Error in <TBranchElement::WriteBasketImpl>: basket's WriteBuffer failed.
Error in <TBranchElement::WriteBasketImpl>: basket's WriteBuffer failed.
Error in <TBranchElement::WriteBasketImpl>: basket's WriteBuffer failed.
Error in <TBranchElement::WriteBasketImpl>: basket's WriteBuffer failed.
Error in <TBranchElement::WriteBasketImpl>: basket's WriteBuffer failed.
Error in <TBranchElement::WriteBasketImpl>: basket's WriteBuffer failed.
Error in <TBranchElement::WriteBasketImpl>: basket's WriteBuffer failed.
Error in <TBranchElement::WriteBasketImpl>: basket's WriteBuffer failed.
Error in <TBranchElement::WriteBasketImpl>: basket's WriteBuffer failed.
Error in <TBranchElement::WriteBasketImpl>: basket's WriteBuffer failed.
Error in <TBranchElement::WriteBasketImpl>: basket's WriteBuffer failed.
Error in <TBranchElement::WriteBasketImpl>: basket's WriteBuffer failed.
Error in <TBranchElement::WriteBasketImpl>: basket's WriteBuffer failed.
Error in <TBranchElement::WriteBasketImpl>: basket's WriteBuffer failed.
Error in <TBranchElement::WriteBasketImpl>: basket's WriteBuffer failed.
Error in <TBranchElement::WriteBasketImpl>: basket's WriteBuffer failed.
Error in <TBranchElement::WriteBasketImpl>: basket's WriteBuffer failed.
Error in <TBranchElement::WriteBasketImpl>: basket's WriteBuffer failed.
Error in <TBranchElement::WriteBasketImpl>: basket's WriteBuffer failed.
Error in <TBranchElement::WriteBasketImpl>: basket's WriteBuffer failed.
Error in <TBranchElement::WriteBasketImpl>: basket's WriteBuffer failed.
Error in <TBranchElement::WriteBasketImpl>: basket's WriteBuffer failed.
Error in <TBranchElement::WriteBasketImpl>: basket's WriteBuffer failed.
Error in <TBranchElement::WriteBasketImpl>: basket's WriteBuffer failed.
Error in <TBranchElement::WriteBasketImpl>: basket's WriteBuffer failed.
Error in <TBranchElement::WriteBasketImpl>: basket's WriteBuffer failed.
Error in <TBranchElement::WriteBasketImpl>: basket's WriteBuffer failed.
Error in <TBranchElement::WriteBasketImpl>: basket's WriteBuffer failed.
Error in <TBranchElement::WriteBasketImpl>: basket's WriteBuffer failed.
Error in <TBranchElement::WriteBasketImpl>: basket's WriteBuffer failed.
Error in <TBranchElement::WriteBasketImpl>: basket's WriteBuffer failed.
Error in <TBranchElement::WriteBasketImpl>: basket's WriteBuffer failed.
Error in <TBranchElement::WriteBasketImpl>: basket's WriteBuffer failed.
Error in <TBranchElement::WriteBasketImpl>: basket's WriteBuffer failed.
Error in <TBranchElement::WriteBasketImpl>: basket's WriteBuffer failed.
Error in <TBranchElement::WriteBasketImpl>: basket's WriteBuffer failed.
Error in <TBranchElement::WriteBasketImpl>: basket's WriteBuffer failed.
Error in <TBranchElement::WriteBasketImpl>: basket's WriteBuffer failed.
Error in <TBranchElement::WriteBasketImpl>: basket's WriteBuffer failed.
Error in <TBranchElement::WriteBasketImpl>: basket's WriteBuffer failed.
Error in <TBranchElement::WriteBasketImpl>: basket's WriteBuffer failed.
Error in <TBranchElement::WriteBasketImpl>: basket's WriteBuffer failed.
Error in <TBranchElement::WriteBasketImpl>: basket's WriteBuffer failed.
Error in <TBranchElement::WriteBasketImpl>: basket's WriteBuffer failed.
Error in <TBranchElement::WriteBasketImpl>: basket's WriteBuffer failed.
Error in <TBranchElement::WriteBasketImpl>: basket's WriteBuffer failed.
Error in <TBranchElement::WriteBasketImpl>: basket's WriteBuffer failed.
Error in <TBranchElement::WriteBasketImpl>: basket's WriteBuffer failed.
Error in <TBranchElement::WriteBasketImpl>: basket's WriteBuffer failed.
Error in <TBranchElement::WriteBasketImpl>: basket's WriteBuffer failed.
Error in <TBranchElement::WriteBasketImpl>: basket's WriteBuffer failed.
Error in <TBranchElement::WriteBasketImpl>: basket's WriteBuffer failed.
Error in <TBranchElement::WriteBasketImpl>: basket's WriteBuffer failed.
Error in <TBranchElement::WriteBasketImpl>: basket's WriteBuffer failed.
Error in <TBranchElement::WriteBasketImpl>: basket's WriteBuffer failed.
Error in <TBranchElement::WriteBasketImpl>: basket's WriteBuffer failed.
Error in <TBranchElement::WriteBasketImpl>: basket's WriteBuffer failed.
Error in <TBranchElement::WriteBasketImpl>: basket's WriteBuffer failed.
Error in <TBranchElement::WriteBasketImpl>: basket's WriteBuffer failed.
Error in <TBranchElement::WriteBasketImpl>: basket's WriteBuffer failed.
Error in <TBranchElement::WriteBasketImpl>: basket's WriteBuffer failed.
Error in <TBranchElement::WriteBasketImpl>: basket's WriteBuffer failed.
Error in <TBranchElement::WriteBasketImpl>: basket's WriteBuffer failed.
Error in <TBranchElement::WriteBasketImpl>: basket's WriteBuffer failed.
Error in <TBranchElement::WriteBasketImpl>: basket's WriteBuffer failed.
Error in <TBranchElement::WriteBasketImpl>: basket's WriteBuffer failed.
Error in <TBranchElement::WriteBasketImpl>: basket's WriteBuffer failed.
Error in <TBranchElement::WriteBasketImpl>: basket's WriteBuffer failed.
Error in <TBranchElement::WriteBasketImpl>: basket's WriteBuffer failed.
Error in <TBranchElement::WriteBasketImpl>: basket's WriteBuffer failed.
Error in <TBranchElement::WriteBasketImpl>: basket's WriteBuffer failed.
Error in <TBranchElement::WriteBasketImpl>: basket's WriteBuffer failed.
Error in <TBranchElement::WriteBasketImpl>: basket's WriteBuffer failed.
Error in <TBranchElement::WriteBasketImpl>: basket's WriteBuffer failed.
Error in <TBranchElement::WriteBasketImpl>: basket's WriteBuffer failed.
Error in <TBranchElement::WriteBasketImpl>: basket's WriteBuffer failed.
Error in <TBranchElement::WriteBasketImpl>: basket's WriteBuffer failed.
Error in <TBranchElement::WriteBasketImpl>: basket's WriteBuffer failed.
Error in <TBranchElement::WriteBasketImpl>: basket's WriteBuffer failed.
Error in <TBranchElement::WriteBasketImpl>: basket's WriteBuffer failed.
Error in <TBranchElement::WriteBasketImpl>: basket's WriteBuffer failed.
Error in <TBranchElement::WriteBasketImpl>: basket's WriteBuffer failed.
Error in <TBranchElement::WriteBasketImpl>: basket's WriteBuffer failed.
Error in <TBranchElement::WriteBasketImpl>: basket's WriteBuffer failed.
Error in <TBranchElement::WriteBasketImpl>: basket's WriteBuffer failed.
Error in <TBranchElement::WriteBasketImpl>: basket's WriteBuffer failed.
Error in <TBranchElement::WriteBasketImpl>: basket's WriteBuffer failed.
Error in <TBranchElement::WriteBasketImpl>: basket's WriteBuffer failed.
Error in <TBranchElement::WriteBasketImpl>: basket's WriteBuffer failed.
Error in <TBranchElement::WriteBasketImpl>: basket's WriteBuffer failed.
Error in <TBranchElement::WriteBasketImpl>: basket's WriteBuffer failed.
Error in <TBranchElement::WriteBasketImpl>: basket's WriteBuffer failed.
Error in <TBranchElement::WriteBasketImpl>: basket's WriteBuffer failed.
Error in <TBranchElement::WriteBasketImpl>: basket's WriteBuffer failed.
Error in <TBranchElement::WriteBasketImpl>: basket's WriteBuffer failed.
Error in <TBranchElement::WriteBasketImpl>: basket's WriteBuffer failed.
Error in <TBranchElement::WriteBasketImpl>: basket's WriteBuffer failed.
Error in <TBranchElement::WriteBasketImpl>: basket's WriteBuffer failed.
Error in <TBranchElement::WriteBasketImpl>: basket's WriteBuffer failed.
Error in <TBranchElement::WriteBasketImpl>: basket's WriteBuffer failed.
Error in <TBranchElement::WriteBasketImpl>: basket's WriteBuffer failed.
Error in <TBranchElement::WriteBasketImpl>: basket's WriteBuffer failed.
Error in <TBranchElement::WriteBasketImpl>: basket's WriteBuffer failed.
Error in <TBranchElement::WriteBasketImpl>: basket's WriteBuffer failed.
Error in <TBranchElement::WriteBasketImpl>: basket's WriteBuffer failed.
Error in <TBranchElement::WriteBasketImpl>: basket's WriteBuffer failed.
Error in <TBranchElement::WriteBasketImpl>: basket's WriteBuffer failed.
Error in <TBranchElement::WriteBasketImpl>: basket's WriteBuffer failed.
Error in <TBranchElement::WriteBasketImpl>: basket's WriteBuffer failed.
Error in <TBranchElement::WriteBasketImpl>: basket's WriteBuffer failed.
Error in <TBranchElement::WriteBasketImpl>: basket's WriteBuffer failed.
Error in <TBranchElement::WriteBasketImpl>: basket's WriteBuffer failed.
Error in <TBranchElement::WriteBasketImpl>: basket's WriteBuffer failed.
Error in <TBranchElement::WriteBasketImpl>: basket's WriteBuffer failed.
Error in <TBranchElement::WriteBasketImpl>: basket's WriteBuffer failed.
Error in <TBranchElement::WriteBasketImpl>: basket's WriteBuffer failed.
Error in <TBranchElement::WriteBasketImpl>: basket's WriteBuffer failed.
Error in <TBranchElement::WriteBasketImpl>: basket's WriteBuffer failed.
Error in <TBranchElement::WriteBasketImpl>: basket's WriteBuffer failed.
Error in <TBranchElement::WriteBasketImpl>: basket's WriteBuffer failed.
Error in <TBranchElement::WriteBasketImpl>: basket's WriteBuffer failed.
Error in <TBranchElement::WriteBasketImpl>: basket's WriteBuffer failed.
Error in <TBranchElement::WriteBasketImpl>: basket's WriteBuffer failed.
Error in <TBranchElement::WriteBasketImpl>: basket's WriteBuffer failed.
Error in <TBranchElement::WriteBasketImpl>: basket's WriteBuffer failed.
Error in <TBranchElement::WriteBasketImpl>: basket's WriteBuffer failed.
Error in <TBranchElement::WriteBasketImpl>: basket's WriteBuffer failed.
Error in <TBranchElement::WriteBasketImpl>: basket's WriteBuffer failed.
Error in <TBranchElement::WriteBasketImpl>: basket's WriteBuffer failed.
Error in <TBranchElement::WriteBasketImpl>: basket's WriteBuffer failed.
Error in <TBranchElement::WriteBasketImpl>: basket's WriteBuffer failed.
Error in <TBranchElement::WriteBasketImpl>: basket's WriteBuffer failed.
Error in <TBranchElement::WriteBasketImpl>: basket's WriteBuffer failed.
Error in <TBranchElement::WriteBasketImpl>: basket's WriteBuffer failed.
Error in <TBranchElement::WriteBasketImpl>: basket's WriteBuffer failed.
Error in <TBranchElement::WriteBasketImpl>: basket's WriteBuffer failed.
Error in <TBranchElement::WriteBasketImpl>: basket's WriteBuffer failed.
Error in <TBranchElement::WriteBasketImpl>: basket's WriteBuffer failed.
Error in <TBranchElement::WriteBasketImpl>: basket's WriteBuffer failed.
Error in <TBranchElement::WriteBasketImpl>: basket's WriteBuffer failed.
Error in <TBranchElement::WriteBasketImpl>: basket's WriteBuffer failed.
Error in <TBranchElement::WriteBasketImpl>: basket's WriteBuffer failed.
Error in <TBranchElement::WriteBasketImpl>: basket's WriteBuffer failed.
Error in <TBranchElement::WriteBasketImpl>: basket's WriteBuffer failed.
Error in <TBranchElement::WriteBasketImpl>: basket's WriteBuffer failed.
Error in <TBranchElement::WriteBasketImpl>: basket's WriteBuffer failed.
Error in <TBranchElement::WriteBasketImpl>: basket's WriteBuffer failed.
Error in <TBranchElement::WriteBasketImpl>: basket's WriteBuffer failed.
Error in <TBranchElement::WriteBasketImpl>: basket's WriteBuffer failed.
Error in <TBranchElement::WriteBasketImpl>: basket's WriteBuffer failed.
Error in <TBranchElement::WriteBasketImpl>: basket's WriteBuffer failed.
Error in <TBranchElement::WriteBasketImpl>: basket's WriteBuffer failed.
Error in <TBranchElement::WriteBasketImpl>: basket's WriteBuffer failed.
Error in <TBranchElement::WriteBasketImpl>: basket's WriteBuffer failed.
Error in <TBranchElement::WriteBasketImpl>: basket's WriteBuffer failed.
Error in <TBranchElement::WriteBasketImpl>: basket's WriteBuffer failed.
Error in <TBranchElement::WriteBasketImpl>: basket's WriteBuffer failed.
Error in <TBranchElement::WriteBasketImpl>: basket's WriteBuffer failed.
Error in <TBranchElement::WriteBasketImpl>: basket's WriteBuffer failed.
Error in <TBranchElement::WriteBasketImpl>: basket's WriteBuffer failed.
Error in <TBranchElement::WriteBasketImpl>: basket's WriteBuffer failed.
Error in <TBranchElement::WriteBasketImpl>: basket's WriteBuffer failed.
Error in <TBranchElement::WriteBasketImpl>: basket's WriteBuffer failed.
Error in <TBranchElement::WriteBasketImpl>: basket's WriteBuffer failed.
Error in <TBranchElement::WriteBasketImpl>: basket's WriteBuffer failed.
Error in <TBranchElement::WriteBasketImpl>: basket's WriteBuffer failed.
Error in <TBranchElement::WriteBasketImpl>: basket's WriteBuffer failed.
Error in <TBranchElement::WriteBasketImpl>: basket's WriteBuffer failed.
Error in <TBranchElement::WriteBasketImpl>: basket's WriteBuffer failed.
Error in <TBranchElement::WriteBasketImpl>: basket's WriteBuffer failed.
Error in <TBranchElement::WriteBasketImpl>: basket's WriteBuffer failed.
Error in <TBranchElement::WriteBasketImpl>: basket's WriteBuffer failed.
Error in <TBranchElement::WriteBasketImpl>: basket's WriteBuffer failed.
Error in <TBranchElement::WriteBasketImpl>: basket's WriteBuffer failed.
Error in <TBranchElement::WriteBasketImpl>: basket's WriteBuffer failed.
Error in <TBranchElement::WriteBasketImpl>: basket's WriteBuffer failed.
Error in <TBranchElement::WriteBasketImpl>: basket's WriteBuffer failed.
Error in <TBranchElement::WriteBasketImpl>: basket's WriteBuffer failed.
Error in <TBranchElement::WriteBasketImpl>: basket's WriteBuffer failed.
Error in <TBranchElement::WriteBasketImpl>: basket's WriteBuffer failed.
Error in <TBranchElement::WriteBasketImpl>: basket's WriteBuffer failed.
Error in <TBranchElement::WriteBasketImpl>: basket's WriteBuffer failed.
Error in <TBranchElement::WriteBasketImpl>: basket's WriteBuffer failed.
Error in <TBranchElement::WriteBasketImpl>: basket's WriteBuffer failed.
Error in <TBranchElement::WriteBasketImpl>: basket's WriteBuffer failed.
Error in <TBranchElement::WriteBasketImpl>: basket's WriteBuffer failed.
Error in <TBranchElement::WriteBasketImpl>: basket's WriteBuffer failed.
Error in <TBranchElement::WriteBasketImpl>: basket's WriteBuffer failed.
Error in <TBranchElement::WriteBasketImpl>: basket's WriteBuffer failed.
Error in <TBranchElement::WriteBasketImpl>: basket's WriteBuffer failed.
Error in <TBranchElement::WriteBasketImpl>: basket's WriteBuffer failed.
Error in <TBranchElement::WriteBasketImpl>: basket's WriteBuffer failed.
Error in <TBranchElement::WriteBasketImpl>: basket's WriteBuffer failed.
Error in <TBranchElement::WriteBasketImpl>: basket's WriteBuffer failed.
Error in <TBranchElement::WriteBasketImpl>: basket's WriteBuffer failed.
Error in <TBranchElement::WriteBasketImpl>: basket's WriteBuffer failed.
Error in <TBranchElement::WriteBasketImpl>: basket's WriteBuffer failed.
Error in <TBranchElement::WriteBasketImpl>: basket's WriteBuffer failed.
Error in <TBranchElement::WriteBasketImpl>: basket's WriteBuffer failed.
Error in <TBranchElement::WriteBasketImpl>: basket's WriteBuffer failed.
Error in <TBranchElement::WriteBasketImpl>: basket's WriteBuffer failed.
Error in <TBranchElement::WriteBasketImpl>: basket's WriteBuffer failed.
Error in <TBranchElement::WriteBasketImpl>: basket's WriteBuffer failed.
Error in <TBranchElement::WriteBasketImpl>: basket's WriteBuffer failed.
Error in <TBranchElement::WriteBasketImpl>: basket's WriteBuffer failed.
Error in <TBranchElement::WriteBasketImpl>: basket's WriteBuffer failed.
Error in <TBranchElement::WriteBasketImpl>: basket's WriteBuffer failed.
Error in <TBranchElement::WriteBasketImpl>: basket's WriteBuffer failed.
Error in <TBranchElement::WriteBasketImpl>: basket's WriteBuffer failed.
Error in <TBranchElement::WriteBasketImpl>: basket's WriteBuffer failed.
Error in <TBranchElement::WriteBasketImpl>: basket's WriteBuffer failed.
Error in <TBranchElement::WriteBasketImpl>: basket's WriteBuffer failed.
Error in <TBranchElement::WriteBasketImpl>: basket's WriteBuffer failed.
Error in <TBranchElement::WriteBasketImpl>: basket's WriteBuffer failed.
Error in <TBranchElement::WriteBasketImpl>: basket's WriteBuffer failed.
Error in <TBranchElement::WriteBasketImpl>: basket's WriteBuffer failed.
Error in <TBranchElement::WriteBasketImpl>: basket's WriteBuffer failed.
Error in <TBranchElement::WriteBasketImpl>: basket's WriteBuffer failed.
Error in <TBranchElement::WriteBasketImpl>: basket's WriteBuffer failed.
Error in <TBranchElement::WriteBasketImpl>: basket's WriteBuffer failed.
Error in <TBranchElement::WriteBasketImpl>: basket's WriteBuffer failed.
Error in <TBranchElement::WriteBasketImpl>: basket's WriteBuffer failed.
Error in <TBranchElement::WriteBasketImpl>: basket's WriteBuffer failed.
Error in <TBranchElement::WriteBasketImpl>: basket's WriteBuffer failed.
Error in <TBranchElement::WriteBasketImpl>: basket's WriteBuffer failed.
Error in <TBranchElement::WriteBasketImpl>: basket's WriteBuffer failed.
Error in <TBranchElement::WriteBasketImpl>: basket's WriteBuffer failed.
Error in <TBranchElement::WriteBasketImpl>: basket's WriteBuffer failed.
Error in <TBranchElement::WriteBasketImpl>: basket's WriteBuffer failed.
Error in <TBranchElement::WriteBasketImpl>: basket's WriteBuffer failed.
Error in <TBranchElement::WriteBasketImpl>: basket's WriteBuffer failed.
Error in <TBranchElement::WriteBasketImpl>: basket's WriteBuffer failed.
Error in <TBranchElement::WriteBasketImpl>: basket's WriteBuffer failed.
Error in <TBranchElement::WriteBasketImpl>: basket's WriteBuffer failed.
Error in <TBranchElement::WriteBasketImpl>: basket's WriteBuffer failed.
Error in <TBranchElement::WriteBasketImpl>: basket's WriteBuffer failed.
Error in <TBranchElement::WriteBasketImpl>: basket's WriteBuffer failed.
Error in <TBranchElement::WriteBasketImpl>: basket's WriteBuffer failed.
Error in <TBranchElement::WriteBasketImpl>: basket's WriteBuffer failed.
Error in <TBranchElement::WriteBasketImpl>: basket's WriteBuffer failed.
Error in <TBranch::WriteBasketImpl>: basket's WriteBuffer failed.
Error in <TBranch::WriteBasketImpl>: basket's WriteBuffer failed.
Error in <TBranch::WriteBasketImpl>: basket's WriteBuffer failed.
Error in <TBranch::WriteBasketImpl>: basket's WriteBuffer failed.
Error in <TBranch::WriteBasketImpl>: basket's WriteBuffer failed.
Error in <TBranch::WriteBasketImpl>: basket's WriteBuffer failed.
Error in <TBranch::WriteBasketImpl>: basket's WriteBuffer failed.
Error in <TBranch::WriteBasketImpl>: basket's WriteBuffer failed.
Error in <TBranch::WriteBasketImpl>: basket's WriteBuffer failed.
Error in <TBranch::WriteBasketImpl>: basket's WriteBuffer failed.
Error in <TBranch::WriteBasketImpl>: basket's WriteBuffer failed.
Error in <TBranch::WriteBasketImpl>: basket's WriteBuffer failed.
Error in <TBranch::WriteBasketImpl>: basket's WriteBuffer failed.
Error in <TBranch::WriteBasketImpl>: basket's WriteBuffer failed.
Error in <TBranch::WriteBasketImpl>: basket's WriteBuffer failed.
Error in <TBranch::WriteBasketImpl>: basket's WriteBuffer failed.
Error in <TBranch::WriteBasketImpl>: basket's WriteBuffer failed.
Error in <TBranch::WriteBasketImpl>: basket's WriteBuffer failed.
Error in <TBranch::WriteBasketImpl>: basket's WriteBuffer failed.
Error in <TBranch::WriteBasketImpl>: basket's WriteBuffer failed.
Error in <TBranch::WriteBasketImpl>: basket's WriteBuffer failed.
Error in <TBranch::WriteBasketImpl>: basket's WriteBuffer failed.
Error in <TBranch::WriteBasketImpl>: basket's WriteBuffer failed.
Error in <TBranch::WriteBasketImpl>: basket's WriteBuffer failed.
Error in <TBranch::WriteBasketImpl>: basket's WriteBuffer failed.
Error in <TBranch::WriteBasketImpl>: basket's WriteBuffer failed.
Error in <TBranch::WriteBasketImpl>: basket's WriteBuffer failed.
Error in <TBranch::WriteBasketImpl>: basket's WriteBuffer failed.
Error in <TBranch::WriteBasketImpl>: basket's WriteBuffer failed.
Error in <TBranch::WriteBasketImpl>: basket's WriteBuffer failed.
Error in <TBranch::WriteBasketImpl>: basket's WriteBuffer failed.
Error in <TBranch::WriteBasketImpl>: basket's WriteBuffer failed.
Error in <TBranch::WriteBasketImpl>: basket's WriteBuffer failed.
Error in <TBranch::WriteBasketImpl>: basket's WriteBuffer failed.
Error in <TBranch::WriteBasketImpl>: basket's WriteBuffer failed.
Error in <TBranch::WriteBasketImpl>: basket's WriteBuffer failed.
Error in <TBranch::WriteBasketImpl>: basket's WriteBuffer failed.
Error in <TBranch::WriteBasketImpl>: basket's WriteBuffer failed.
Error in <TBranch::WriteBasketImpl>: basket's WriteBuffer failed.
Error in <TBranch::WriteBasketImpl>: basket's WriteBuffer failed.
Error in <TBranch::WriteBasketImpl>: basket's WriteBuffer failed.
Error in <TBranch::WriteBasketImpl>: basket's WriteBuffer failed.
Error in <TBranch::WriteBasketImpl>: basket's WriteBuffer failed.
Error in <TBranch::WriteBasketImpl>: basket's WriteBuffer failed.
Error in <TBranch::WriteBasketImpl>: basket's WriteBuffer failed.
Error in <TBranch::WriteBasketImpl>: basket's WriteBuffer failed.
Error in <TBranch::WriteBasketImpl>: basket's WriteBuffer failed.
Error in <TBranch::WriteBasketImpl>: basket's WriteBuffer failed.
Error in <TBranch::WriteBasketImpl>: basket's WriteBuffer failed.
Error in <TBranch::WriteBasketImpl>: basket's WriteBuffer failed.
Error in <TBranch::WriteBasketImpl>: basket's WriteBuffer failed.
Error in <TBranch::WriteBasketImpl>: basket's WriteBuffer failed.
Error in <TBranch::WriteBasketImpl>: basket's WriteBuffer failed.
Error in <TBranch::WriteBasketImpl>: basket's WriteBuffer failed.
Error in <TBranch::WriteBasketImpl>: basket's WriteBuffer failed.
Error in <TBranch::WriteBasketImpl>: basket's WriteBuffer failed.
Error in <TBranch::WriteBasketImpl>: basket's WriteBuffer failed.
Error in <TBranch::WriteBasketImpl>: basket's WriteBuffer failed.
Error in <TBranch::WriteBasketImpl>: basket's WriteBuffer failed.
Error in <TBranch::WriteBasketImpl>: basket's WriteBuffer failed.
Error in <TBranch::WriteBasketImpl>: basket's WriteBuffer failed.
Error in <TBranch::WriteBasketImpl>: basket's WriteBuffer failed.
Error in <TBranch::WriteBasketImpl>: basket's WriteBuffer failed.
Error in <TBranch::WriteBasketImpl>: basket's WriteBuffer failed.
Error in <TBranch::WriteBasketImpl>: basket's WriteBuffer failed.
Error in <TBranch::WriteBasketImpl>: basket's WriteBuffer failed.
Error in <TBranch::WriteBasketImpl>: basket's WriteBuffer failed.
Error in <TBranch::WriteBasketImpl>: basket's WriteBuffer failed.
Error in <TBranch::WriteBasketImpl>: basket's WriteBuffer failed.
