000 (12419551.000.000) 06/02 22:03:12 Job submitted from host: <188.185.114.121:9618?addrs=188.185.114.121-9618+[2001-1458-d00-a--100-273]-9618&alias=bigbird19.cern.ch&noUDP&sock=schedd_2045_4743>
...
000 (12419551.001.000) 06/02 22:03:12 Job submitted from host: <188.185.114.121:9618?addrs=188.185.114.121-9618+[2001-1458-d00-a--100-273]-9618&alias=bigbird19.cern.ch&noUDP&sock=schedd_2045_4743>
...
000 (12419551.002.000) 06/02 22:03:12 Job submitted from host: <188.185.114.121:9618?addrs=188.185.114.121-9618+[2001-1458-d00-a--100-273]-9618&alias=bigbird19.cern.ch&noUDP&sock=schedd_2045_4743>
...
000 (12419551.003.000) 06/02 22:03:12 Job submitted from host: <188.185.114.121:9618?addrs=188.185.114.121-9618+[2001-1458-d00-a--100-273]-9618&alias=bigbird19.cern.ch&noUDP&sock=schedd_2045_4743>
...
000 (12419551.004.000) 06/02 22:03:12 Job submitted from host: <188.185.114.121:9618?addrs=188.185.114.121-9618+[2001-1458-d00-a--100-273]-9618&alias=bigbird19.cern.ch&noUDP&sock=schedd_2045_4743>
...
000 (12419551.005.000) 06/02 22:03:12 Job submitted from host: <188.185.114.121:9618?addrs=188.185.114.121-9618+[2001-1458-d00-a--100-273]-9618&alias=bigbird19.cern.ch&noUDP&sock=schedd_2045_4743>
...
000 (12419551.006.000) 06/02 22:03:12 Job submitted from host: <188.185.114.121:9618?addrs=188.185.114.121-9618+[2001-1458-d00-a--100-273]-9618&alias=bigbird19.cern.ch&noUDP&sock=schedd_2045_4743>
...
000 (12419551.007.000) 06/02 22:03:12 Job submitted from host: <188.185.114.121:9618?addrs=188.185.114.121-9618+[2001-1458-d00-a--100-273]-9618&alias=bigbird19.cern.ch&noUDP&sock=schedd_2045_4743>
...
000 (12419551.008.000) 06/02 22:03:12 Job submitted from host: <188.185.114.121:9618?addrs=188.185.114.121-9618+[2001-1458-d00-a--100-273]-9618&alias=bigbird19.cern.ch&noUDP&sock=schedd_2045_4743>
...
000 (12419551.009.000) 06/02 22:03:12 Job submitted from host: <188.185.114.121:9618?addrs=188.185.114.121-9618+[2001-1458-d00-a--100-273]-9618&alias=bigbird19.cern.ch&noUDP&sock=schedd_2045_4743>
...
000 (12419551.010.000) 06/02 22:03:12 Job submitted from host: <188.185.114.121:9618?addrs=188.185.114.121-9618+[2001-1458-d00-a--100-273]-9618&alias=bigbird19.cern.ch&noUDP&sock=schedd_2045_4743>
...
000 (12419551.011.000) 06/02 22:03:12 Job submitted from host: <188.185.114.121:9618?addrs=188.185.114.121-9618+[2001-1458-d00-a--100-273]-9618&alias=bigbird19.cern.ch&noUDP&sock=schedd_2045_4743>
...
000 (12419551.012.000) 06/02 22:03:12 Job submitted from host: <188.185.114.121:9618?addrs=188.185.114.121-9618+[2001-1458-d00-a--100-273]-9618&alias=bigbird19.cern.ch&noUDP&sock=schedd_2045_4743>
...
000 (12419551.013.000) 06/02 22:03:12 Job submitted from host: <188.185.114.121:9618?addrs=188.185.114.121-9618+[2001-1458-d00-a--100-273]-9618&alias=bigbird19.cern.ch&noUDP&sock=schedd_2045_4743>
...
000 (12419551.014.000) 06/02 22:03:12 Job submitted from host: <188.185.114.121:9618?addrs=188.185.114.121-9618+[2001-1458-d00-a--100-273]-9618&alias=bigbird19.cern.ch&noUDP&sock=schedd_2045_4743>
...
000 (12419551.015.000) 06/02 22:03:12 Job submitted from host: <188.185.114.121:9618?addrs=188.185.114.121-9618+[2001-1458-d00-a--100-273]-9618&alias=bigbird19.cern.ch&noUDP&sock=schedd_2045_4743>
...
000 (12419551.016.000) 06/02 22:03:12 Job submitted from host: <188.185.114.121:9618?addrs=188.185.114.121-9618+[2001-1458-d00-a--100-273]-9618&alias=bigbird19.cern.ch&noUDP&sock=schedd_2045_4743>
...
000 (12419551.017.000) 06/02 22:03:12 Job submitted from host: <188.185.114.121:9618?addrs=188.185.114.121-9618+[2001-1458-d00-a--100-273]-9618&alias=bigbird19.cern.ch&noUDP&sock=schedd_2045_4743>
...
000 (12419551.018.000) 06/02 22:03:12 Job submitted from host: <188.185.114.121:9618?addrs=188.185.114.121-9618+[2001-1458-d00-a--100-273]-9618&alias=bigbird19.cern.ch&noUDP&sock=schedd_2045_4743>
...
000 (12419551.019.000) 06/02 22:03:12 Job submitted from host: <188.185.114.121:9618?addrs=188.185.114.121-9618+[2001-1458-d00-a--100-273]-9618&alias=bigbird19.cern.ch&noUDP&sock=schedd_2045_4743>
...
000 (12419551.020.000) 06/02 22:03:12 Job submitted from host: <188.185.114.121:9618?addrs=188.185.114.121-9618+[2001-1458-d00-a--100-273]-9618&alias=bigbird19.cern.ch&noUDP&sock=schedd_2045_4743>
...
000 (12419551.021.000) 06/02 22:03:12 Job submitted from host: <188.185.114.121:9618?addrs=188.185.114.121-9618+[2001-1458-d00-a--100-273]-9618&alias=bigbird19.cern.ch&noUDP&sock=schedd_2045_4743>
...
000 (12419551.022.000) 06/02 22:03:12 Job submitted from host: <188.185.114.121:9618?addrs=188.185.114.121-9618+[2001-1458-d00-a--100-273]-9618&alias=bigbird19.cern.ch&noUDP&sock=schedd_2045_4743>
...
000 (12419551.023.000) 06/02 22:03:12 Job submitted from host: <188.185.114.121:9618?addrs=188.185.114.121-9618+[2001-1458-d00-a--100-273]-9618&alias=bigbird19.cern.ch&noUDP&sock=schedd_2045_4743>
...
000 (12419551.024.000) 06/02 22:03:12 Job submitted from host: <188.185.114.121:9618?addrs=188.185.114.121-9618+[2001-1458-d00-a--100-273]-9618&alias=bigbird19.cern.ch&noUDP&sock=schedd_2045_4743>
...
000 (12419551.025.000) 06/02 22:03:12 Job submitted from host: <188.185.114.121:9618?addrs=188.185.114.121-9618+[2001-1458-d00-a--100-273]-9618&alias=bigbird19.cern.ch&noUDP&sock=schedd_2045_4743>
...
000 (12419551.026.000) 06/02 22:03:12 Job submitted from host: <188.185.114.121:9618?addrs=188.185.114.121-9618+[2001-1458-d00-a--100-273]-9618&alias=bigbird19.cern.ch&noUDP&sock=schedd_2045_4743>
...
040 (12419551.000.000) 06/02 22:24:48 Entered queue to transfer input files
	Transferring to host: <188.185.207.196:9618?addrs=188.185.207.196-9618+[2001-1458-303-e--100-41]-9618&alias=b9p08p9528.cern.ch&noUDP&sock=slot1_20_9021_dc48_1158>
...
040 (12419551.001.000) 06/02 22:24:49 Entered queue to transfer input files
	Transferring to host: <188.185.207.196:9618?addrs=188.185.207.196-9618+[2001-1458-303-e--100-41]-9618&alias=b9p08p9528.cern.ch&noUDP&sock=slot1_21_9021_dc48_1159>
...
040 (12419551.002.000) 06/02 22:24:50 Entered queue to transfer input files
	Transferring to host: <188.185.207.196:9618?addrs=188.185.207.196-9618+[2001-1458-303-e--100-41]-9618&alias=b9p08p9528.cern.ch&noUDP&sock=slot1_28_9021_dc48_1160>
...
040 (12419551.003.000) 06/02 22:24:50 Entered queue to transfer input files
	Transferring to host: <188.185.205.138:9618?addrs=188.185.205.138-9618+[2001-1458-303-a--100-7]-9618&alias=b9p04p5793.cern.ch&noUDP&sock=slot1_18_9392_4377_749>
...
040 (12419551.005.000) 06/02 22:24:51 Entered queue to transfer input files
	Transferring to host: <188.185.207.38:9618?addrs=188.185.207.38-9618+[2001-1458-303-d--100-23]-9618&alias=b9p07p9496.cern.ch&noUDP&sock=slot1_16_9009_67c7_971>
...
040 (12419551.004.000) 06/02 22:24:51 Entered queue to transfer input files
	Transferring to host: <188.185.205.138:9618?addrs=188.185.205.138-9618+[2001-1458-303-a--100-7]-9618&alias=b9p04p5793.cern.ch&noUDP&sock=slot1_24_9392_4377_750>
...
040 (12419551.006.000) 06/02 22:24:53 Entered queue to transfer input files
	Transferring to host: <188.185.205.138:9618?addrs=188.185.205.138-9618+[2001-1458-303-a--100-7]-9618&alias=b9p04p5793.cern.ch&noUDP&sock=slot1_25_9392_4377_751>
...
040 (12419551.010.000) 06/02 22:25:32 Entered queue to transfer input files
	Transferring to host: <188.185.215.9:9618?addrs=188.185.215.9-9618+[2001-1458-303-1e--100-5]-9618&alias=b9p31p8710.cern.ch&noUDP&sock=slot1_17_5500_ff59_762>
...
040 (12419551.009.000) 06/02 22:25:32 Entered queue to transfer input files
	Transferring to host: <188.185.210.195:9618?addrs=188.185.210.195-9618+[2001-1458-303-15--100-3f]-9618&alias=b9p22p8302.cern.ch&noUDP&sock=slot1_19_8335_82ec_963>
...
040 (12419551.007.000) 06/02 22:25:32 Entered queue to transfer input files
	Transferring to host: <188.185.213.180:9618?addrs=188.185.213.180-9618+[2001-1458-303-1b--100-30]-9618&alias=b9p28p7628.cern.ch&noUDP&sock=slot1_6_8396_7dce_1221>
...
040 (12419551.008.000) 06/02 22:25:32 Entered queue to transfer input files
	Transferring to host: <188.185.213.231:9618?addrs=188.185.213.231-9618+[2001-1458-303-1b--100-63]-9618&alias=b9p28p9038.cern.ch&noUDP&sock=slot1_7_7184_871d_943>
...
040 (12419551.013.000) 06/02 22:25:33 Entered queue to transfer input files
	Transferring to host: <188.185.210.213:9618?addrs=188.185.210.213-9618+[2001-1458-303-15--100-51]-9618&alias=b9p22p5430.cern.ch&noUDP&sock=slot1_6_8280_c24a_906>
...
040 (12419551.011.000) 06/02 22:25:33 Entered queue to transfer input files
	Transferring to host: <188.185.208.191:9618?addrs=188.185.208.191-9618+[2001-1458-303-10--100-3c]-9618&alias=b9p10p1964.cern.ch&noUDP&sock=slot1_5_9109_dd4b_904>
...
040 (12419551.012.000) 06/02 22:25:34 Entered queue to transfer input files
	Transferring to host: <188.185.207.150:9618?addrs=188.185.207.150-9618+[2001-1458-303-e--100-13]-9618&alias=b9p08p4939.cern.ch&noUDP&sock=slot1_2_9115_178c_768>
...
040 (12419551.015.000) 06/02 22:25:35 Entered queue to transfer input files
	Transferring to host: <188.185.215.9:9618?addrs=188.185.215.9-9618+[2001-1458-303-1e--100-5]-9618&alias=b9p31p8710.cern.ch&noUDP&sock=slot1_19_5500_ff59_763>
...
040 (12419551.016.000) 06/02 22:25:35 Entered queue to transfer input files
	Transferring to host: <188.185.210.195:9618?addrs=188.185.210.195-9618+[2001-1458-303-15--100-3f]-9618&alias=b9p22p8302.cern.ch&noUDP&sock=slot1_22_8335_82ec_965>
...
040 (12419551.014.000) 06/02 22:25:35 Entered queue to transfer input files
	Transferring to host: <188.185.204.138:9618?addrs=188.185.204.138-9618+[2001-1458-303-8--100-7e]-9618&alias=b9p02p3882.cern.ch&noUDP&sock=slot1_8_7945_b89c_646>
...
040 (12419551.020.000) 06/02 22:25:37 Entered queue to transfer input files
	Transferring to host: <188.185.204.138:9618?addrs=188.185.204.138-9618+[2001-1458-303-8--100-7e]-9618&alias=b9p02p3882.cern.ch&noUDP&sock=slot1_9_7945_b89c_647>
...
040 (12419551.018.000) 06/02 22:25:37 Entered queue to transfer input files
	Transferring to host: <188.185.207.150:9618?addrs=188.185.207.150-9618+[2001-1458-303-e--100-13]-9618&alias=b9p08p4939.cern.ch&noUDP&sock=slot1_16_9115_178c_769>
...
040 (12419551.017.000) 06/02 22:25:37 Entered queue to transfer input files
	Transferring to host: <188.185.208.191:9618?addrs=188.185.208.191-9618+[2001-1458-303-10--100-3c]-9618&alias=b9p10p1964.cern.ch&noUDP&sock=slot1_6_9109_dd4b_905>
...
040 (12419551.019.000) 06/02 22:25:37 Entered queue to transfer input files
	Transferring to host: <188.185.210.213:9618?addrs=188.185.210.213-9618+[2001-1458-303-15--100-51]-9618&alias=b9p22p5430.cern.ch&noUDP&sock=slot1_13_8280_c24a_907>
...
040 (12419551.021.000) 06/02 22:26:36 Entered queue to transfer input files
	Transferring to host: <128.142.161.97:9618?addrs=128.142.161.97-9618+[2001-1458-301-b8--100-1f]-9618&alias=b9g03p7944.cern.ch&noUDP&sock=slot1_12_1550085_dc13_2803>
...
040 (12419551.022.000) 06/02 22:26:37 Entered queue to transfer input files
	Transferring to host: <128.142.161.107:9618?addrs=128.142.161.107-9618+[2001-1458-301-b8--100-29]-9618&alias=b9g03p5993.cern.ch&noUDP&sock=slot1_8_1177149_b5d5_44555>
...
040 (12419551.023.000) 06/02 22:26:38 Entered queue to transfer input files
	Transferring to host: <188.185.214.57:9618?addrs=188.185.214.57-9618+[2001-1458-303-1c--100-35]-9618&alias=b9p29p2773.cern.ch&noUDP&sock=slot1_5_7941_e71c_880>
...
040 (12419551.024.000) 06/02 22:26:39 Entered queue to transfer input files
	Transferring to host: <128.142.192.172:9618?addrs=128.142.192.172-9618+[2001-1458-301-56--100-28]-9618&alias=b9g18p0729.cern.ch&noUDP&sock=slot1_1_3003305_d069_59757>
...
040 (12419551.026.000) 06/02 22:26:46 Entered queue to transfer input files
	Transferring to host: <188.185.214.100:9618?addrs=188.185.214.100-9618+[2001-1458-303-1c--100-60]-9618&alias=b9p29p3255.cern.ch&noUDP&sock=slot1_17_8336_374c_1119>
...
040 (12419551.025.000) 06/02 22:26:46 Entered queue to transfer input files
	Transferring to host: <128.142.192.161:9618?addrs=128.142.192.161-9618+[2001-1458-301-56--100-1d]-9618&alias=b9g18p0292.cern.ch&noUDP&sock=slot1_2_3554_dd4a_60154>
...
040 (12419551.000.000) 06/02 23:18:37 Started transferring input files
	Seconds spent in queue: 3229
...
040 (12419551.001.000) 06/02 23:18:37 Started transferring input files
	Seconds spent in queue: 3228
...
040 (12419551.000.000) 06/02 23:18:37 Finished transferring input files
...
040 (12419551.001.000) 06/02 23:18:37 Finished transferring input files
...
040 (12419551.003.000) 06/02 23:18:37 Started transferring input files
	Seconds spent in queue: 3227
...
040 (12419551.002.000) 06/02 23:18:37 Started transferring input files
	Seconds spent in queue: 3227
...
040 (12419551.003.000) 06/02 23:18:37 Finished transferring input files
...
040 (12419551.004.000) 06/02 23:18:37 Started transferring input files
	Seconds spent in queue: 3226
...
040 (12419551.007.000) 06/02 23:18:37 Started transferring input files
	Seconds spent in queue: 3185
...
040 (12419551.006.000) 06/02 23:18:37 Started transferring input files
	Seconds spent in queue: 3224
...
040 (12419551.011.000) 06/02 23:18:37 Started transferring input files
	Seconds spent in queue: 3184
...
040 (12419551.008.000) 06/02 23:18:37 Started transferring input files
	Seconds spent in queue: 3185
...
040 (12419551.014.000) 06/02 23:18:37 Started transferring input files
	Seconds spent in queue: 3182
...
040 (12419551.004.000) 06/02 23:18:37 Finished transferring input files
...
040 (12419551.016.000) 06/02 23:18:37 Started transferring input files
	Seconds spent in queue: 3182
...
040 (12419551.017.000) 06/02 23:18:37 Started transferring input files
	Seconds spent in queue: 3180
...
040 (12419551.018.000) 06/02 23:18:37 Started transferring input files
	Seconds spent in queue: 3180
...
040 (12419551.007.000) 06/02 23:18:37 Finished transferring input files
...
040 (12419551.010.000) 06/02 23:18:37 Started transferring input files
	Seconds spent in queue: 3185
...
040 (12419551.016.000) 06/02 23:18:37 Finished transferring input files
...
040 (12419551.009.000) 06/02 23:18:37 Started transferring input files
	Seconds spent in queue: 3185
...
040 (12419551.017.000) 06/02 23:18:37 Finished transferring input files
...
040 (12419551.013.000) 06/02 23:18:37 Started transferring input files
	Seconds spent in queue: 3184
...
040 (12419551.019.000) 06/02 23:18:37 Started transferring input files
	Seconds spent in queue: 3180
...
040 (12419551.015.000) 06/02 23:18:37 Started transferring input files
	Seconds spent in queue: 3182
...
040 (12419551.010.000) 06/02 23:18:37 Finished transferring input files
...
040 (12419551.024.000) 06/02 23:18:37 Started transferring input files
	Seconds spent in queue: 3118
...
040 (12419551.006.000) 06/02 23:18:37 Finished transferring input files
...
040 (12419551.002.000) 06/02 23:18:37 Finished transferring input files
...
040 (12419551.012.000) 06/02 23:18:37 Started transferring input files
	Seconds spent in queue: 3183
...
040 (12419551.005.000) 06/02 23:18:37 Started transferring input files
	Seconds spent in queue: 3226
...
040 (12419551.008.000) 06/02 23:18:37 Finished transferring input files
...
040 (12419551.014.000) 06/02 23:18:37 Finished transferring input files
...
040 (12419551.020.000) 06/02 23:18:37 Started transferring input files
	Seconds spent in queue: 3180
...
040 (12419551.011.000) 06/02 23:18:37 Finished transferring input files
...
040 (12419551.018.000) 06/02 23:18:37 Finished transferring input files
...
040 (12419551.022.000) 06/02 23:18:37 Started transferring input files
	Seconds spent in queue: 3120
...
040 (12419551.023.000) 06/02 23:18:37 Started transferring input files
	Seconds spent in queue: 3119
...
040 (12419551.021.000) 06/02 23:18:37 Started transferring input files
	Seconds spent in queue: 3121
...
040 (12419551.009.000) 06/02 23:18:37 Finished transferring input files
...
040 (12419551.013.000) 06/02 23:18:37 Finished transferring input files
...
040 (12419551.019.000) 06/02 23:18:37 Finished transferring input files
...
040 (12419551.015.000) 06/02 23:18:37 Finished transferring input files
...
040 (12419551.024.000) 06/02 23:18:37 Finished transferring input files
...
040 (12419551.005.000) 06/02 23:18:37 Finished transferring input files
...
040 (12419551.012.000) 06/02 23:18:37 Finished transferring input files
...
040 (12419551.020.000) 06/02 23:18:37 Finished transferring input files
...
040 (12419551.022.000) 06/02 23:18:37 Finished transferring input files
...
040 (12419551.023.000) 06/02 23:18:37 Finished transferring input files
...
040 (12419551.021.000) 06/02 23:18:37 Finished transferring input files
...
040 (12419551.025.000) 06/02 23:18:37 Started transferring input files
	Seconds spent in queue: 3111
...
040 (12419551.026.000) 06/02 23:18:37 Started transferring input files
	Seconds spent in queue: 3111
...
040 (12419551.025.000) 06/02 23:18:37 Finished transferring input files
...
040 (12419551.026.000) 06/02 23:18:37 Finished transferring input files
...
001 (12419551.000.000) 06/02 23:18:38 Job executing on host: <188.185.207.196:9618?addrs=188.185.207.196-9618+[2001-1458-303-e--100-41]-9618&alias=b9p08p9528.cern.ch&noUDP&sock=startd_8968_e16b>
	SlotName: slot1_20@b9p08p9528.cern.ch
	CondorScratchDir = "/pool/condor/dir_12406"
	Cpus = 4
	Disk = 3734
	GPUs = 0
	Memory = 12000
...
001 (12419551.001.000) 06/02 23:18:38 Job executing on host: <188.185.207.196:9618?addrs=188.185.207.196-9618+[2001-1458-303-e--100-41]-9618&alias=b9p08p9528.cern.ch&noUDP&sock=startd_8968_e16b>
	SlotName: slot1_21@b9p08p9528.cern.ch
	CondorScratchDir = "/pool/condor/dir_12436"
	Cpus = 4
	Disk = 3734
	GPUs = 0
	Memory = 12000
...
001 (12419551.002.000) 06/02 23:18:38 Job executing on host: <188.185.207.196:9618?addrs=188.185.207.196-9618+[2001-1458-303-e--100-41]-9618&alias=b9p08p9528.cern.ch&noUDP&sock=startd_8968_e16b>
	SlotName: slot1_28@b9p08p9528.cern.ch
	CondorScratchDir = "/pool/condor/dir_12441"
	Cpus = 4
	Disk = 3734
	GPUs = 0
	Memory = 12000
...
001 (12419551.010.000) 06/02 23:18:38 Job executing on host: <188.185.215.9:9618?addrs=188.185.215.9-9618+[2001-1458-303-1e--100-5]-9618&alias=b9p31p8710.cern.ch&noUDP&sock=startd_4723_29e3>
	SlotName: slot1_17@b9p31p8710.cern.ch
	CondorScratchDir = "/pool/condor/dir_576140"
	Cpus = 4
	Disk = 3741
	GPUs = 0
	Memory = 12000
...
001 (12419551.003.000) 06/02 23:18:38 Job executing on host: <188.185.205.138:9618?addrs=188.185.205.138-9618+[2001-1458-303-a--100-7]-9618&alias=b9p04p5793.cern.ch&noUDP&sock=startd_9309_c737>
	SlotName: slot1_18@b9p04p5793.cern.ch
	CondorScratchDir = "/pool/condor/dir_4107537"
	Cpus = 4
	Disk = 3572
	GPUs = 0
	Memory = 12000
...
001 (12419551.005.000) 06/02 23:18:38 Job executing on host: <188.185.207.38:9618?addrs=188.185.207.38-9618+[2001-1458-303-d--100-23]-9618&alias=b9p07p9496.cern.ch&noUDP&sock=startd_7951_4d9a>
	SlotName: slot1_16@b9p07p9496.cern.ch
	CondorScratchDir = "/pool/condor/dir_4127720"
	Cpus = 4
	Disk = 3658
	GPUs = 0
	Memory = 12000
...
001 (12419551.004.000) 06/02 23:18:38 Job executing on host: <188.185.205.138:9618?addrs=188.185.205.138-9618+[2001-1458-303-a--100-7]-9618&alias=b9p04p5793.cern.ch&noUDP&sock=startd_9309_c737>
	SlotName: slot1_24@b9p04p5793.cern.ch
	CondorScratchDir = "/pool/condor/dir_4107648"
	Cpus = 4
	Disk = 3572
	GPUs = 0
	Memory = 12000
...
001 (12419551.006.000) 06/02 23:18:38 Job executing on host: <188.185.205.138:9618?addrs=188.185.205.138-9618+[2001-1458-303-a--100-7]-9618&alias=b9p04p5793.cern.ch&noUDP&sock=startd_9309_c737>
	SlotName: slot1_25@b9p04p5793.cern.ch
	CondorScratchDir = "/pool/condor/dir_4107747"
	Cpus = 4
	Disk = 3572
	GPUs = 0
	Memory = 12000
...
001 (12419551.009.000) 06/02 23:18:38 Job executing on host: <188.185.210.195:9618?addrs=188.185.210.195-9618+[2001-1458-303-15--100-3f]-9618&alias=b9p22p8302.cern.ch&noUDP&sock=startd_7720_db3a>
	SlotName: slot1_19@b9p22p8302.cern.ch
	CondorScratchDir = "/pool/condor/dir_2354649"
	Cpus = 4
	Disk = 3715
	GPUs = 0
	Memory = 12000
...
001 (12419551.008.000) 06/02 23:18:38 Job executing on host: <188.185.213.231:9618?addrs=188.185.213.231-9618+[2001-1458-303-1b--100-63]-9618&alias=b9p28p9038.cern.ch&noUDP&sock=startd_6302_39ee>
	SlotName: slot1_7@b9p28p9038.cern.ch
	CondorScratchDir = "/pool/condor/dir_2154481"
	Cpus = 4
	Disk = 3899
	GPUs = 0
	Memory = 12000
...
001 (12419551.007.000) 06/02 23:18:38 Job executing on host: <188.185.213.180:9618?addrs=188.185.213.180-9618+[2001-1458-303-1b--100-30]-9618&alias=b9p28p7628.cern.ch&noUDP&sock=startd_7833_5d6d>
	SlotName: slot1_6@b9p28p7628.cern.ch
	CondorScratchDir = "/pool/condor/dir_4181371"
	Cpus = 4
	Disk = 3881
	GPUs = 0
	Memory = 12000
...
001 (12419551.013.000) 06/02 23:18:38 Job executing on host: <188.185.210.213:9618?addrs=188.185.210.213-9618+[2001-1458-303-15--100-51]-9618&alias=b9p22p5430.cern.ch&noUDP&sock=startd_7775_94ef>
	SlotName: slot1_6@b9p22p5430.cern.ch
	CondorScratchDir = "/pool/condor/dir_1799851"
	Cpus = 4
	Disk = 3763
	GPUs = 0
	Memory = 12000
...
001 (12419551.012.000) 06/02 23:18:38 Job executing on host: <188.185.207.150:9618?addrs=188.185.207.150-9618+[2001-1458-303-e--100-13]-9618&alias=b9p08p4939.cern.ch&noUDP&sock=startd_9066_19b3>
	SlotName: slot1_2@b9p08p4939.cern.ch
	CondorScratchDir = "/pool/condor/dir_3523049"
	Cpus = 4
	Disk = 3680
	GPUs = 0
	Memory = 12000
...
001 (12419551.011.000) 06/02 23:18:38 Job executing on host: <188.185.208.191:9618?addrs=188.185.208.191-9618+[2001-1458-303-10--100-3c]-9618&alias=b9p10p1964.cern.ch&noUDP&sock=startd_9056_3dc1>
	SlotName: slot1_5@b9p10p1964.cern.ch
	CondorScratchDir = "/pool/condor/dir_1767202"
	Cpus = 4
	Disk = 3619
	GPUs = 0
	Memory = 12000
...
001 (12419551.015.000) 06/02 23:18:38 Job executing on host: <188.185.215.9:9618?addrs=188.185.215.9-9618+[2001-1458-303-1e--100-5]-9618&alias=b9p31p8710.cern.ch&noUDP&sock=startd_4723_29e3>
	SlotName: slot1_19@b9p31p8710.cern.ch
	CondorScratchDir = "/pool/condor/dir_576229"
	Cpus = 4
	Disk = 3741
	GPUs = 0
	Memory = 12000
...
001 (12419551.016.000) 06/02 23:18:38 Job executing on host: <188.185.210.195:9618?addrs=188.185.210.195-9618+[2001-1458-303-15--100-3f]-9618&alias=b9p22p8302.cern.ch&noUDP&sock=startd_7720_db3a>
	SlotName: slot1_22@b9p22p8302.cern.ch
	CondorScratchDir = "/pool/condor/dir_2354796"
	Cpus = 4
	Disk = 3715
	GPUs = 0
	Memory = 12000
...
001 (12419551.018.000) 06/02 23:18:38 Job executing on host: <188.185.207.150:9618?addrs=188.185.207.150-9618+[2001-1458-303-e--100-13]-9618&alias=b9p08p4939.cern.ch&noUDP&sock=startd_9066_19b3>
	SlotName: slot1_16@b9p08p4939.cern.ch
	CondorScratchDir = "/pool/condor/dir_3523243"
	Cpus = 4
	Disk = 3680
	GPUs = 0
	Memory = 12000
...
001 (12419551.014.000) 06/02 23:18:38 Job executing on host: <188.185.204.138:9618?addrs=188.185.204.138-9618+[2001-1458-303-8--100-7e]-9618&alias=b9p02p3882.cern.ch&noUDP&sock=startd_6746_c5fb>
	SlotName: slot1_8@b9p02p3882.cern.ch
	CondorScratchDir = "/pool/condor/dir_3041062"
	Cpus = 4
	Disk = 3500
	GPUs = 0
	Memory = 12000
...
001 (12419551.017.000) 06/02 23:18:38 Job executing on host: <188.185.208.191:9618?addrs=188.185.208.191-9618+[2001-1458-303-10--100-3c]-9618&alias=b9p10p1964.cern.ch&noUDP&sock=startd_9056_3dc1>
	SlotName: slot1_6@b9p10p1964.cern.ch
	CondorScratchDir = "/pool/condor/dir_1767427"
	Cpus = 4
	Disk = 3618
	GPUs = 0
	Memory = 12000
...
001 (12419551.020.000) 06/02 23:18:38 Job executing on host: <188.185.204.138:9618?addrs=188.185.204.138-9618+[2001-1458-303-8--100-7e]-9618&alias=b9p02p3882.cern.ch&noUDP&sock=startd_6746_c5fb>
	SlotName: slot1_9@b9p02p3882.cern.ch
	CondorScratchDir = "/pool/condor/dir_3041189"
	Cpus = 4
	Disk = 3500
	GPUs = 0
	Memory = 12000
...
001 (12419551.019.000) 06/02 23:18:38 Job executing on host: <188.185.210.213:9618?addrs=188.185.210.213-9618+[2001-1458-303-15--100-51]-9618&alias=b9p22p5430.cern.ch&noUDP&sock=startd_7775_94ef>
	SlotName: slot1_13@b9p22p5430.cern.ch
	CondorScratchDir = "/pool/condor/dir_1799968"
	Cpus = 4
	Disk = 3763
	GPUs = 0
	Memory = 12000
...
001 (12419551.021.000) 06/02 23:18:38 Job executing on host: <128.142.161.97:9618?addrs=128.142.161.97-9618+[2001-1458-301-b8--100-1f]-9618&alias=b9g03p7944.cern.ch&noUDP&sock=startd_2676_1786>
	SlotName: slot1_12@b9g03p7944.cern.ch
	CondorScratchDir = "/pool/condor/dir_552400"
	Cpus = 4
	Disk = 3990
	GPUs = 0
	Memory = 12000
...
001 (12419551.022.000) 06/02 23:18:38 Job executing on host: <128.142.161.107:9618?addrs=128.142.161.107-9618+[2001-1458-301-b8--100-29]-9618&alias=b9g03p5993.cern.ch&noUDP&sock=startd_2596_37f2>
	SlotName: slot1_8@b9g03p5993.cern.ch
	CondorScratchDir = "/pool/condor/dir_3035953"
	Cpus = 4
	Disk = 4008
	GPUs = 0
	Memory = 12000
...
001 (12419551.023.000) 06/02 23:18:38 Job executing on host: <188.185.214.57:9618?addrs=188.185.214.57-9618+[2001-1458-303-1c--100-35]-9618&alias=b9p29p2773.cern.ch&noUDP&sock=startd_7387_7230>
	SlotName: slot1_5@b9p29p2773.cern.ch
	CondorScratchDir = "/pool/condor/dir_2091473"
	Cpus = 4
	Disk = 3743
	GPUs = 0
	Memory = 12000
...
001 (12419551.024.000) 06/02 23:18:38 Job executing on host: <128.142.192.172:9618?addrs=128.142.192.172-9618+[2001-1458-301-56--100-28]-9618&alias=b9g18p0729.cern.ch&noUDP&sock=startd_5687_6330>
	SlotName: slot1_1@b9g18p0729.cern.ch
	CondorScratchDir = "/pool/condor/dir_3829410"
	Cpus = 4
	Disk = 3737
	GPUs = 0
	Memory = 12000
...
001 (12419551.025.000) 06/02 23:18:38 Job executing on host: <128.142.192.161:9618?addrs=128.142.192.161-9618+[2001-1458-301-56--100-1d]-9618&alias=b9g18p0292.cern.ch&noUDP&sock=startd_3513_344b>
	SlotName: slot1_2@b9g18p0292.cern.ch
	CondorScratchDir = "/pool/condor/dir_3523344"
	Cpus = 4
	Disk = 3752
	GPUs = 0
	Memory = 12000
...
001 (12419551.026.000) 06/02 23:18:38 Job executing on host: <188.185.214.100:9618?addrs=188.185.214.100-9618+[2001-1458-303-1c--100-60]-9618&alias=b9p29p3255.cern.ch&noUDP&sock=startd_7843_3960>
	SlotName: slot1_17@b9p29p3255.cern.ch
	CondorScratchDir = "/pool/condor/dir_2194951"
	Cpus = 4
	Disk = 3704
	GPUs = 0
	Memory = 12000
...
006 (12419551.010.000) 06/02 23:18:46 Image size of job updated: 113640
	111  -  MemoryUsage of job (MB)
	113640  -  ResidentSetSize of job (KB)
...
006 (12419551.023.000) 06/02 23:18:46 Image size of job updated: 70728
	70  -  MemoryUsage of job (MB)
	70728  -  ResidentSetSize of job (KB)
...
006 (12419551.019.000) 06/02 23:18:46 Image size of job updated: 143436
	141  -  MemoryUsage of job (MB)
	143436  -  ResidentSetSize of job (KB)
...
006 (12419551.013.000) 06/02 23:18:46 Image size of job updated: 136724
	134  -  MemoryUsage of job (MB)
	136724  -  ResidentSetSize of job (KB)
...
006 (12419551.007.000) 06/02 23:18:46 Image size of job updated: 76944
	76  -  MemoryUsage of job (MB)
	76944  -  ResidentSetSize of job (KB)
...
006 (12419551.024.000) 06/02 23:18:46 Image size of job updated: 154128
	151  -  MemoryUsage of job (MB)
	154128  -  ResidentSetSize of job (KB)
...
006 (12419551.008.000) 06/02 23:18:46 Image size of job updated: 208548
	204  -  MemoryUsage of job (MB)
	208548  -  ResidentSetSize of job (KB)
...
006 (12419551.014.000) 06/02 23:18:46 Image size of job updated: 260160
	255  -  MemoryUsage of job (MB)
	260160  -  ResidentSetSize of job (KB)
...
006 (12419551.022.000) 06/02 23:18:46 Image size of job updated: 152148
	149  -  MemoryUsage of job (MB)
	152148  -  ResidentSetSize of job (KB)
...
006 (12419551.020.000) 06/02 23:18:46 Image size of job updated: 240856
	236  -  MemoryUsage of job (MB)
	240856  -  ResidentSetSize of job (KB)
...
006 (12419551.025.000) 06/02 23:18:46 Image size of job updated: 207036
	203  -  MemoryUsage of job (MB)
	207036  -  ResidentSetSize of job (KB)
...
006 (12419551.009.000) 06/02 23:18:46 Image size of job updated: 132420
	130  -  MemoryUsage of job (MB)
	132420  -  ResidentSetSize of job (KB)
...
006 (12419551.015.000) 06/02 23:18:46 Image size of job updated: 149424
	146  -  MemoryUsage of job (MB)
	149424  -  ResidentSetSize of job (KB)
...
006 (12419551.016.000) 06/02 23:18:46 Image size of job updated: 134764
	132  -  MemoryUsage of job (MB)
	134764  -  ResidentSetSize of job (KB)
...
040 (12419551.020.000) 06/02 23:18:47 Started transferring output files
	Seconds spent in queue: 3190
...
040 (12419551.016.000) 06/02 23:18:47 Started transferring output files
	Seconds spent in queue: 3192
...
006 (12419551.026.000) 06/02 23:18:47 Image size of job updated: 383592
	375  -  MemoryUsage of job (MB)
	383592  -  ResidentSetSize of job (KB)
...
040 (12419551.016.000) 06/02 23:18:48 Finished transferring output files
...
040 (12419551.020.000) 06/02 23:18:48 Finished transferring output files
...
005 (12419551.016.000) 06/02 23:18:48 Job terminated.
	(1) Normal termination (return value 1)
		Usr 0 00:00:01, Sys 0 00:00:02  -  Run Remote Usage
		Usr 0 00:00:00, Sys 0 00:00:00  -  Run Local Usage
		Usr 0 00:00:01, Sys 0 00:00:02  -  Total Remote Usage
		Usr 0 00:00:00, Sys 0 00:00:00  -  Total Local Usage
	22741  -  Run Bytes Sent By Job
	10846  -  Run Bytes Received By Job
	22741  -  Total Bytes Sent By Job
	10846  -  Total Bytes Received By Job
	Partitionable Resources :    Usage  Request Allocated 
	   Cpus                 :     0.00        4         4 
	   Disk (KB)            :    98           1      3715 
	   GPUs                 :                           0 
	   Memory (MB)          :   132       12000     12000 

	Job terminated of its own accord at 2025-06-02T21:18:47Z with exit-code 1.
...
005 (12419551.020.000) 06/02 23:18:49 Job terminated.
	(1) Normal termination (return value 1)
		Usr 0 00:00:02, Sys 0 00:00:01  -  Run Remote Usage
		Usr 0 00:00:00, Sys 0 00:00:00  -  Run Local Usage
		Usr 0 00:00:02, Sys 0 00:00:01  -  Total Remote Usage
		Usr 0 00:00:00, Sys 0 00:00:00  -  Total Local Usage
	22741  -  Run Bytes Sent By Job
	10846  -  Run Bytes Received By Job
	22741  -  Total Bytes Sent By Job
	10846  -  Total Bytes Received By Job
	Partitionable Resources :    Usage  Request Allocated 
	   Cpus                 :     0.00        4         4 
	   Disk (KB)            :   100           1      3500 
	   GPUs                 :                           0 
	   Memory (MB)          :   236       12000     12000 

	Job terminated of its own accord at 2025-06-02T21:18:47Z with exit-code 1.
...
006 (12419551.000.000) 06/02 23:18:51 Image size of job updated: 19732
	20  -  MemoryUsage of job (MB)
	19732  -  ResidentSetSize of job (KB)
...
006 (12419551.018.000) 06/02 23:18:51 Image size of job updated: 24124
	2  -  MemoryUsage of job (MB)
	1408  -  ResidentSetSize of job (KB)
...
006 (12419551.001.000) 06/02 23:18:51 Image size of job updated: 19740
	20  -  MemoryUsage of job (MB)
	19740  -  ResidentSetSize of job (KB)
...
006 (12419551.021.000) 06/02 23:18:51 Image size of job updated: 1656
	2  -  MemoryUsage of job (MB)
	1656  -  ResidentSetSize of job (KB)
...
006 (12419551.004.000) 06/02 23:18:51 Image size of job updated: 19272
	19  -  MemoryUsage of job (MB)
	19272  -  ResidentSetSize of job (KB)
...
006 (12419551.003.000) 06/02 23:18:51 Image size of job updated: 19272
	19  -  MemoryUsage of job (MB)
	19272  -  ResidentSetSize of job (KB)
...
006 (12419551.006.000) 06/02 23:18:51 Image size of job updated: 19264
	19  -  MemoryUsage of job (MB)
	19264  -  ResidentSetSize of job (KB)
...
006 (12419551.005.000) 06/02 23:18:51 Image size of job updated: 15116
	2  -  MemoryUsage of job (MB)
	1416  -  ResidentSetSize of job (KB)
...
006 (12419551.012.000) 06/02 23:18:51 Image size of job updated: 24120
	2  -  MemoryUsage of job (MB)
	1408  -  ResidentSetSize of job (KB)
...
006 (12419551.002.000) 06/02 23:18:51 Image size of job updated: 19548
	20  -  MemoryUsage of job (MB)
	19548  -  ResidentSetSize of job (KB)
...
006 (12419551.011.000) 06/02 23:18:52 Image size of job updated: 15752
	2  -  MemoryUsage of job (MB)
	1412  -  ResidentSetSize of job (KB)
...
006 (12419551.017.000) 06/02 23:18:52 Image size of job updated: 15744
	2  -  MemoryUsage of job (MB)
	1408  -  ResidentSetSize of job (KB)
...
040 (12419551.002.000) 06/02 23:18:57 Started transferring output files
	Seconds spent in queue: 3247
...
040 (12419551.002.000) 06/02 23:18:57 Finished transferring output files
...
005 (12419551.002.000) 06/02 23:18:58 Job terminated.
	(1) Normal termination (return value 1)
		Usr 0 00:00:01, Sys 0 00:00:03  -  Run Remote Usage
		Usr 0 00:00:00, Sys 0 00:00:00  -  Run Local Usage
		Usr 0 00:00:01, Sys 0 00:00:03  -  Total Remote Usage
		Usr 0 00:00:00, Sys 0 00:00:00  -  Total Local Usage
	22738  -  Run Bytes Sent By Job
	10846  -  Run Bytes Received By Job
	22738  -  Total Bytes Sent By Job
	10846  -  Total Bytes Received By Job
	Partitionable Resources :    Usage  Request Allocated 
	   Cpus                 :        0        4         4 
	   Disk (KB)            :      101        1      3734 
	   GPUs                 :                           0 
	   Memory (MB)          :       20    12000     12000 

	Job terminated of its own accord at 2025-06-02T21:18:57Z with exit-code 1.
...
006 (12419551.025.000) 06/02 23:18:58 Image size of job updated: 207036
	209  -  MemoryUsage of job (MB)
	213308  -  ResidentSetSize of job (KB)
...
040 (12419551.025.000) 06/02 23:18:58 Started transferring output files
	Seconds spent in queue: 3132
...
040 (12419551.025.000) 06/02 23:18:58 Finished transferring output files
...
005 (12419551.025.000) 06/02 23:18:58 Job terminated.
	(1) Normal termination (return value 0)
		Usr 0 00:00:07, Sys 0 00:00:01  -  Run Remote Usage
		Usr 0 00:00:00, Sys 0 00:00:00  -  Run Local Usage
		Usr 0 00:00:07, Sys 0 00:00:01  -  Total Remote Usage
		Usr 0 00:00:00, Sys 0 00:00:00  -  Total Local Usage
	52744  -  Run Bytes Sent By Job
	10846  -  Run Bytes Received By Job
	52744  -  Total Bytes Sent By Job
	10846  -  Total Bytes Received By Job
	Partitionable Resources :    Usage  Request Allocated 
	   Cpus                 :     0.00        4         4 
	   Disk (KB)            :   128           1      3752 
	   GPUs                 :                           0 
	   Memory (MB)          :   209       12000     12000 

	Job terminated of its own accord at 2025-06-02T21:18:58Z with exit-code 0.
...
006 (12419551.006.000) 06/02 23:18:58 Image size of job updated: 92704
	19  -  MemoryUsage of job (MB)
	19264  -  ResidentSetSize of job (KB)
...
040 (12419551.006.000) 06/02 23:18:58 Started transferring output files
	Seconds spent in queue: 3245
...
040 (12419551.006.000) 06/02 23:18:58 Finished transferring output files
...
005 (12419551.006.000) 06/02 23:18:58 Job terminated.
	(1) Normal termination (return value 1)
		Usr 0 00:00:02, Sys 0 00:00:02  -  Run Remote Usage
		Usr 0 00:00:00, Sys 0 00:00:00  -  Run Local Usage
		Usr 0 00:00:02, Sys 0 00:00:02  -  Total Remote Usage
		Usr 0 00:00:00, Sys 0 00:00:00  -  Total Local Usage
	22740  -  Run Bytes Sent By Job
	10846  -  Run Bytes Received By Job
	22740  -  Total Bytes Sent By Job
	10846  -  Total Bytes Received By Job
	Partitionable Resources :    Usage  Request Allocated 
	   Cpus                 :        0        4         4 
	   Disk (KB)            :       98        1      3572 
	   GPUs                 :                           0 
	   Memory (MB)          :       19    12000     12000 

	Job terminated of its own accord at 2025-06-02T21:18:58Z with exit-code 1.
...
006 (12419551.011.000) 06/02 23:19:01 Image size of job updated: 61912
	2  -  MemoryUsage of job (MB)
	1412  -  ResidentSetSize of job (KB)
...
006 (12419551.017.000) 06/02 23:19:01 Image size of job updated: 61888
	2  -  MemoryUsage of job (MB)
	1408  -  ResidentSetSize of job (KB)
...
040 (12419551.017.000) 06/02 23:19:01 Started transferring output files
	Seconds spent in queue: 3204
...
040 (12419551.011.000) 06/02 23:19:01 Started transferring output files
	Seconds spent in queue: 3208
...
040 (12419551.011.000) 06/02 23:19:01 Finished transferring output files
...
040 (12419551.017.000) 06/02 23:19:01 Finished transferring output files
...
005 (12419551.011.000) 06/02 23:19:01 Job terminated.
	(1) Normal termination (return value 1)
		Usr 0 00:00:02, Sys 0 00:00:01  -  Run Remote Usage
		Usr 0 00:00:00, Sys 0 00:00:00  -  Run Local Usage
		Usr 0 00:00:02, Sys 0 00:00:01  -  Total Remote Usage
		Usr 0 00:00:00, Sys 0 00:00:00  -  Total Local Usage
	22741  -  Run Bytes Sent By Job
	10846  -  Run Bytes Received By Job
	22741  -  Total Bytes Sent By Job
	10846  -  Total Bytes Received By Job
	Partitionable Resources :    Usage  Request Allocated 
	   Cpus                 :        0        4         4 
	   Disk (KB)            :      101        1      3619 
	   GPUs                 :                           0 
	   Memory (MB)          :        2    12000     12000 

	Job terminated of its own accord at 2025-06-02T21:19:01Z with exit-code 1.
...
005 (12419551.017.000) 06/02 23:19:01 Job terminated.
	(1) Normal termination (return value 1)
		Usr 0 00:00:02, Sys 0 00:00:01  -  Run Remote Usage
		Usr 0 00:00:00, Sys 0 00:00:00  -  Run Local Usage
		Usr 0 00:00:02, Sys 0 00:00:01  -  Total Remote Usage
		Usr 0 00:00:00, Sys 0 00:00:00  -  Total Local Usage
	22741  -  Run Bytes Sent By Job
	10846  -  Run Bytes Received By Job
	22741  -  Total Bytes Sent By Job
	10846  -  Total Bytes Received By Job
	Partitionable Resources :    Usage  Request Allocated 
	   Cpus                 :        0        4         4 
	   Disk (KB)            :      101        1      3618 
	   GPUs                 :                           0 
	   Memory (MB)          :        2    12000     12000 

	Job terminated of its own accord at 2025-06-02T21:19:01Z with exit-code 1.
...
006 (12419551.026.000) 06/02 23:19:07 Image size of job updated: 383592
	396  -  MemoryUsage of job (MB)
	405084  -  ResidentSetSize of job (KB)
...
040 (12419551.026.000) 06/02 23:19:07 Started transferring output files
	Seconds spent in queue: 3141
...
040 (12419551.026.000) 06/02 23:19:07 Finished transferring output files
...
005 (12419551.026.000) 06/02 23:19:07 Job terminated.
	(1) Normal termination (return value 0)
		Usr 0 00:00:06, Sys 0 00:00:02  -  Run Remote Usage
		Usr 0 00:00:00, Sys 0 00:00:00  -  Run Local Usage
		Usr 0 00:00:06, Sys 0 00:00:02  -  Total Remote Usage
		Usr 0 00:00:00, Sys 0 00:00:00  -  Total Local Usage
	52744  -  Run Bytes Sent By Job
	10846  -  Run Bytes Received By Job
	52744  -  Total Bytes Sent By Job
	10846  -  Total Bytes Received By Job
	Partitionable Resources :    Usage  Request Allocated 
	   Cpus                 :        0        4         4 
	   Disk (KB)            :      128        1      3704 
	   GPUs                 :                           0 
	   Memory (MB)          :      396    12000     12000 

	Job terminated of its own accord at 2025-06-02T21:19:07Z with exit-code 0.
...
006 (12419551.013.000) 06/02 23:23:46 Image size of job updated: 1556036
	1520  -  MemoryUsage of job (MB)
	1556036  -  ResidentSetSize of job (KB)
...
006 (12419551.007.000) 06/02 23:23:46 Image size of job updated: 1559396
	1523  -  MemoryUsage of job (MB)
	1559396  -  ResidentSetSize of job (KB)
...
006 (12419551.024.000) 06/02 23:23:46 Image size of job updated: 1383452
	1352  -  MemoryUsage of job (MB)
	1383452  -  ResidentSetSize of job (KB)
...
006 (12419551.008.000) 06/02 23:23:46 Image size of job updated: 1486944
	1453  -  MemoryUsage of job (MB)
	1486944  -  ResidentSetSize of job (KB)
...
006 (12419551.015.000) 06/02 23:23:46 Image size of job updated: 1664064
	1626  -  MemoryUsage of job (MB)
	1664064  -  ResidentSetSize of job (KB)
...
006 (12419551.022.000) 06/02 23:23:46 Image size of job updated: 1459772
	1426  -  MemoryUsage of job (MB)
	1459772  -  ResidentSetSize of job (KB)
...
006 (12419551.010.000) 06/02 23:23:46 Image size of job updated: 1406484
	1374  -  MemoryUsage of job (MB)
	1406484  -  ResidentSetSize of job (KB)
...
006 (12419551.009.000) 06/02 23:23:46 Image size of job updated: 1650688
	1612  -  MemoryUsage of job (MB)
	1650688  -  ResidentSetSize of job (KB)
...
006 (12419551.014.000) 06/02 23:23:46 Image size of job updated: 1580648
	1544  -  MemoryUsage of job (MB)
	1580648  -  ResidentSetSize of job (KB)
...
006 (12419551.023.000) 06/02 23:23:46 Image size of job updated: 1491096
	1457  -  MemoryUsage of job (MB)
	1491096  -  ResidentSetSize of job (KB)
...
006 (12419551.019.000) 06/02 23:23:47 Image size of job updated: 1653296
	1615  -  MemoryUsage of job (MB)
	1653296  -  ResidentSetSize of job (KB)
...
006 (12419551.021.000) 06/02 23:23:51 Image size of job updated: 1480288
	1446  -  MemoryUsage of job (MB)
	1480288  -  ResidentSetSize of job (KB)
...
006 (12419551.012.000) 06/02 23:23:51 Image size of job updated: 1508520
	1474  -  MemoryUsage of job (MB)
	1508520  -  ResidentSetSize of job (KB)
...
006 (12419551.018.000) 06/02 23:23:51 Image size of job updated: 1545436
	1510  -  MemoryUsage of job (MB)
	1545436  -  ResidentSetSize of job (KB)
...
006 (12419551.000.000) 06/02 23:23:51 Image size of job updated: 2372212
	2317  -  MemoryUsage of job (MB)
	2372212  -  ResidentSetSize of job (KB)
...
006 (12419551.001.000) 06/02 23:23:51 Image size of job updated: 1378952
	1347  -  MemoryUsage of job (MB)
	1378952  -  ResidentSetSize of job (KB)
...
006 (12419551.005.000) 06/02 23:23:51 Image size of job updated: 1408648
	1376  -  MemoryUsage of job (MB)
	1408648  -  ResidentSetSize of job (KB)
...
006 (12419551.003.000) 06/02 23:23:51 Image size of job updated: 1322560
	1292  -  MemoryUsage of job (MB)
	1322560  -  ResidentSetSize of job (KB)
...
006 (12419551.004.000) 06/02 23:23:51 Image size of job updated: 1482808
	1449  -  MemoryUsage of job (MB)
	1482808  -  ResidentSetSize of job (KB)
...
006 (12419551.024.000) 06/02 23:28:34 Image size of job updated: 1383452
	1352  -  MemoryUsage of job (MB)
	1384220  -  ResidentSetSize of job (KB)
...
040 (12419551.024.000) 06/02 23:28:34 Started transferring output files
	Seconds spent in queue: 3715
...
040 (12419551.024.000) 06/02 23:28:34 Finished transferring output files
...
005 (12419551.024.000) 06/02 23:28:34 Job terminated.
	(1) Normal termination (return value 0)
		Usr 0 00:00:50, Sys 0 00:00:06  -  Run Remote Usage
		Usr 0 00:00:00, Sys 0 00:00:00  -  Run Local Usage
		Usr 0 00:00:50, Sys 0 00:00:06  -  Total Remote Usage
		Usr 0 00:00:00, Sys 0 00:00:00  -  Total Local Usage
	53563  -  Run Bytes Sent By Job
	10846  -  Run Bytes Received By Job
	53563  -  Total Bytes Sent By Job
	10846  -  Total Bytes Received By Job
	Partitionable Resources :    Usage  Request Allocated 
	   Cpus                 :     0.12        4         4 
	   Disk (KB)            :   128           1      3737 
	   GPUs                 :                           0 
	   Memory (MB)          :  1352       12000     12000 

	Job terminated of its own accord at 2025-06-02T21:28:34Z with exit-code 0.
...
006 (12419551.013.000) 06/02 23:28:46 Image size of job updated: 3199812
	3125  -  MemoryUsage of job (MB)
	3199812  -  ResidentSetSize of job (KB)
...
006 (12419551.007.000) 06/02 23:28:46 Image size of job updated: 3023136
	2953  -  MemoryUsage of job (MB)
	3023136  -  ResidentSetSize of job (KB)
...
006 (12419551.009.000) 06/02 23:28:47 Image size of job updated: 3190868
	3117  -  MemoryUsage of job (MB)
	3190868  -  ResidentSetSize of job (KB)
...
006 (12419551.010.000) 06/02 23:28:47 Image size of job updated: 2723124
	2660  -  MemoryUsage of job (MB)
	2723124  -  ResidentSetSize of job (KB)
...
006 (12419551.022.000) 06/02 23:28:47 Image size of job updated: 2753432
	2689  -  MemoryUsage of job (MB)
	2753432  -  ResidentSetSize of job (KB)
...
006 (12419551.014.000) 06/02 23:28:47 Image size of job updated: 2968816
	2900  -  MemoryUsage of job (MB)
	2968816  -  ResidentSetSize of job (KB)
...
006 (12419551.023.000) 06/02 23:28:47 Image size of job updated: 2814172
	2749  -  MemoryUsage of job (MB)
	2814172  -  ResidentSetSize of job (KB)
...
006 (12419551.019.000) 06/02 23:28:47 Image size of job updated: 3226204
	3151  -  MemoryUsage of job (MB)
	3226204  -  ResidentSetSize of job (KB)
...
006 (12419551.008.000) 06/02 23:28:47 Image size of job updated: 2821900
	2756  -  MemoryUsage of job (MB)
	2821900  -  ResidentSetSize of job (KB)
...
006 (12419551.015.000) 06/02 23:28:48 Image size of job updated: 3173816
	3100  -  MemoryUsage of job (MB)
	3173816  -  ResidentSetSize of job (KB)
...
006 (12419551.021.000) 06/02 23:28:52 Image size of job updated: 3002584
	2933  -  MemoryUsage of job (MB)
	3002584  -  ResidentSetSize of job (KB)
...
006 (12419551.018.000) 06/02 23:28:52 Image size of job updated: 3187196
	3113  -  MemoryUsage of job (MB)
	3187196  -  ResidentSetSize of job (KB)
...
006 (12419551.012.000) 06/02 23:28:52 Image size of job updated: 3093000
	3021  -  MemoryUsage of job (MB)
	3093000  -  ResidentSetSize of job (KB)
...
006 (12419551.005.000) 06/02 23:28:52 Image size of job updated: 2738128
	2674  -  MemoryUsage of job (MB)
	2738128  -  ResidentSetSize of job (KB)
...
006 (12419551.000.000) 06/02 23:28:52 Image size of job updated: 4615872
	4508  -  MemoryUsage of job (MB)
	4615872  -  ResidentSetSize of job (KB)
...
006 (12419551.004.000) 06/02 23:28:52 Image size of job updated: 2955144
	2886  -  MemoryUsage of job (MB)
	2955144  -  ResidentSetSize of job (KB)
...
006 (12419551.001.000) 06/02 23:28:52 Image size of job updated: 2739928
	2676  -  MemoryUsage of job (MB)
	2739928  -  ResidentSetSize of job (KB)
...
006 (12419551.003.000) 06/02 23:28:52 Image size of job updated: 2708696
	2646  -  MemoryUsage of job (MB)
	2708696  -  ResidentSetSize of job (KB)
...
006 (12419551.000.000) 06/02 23:29:34 Image size of job updated: 4868132
	4510  -  MemoryUsage of job (MB)
	4617464  -  ResidentSetSize of job (KB)
...
040 (12419551.000.000) 06/02 23:29:34 Started transferring output files
	Seconds spent in queue: 3886
...
040 (12419551.000.000) 06/02 23:29:34 Finished transferring output files
...
005 (12419551.000.000) 06/02 23:29:34 Job terminated.
	(1) Normal termination (return value 0)
		Usr 0 00:01:05, Sys 0 00:00:12  -  Run Remote Usage
		Usr 0 00:00:00, Sys 0 00:00:00  -  Run Local Usage
		Usr 0 00:01:05, Sys 0 00:00:12  -  Total Remote Usage
		Usr 0 00:00:00, Sys 0 00:00:00  -  Total Local Usage
	52799  -  Run Bytes Sent By Job
	10846  -  Run Bytes Received By Job
	52799  -  Total Bytes Sent By Job
	10846  -  Total Bytes Received By Job
	Partitionable Resources :    Usage  Request Allocated 
	   Cpus                 :     0.11        4         4 
	   Disk (KB)            :   130           1      3734 
	   GPUs                 :                           0 
	   Memory (MB)          :  4510       12000     12000 

	Job terminated of its own accord at 2025-06-02T21:29:34Z with exit-code 0.
...
006 (12419551.023.000) 06/02 23:31:09 Image size of job updated: 2814172
	2749  -  MemoryUsage of job (MB)
	2814428  -  ResidentSetSize of job (KB)
...
040 (12419551.023.000) 06/02 23:31:09 Started transferring output files
	Seconds spent in queue: 3871
...
040 (12419551.023.000) 06/02 23:31:09 Finished transferring output files
...
005 (12419551.023.000) 06/02 23:31:10 Job terminated.
	(1) Normal termination (return value 0)
		Usr 0 00:00:53, Sys 0 00:00:11  -  Run Remote Usage
		Usr 0 00:00:00, Sys 0 00:00:00  -  Run Local Usage
		Usr 0 00:00:53, Sys 0 00:00:11  -  Total Remote Usage
		Usr 0 00:00:00, Sys 0 00:00:00  -  Total Local Usage
	53839  -  Run Bytes Sent By Job
	10846  -  Run Bytes Received By Job
	53839  -  Total Bytes Sent By Job
	10846  -  Total Bytes Received By Job
	Partitionable Resources :    Usage  Request Allocated 
	   Cpus                 :     0.10        4         4 
	   Disk (KB)            :   129           1      3743 
	   GPUs                 :                           0 
	   Memory (MB)          :  2749       12000     12000 

	Job terminated of its own accord at 2025-06-02T21:31:09Z with exit-code 0.
...
006 (12419551.013.000) 06/02 23:33:46 Image size of job updated: 4767120
	4656  -  MemoryUsage of job (MB)
	4767120  -  ResidentSetSize of job (KB)
...
006 (12419551.010.000) 06/02 23:33:47 Image size of job updated: 3967064
	3875  -  MemoryUsage of job (MB)
	3967064  -  ResidentSetSize of job (KB)
...
006 (12419551.009.000) 06/02 23:33:47 Image size of job updated: 4816892
	4704  -  MemoryUsage of job (MB)
	4816892  -  ResidentSetSize of job (KB)
...
006 (12419551.022.000) 06/02 23:33:47 Image size of job updated: 4021692
	3928  -  MemoryUsage of job (MB)
	4021692  -  ResidentSetSize of job (KB)
...
006 (12419551.014.000) 06/02 23:33:47 Image size of job updated: 4284236
	4184  -  MemoryUsage of job (MB)
	4284236  -  ResidentSetSize of job (KB)
...
006 (12419551.019.000) 06/02 23:33:47 Image size of job updated: 4784076
	4672  -  MemoryUsage of job (MB)
	4784076  -  ResidentSetSize of job (KB)
...
006 (12419551.007.000) 06/02 23:33:47 Image size of job updated: 4585304
	4478  -  MemoryUsage of job (MB)
	4585304  -  ResidentSetSize of job (KB)
...
006 (12419551.008.000) 06/02 23:33:48 Image size of job updated: 4154584
	4058  -  MemoryUsage of job (MB)
	4154584  -  ResidentSetSize of job (KB)
...
006 (12419551.015.000) 06/02 23:33:48 Image size of job updated: 4686964
	4578  -  MemoryUsage of job (MB)
	4686964  -  ResidentSetSize of job (KB)
...
006 (12419551.021.000) 06/02 23:33:52 Image size of job updated: 4557788
	4451  -  MemoryUsage of job (MB)
	4557788  -  ResidentSetSize of job (KB)
...
006 (12419551.018.000) 06/02 23:33:52 Image size of job updated: 4757520
	4647  -  MemoryUsage of job (MB)
	4757520  -  ResidentSetSize of job (KB)
...
006 (12419551.012.000) 06/02 23:33:52 Image size of job updated: 4616028
	4508  -  MemoryUsage of job (MB)
	4616028  -  ResidentSetSize of job (KB)
...
006 (12419551.001.000) 06/02 23:33:52 Image size of job updated: 3987660
	3895  -  MemoryUsage of job (MB)
	3987660  -  ResidentSetSize of job (KB)
...
006 (12419551.005.000) 06/02 23:33:52 Image size of job updated: 4123236
	4027  -  MemoryUsage of job (MB)
	4123236  -  ResidentSetSize of job (KB)
...
006 (12419551.004.000) 06/02 23:33:52 Image size of job updated: 4519016
	4414  -  MemoryUsage of job (MB)
	4519016  -  ResidentSetSize of job (KB)
...
006 (12419551.003.000) 06/02 23:33:52 Image size of job updated: 4092452
	3997  -  MemoryUsage of job (MB)
	4092452  -  ResidentSetSize of job (KB)
...
006 (12419551.013.000) 06/02 23:38:47 Image size of job updated: 6317764
	6170  -  MemoryUsage of job (MB)
	6317764  -  ResidentSetSize of job (KB)
...
006 (12419551.010.000) 06/02 23:38:47 Image size of job updated: 5304464
	5181  -  MemoryUsage of job (MB)
	5304464  -  ResidentSetSize of job (KB)
...
006 (12419551.014.000) 06/02 23:38:47 Image size of job updated: 5680248
	5548  -  MemoryUsage of job (MB)
	5680248  -  ResidentSetSize of job (KB)
...
006 (12419551.022.000) 06/02 23:38:47 Image size of job updated: 5405100
	5279  -  MemoryUsage of job (MB)
	5405100  -  ResidentSetSize of job (KB)
...
006 (12419551.007.000) 06/02 23:38:48 Image size of job updated: 6076740
	5935  -  MemoryUsage of job (MB)
	6076740  -  ResidentSetSize of job (KB)
...
006 (12419551.008.000) 06/02 23:38:48 Image size of job updated: 5476836
	5349  -  MemoryUsage of job (MB)
	5476836  -  ResidentSetSize of job (KB)
...
006 (12419551.015.000) 06/02 23:38:48 Image size of job updated: 6198620
	6054  -  MemoryUsage of job (MB)
	6198620  -  ResidentSetSize of job (KB)
...
006 (12419551.019.000) 06/02 23:38:48 Image size of job updated: 6425720
	6276  -  MemoryUsage of job (MB)
	6425720  -  ResidentSetSize of job (KB)
...
006 (12419551.001.000) 06/02 23:38:53 Image size of job updated: 5346856
	5222  -  MemoryUsage of job (MB)
	5346856  -  ResidentSetSize of job (KB)
...
006 (12419551.005.000) 06/02 23:38:53 Image size of job updated: 5532640
	5403  -  MemoryUsage of job (MB)
	5532640  -  ResidentSetSize of job (KB)
...
006 (12419551.004.000) 06/02 23:38:53 Image size of job updated: 5990228
	5850  -  MemoryUsage of job (MB)
	5990228  -  ResidentSetSize of job (KB)
...
006 (12419551.003.000) 06/02 23:38:53 Image size of job updated: 5394112
	5268  -  MemoryUsage of job (MB)
	5394112  -  ResidentSetSize of job (KB)
...
006 (12419551.021.000) 06/02 23:38:53 Image size of job updated: 6078832
	5937  -  MemoryUsage of job (MB)
	6078832  -  ResidentSetSize of job (KB)
...
006 (12419551.012.000) 06/02 23:38:53 Image size of job updated: 6144468
	6001  -  MemoryUsage of job (MB)
	6144468  -  ResidentSetSize of job (KB)
...
006 (12419551.018.000) 06/02 23:38:53 Image size of job updated: 6397696
	6248  -  MemoryUsage of job (MB)
	6397696  -  ResidentSetSize of job (KB)
...
006 (12419551.013.000) 06/02 23:43:47 Image size of job updated: 7964764
	7779  -  MemoryUsage of job (MB)
	7964764  -  ResidentSetSize of job (KB)
...
006 (12419551.007.000) 06/02 23:43:48 Image size of job updated: 7536424
	7360  -  MemoryUsage of job (MB)
	7536424  -  ResidentSetSize of job (KB)
...
006 (12419551.010.000) 06/02 23:43:48 Image size of job updated: 6613012
	6459  -  MemoryUsage of job (MB)
	6613012  -  ResidentSetSize of job (KB)
...
006 (12419551.022.000) 06/02 23:43:48 Image size of job updated: 6759780
	6602  -  MemoryUsage of job (MB)
	6759780  -  ResidentSetSize of job (KB)
...
006 (12419551.009.000) 06/02 23:43:48 Image size of job updated: 5568276
	5438  -  MemoryUsage of job (MB)
	5568276  -  ResidentSetSize of job (KB)
...
006 (12419551.014.000) 06/02 23:43:48 Image size of job updated: 7073412
	6908  -  MemoryUsage of job (MB)
	7073412  -  ResidentSetSize of job (KB)
...
006 (12419551.019.000) 06/02 23:43:49 Image size of job updated: 8002700
	7816  -  MemoryUsage of job (MB)
	8002700  -  ResidentSetSize of job (KB)
...
006 (12419551.008.000) 06/02 23:43:49 Image size of job updated: 6799320
	6640  -  MemoryUsage of job (MB)
	6799320  -  ResidentSetSize of job (KB)
...
006 (12419551.015.000) 06/02 23:43:49 Image size of job updated: 7746968
	7566  -  MemoryUsage of job (MB)
	7746968  -  ResidentSetSize of job (KB)
...
006 (12419551.001.000) 06/02 23:43:53 Image size of job updated: 6698840
	6542  -  MemoryUsage of job (MB)
	6698840  -  ResidentSetSize of job (KB)
...
006 (12419551.004.000) 06/02 23:43:53 Image size of job updated: 7479856
	7305  -  MemoryUsage of job (MB)
	7479856  -  ResidentSetSize of job (KB)
...
006 (12419551.003.000) 06/02 23:43:53 Image size of job updated: 6776916
	6619  -  MemoryUsage of job (MB)
	6776916  -  ResidentSetSize of job (KB)
...
006 (12419551.005.000) 06/02 23:43:53 Image size of job updated: 6856792
	6697  -  MemoryUsage of job (MB)
	6856792  -  ResidentSetSize of job (KB)
...
006 (12419551.021.000) 06/02 23:43:54 Image size of job updated: 7591512
	7414  -  MemoryUsage of job (MB)
	7591512  -  ResidentSetSize of job (KB)
...
006 (12419551.018.000) 06/02 23:43:54 Image size of job updated: 7980052
	7794  -  MemoryUsage of job (MB)
	7980052  -  ResidentSetSize of job (KB)
...
006 (12419551.012.000) 06/02 23:43:54 Image size of job updated: 7680280
	7501  -  MemoryUsage of job (MB)
	7680280  -  ResidentSetSize of job (KB)
...
006 (12419551.013.000) 06/02 23:48:47 Image size of job updated: 9648388
	9423  -  MemoryUsage of job (MB)
	9648388  -  ResidentSetSize of job (KB)
...
006 (12419551.007.000) 06/02 23:48:48 Image size of job updated: 9096116
	8883  -  MemoryUsage of job (MB)
	9096116  -  ResidentSetSize of job (KB)
...
006 (12419551.010.000) 06/02 23:48:49 Image size of job updated: 7864904
	7681  -  MemoryUsage of job (MB)
	7864904  -  ResidentSetSize of job (KB)
...
006 (12419551.022.000) 06/02 23:48:49 Image size of job updated: 8046712
	7859  -  MemoryUsage of job (MB)
	8046712  -  ResidentSetSize of job (KB)
...
006 (12419551.009.000) 06/02 23:48:49 Image size of job updated: 7299848
	7129  -  MemoryUsage of job (MB)
	7299848  -  ResidentSetSize of job (KB)
...
006 (12419551.014.000) 06/02 23:48:49 Image size of job updated: 8469440
	8271  -  MemoryUsage of job (MB)
	8469440  -  ResidentSetSize of job (KB)
...
006 (12419551.019.000) 06/02 23:48:49 Image size of job updated: 9648388
	9423  -  MemoryUsage of job (MB)
	9648388  -  ResidentSetSize of job (KB)
...
006 (12419551.008.000) 06/02 23:48:50 Image size of job updated: 8111988
	7922  -  MemoryUsage of job (MB)
	8111988  -  ResidentSetSize of job (KB)
...
006 (12419551.015.000) 06/02 23:48:50 Image size of job updated: 9379148
	9160  -  MemoryUsage of job (MB)
	9379148  -  ResidentSetSize of job (KB)
...
006 (12419551.001.000) 06/02 23:48:53 Image size of job updated: 8058044
	7870  -  MemoryUsage of job (MB)
	8058044  -  ResidentSetSize of job (KB)
...
006 (12419551.003.000) 06/02 23:48:54 Image size of job updated: 8196548
	8005  -  MemoryUsage of job (MB)
	8196548  -  ResidentSetSize of job (KB)
...
006 (12419551.004.000) 06/02 23:48:54 Image size of job updated: 9092500
	8880  -  MemoryUsage of job (MB)
	9092500  -  ResidentSetSize of job (KB)
...
006 (12419551.005.000) 06/02 23:48:54 Image size of job updated: 8252480
	8060  -  MemoryUsage of job (MB)
	8252480  -  ResidentSetSize of job (KB)
...
006 (12419551.021.000) 06/02 23:48:54 Image size of job updated: 9250420
	9034  -  MemoryUsage of job (MB)
	9250420  -  ResidentSetSize of job (KB)
...
006 (12419551.018.000) 06/02 23:48:54 Image size of job updated: 9629244
	9404  -  MemoryUsage of job (MB)
	9629244  -  ResidentSetSize of job (KB)
...
006 (12419551.012.000) 06/02 23:48:54 Image size of job updated: 9391392
	9172  -  MemoryUsage of job (MB)
	9391392  -  ResidentSetSize of job (KB)
...
006 (12419551.013.000) 06/02 23:53:49 Image size of job updated: 11185636
	10924  -  MemoryUsage of job (MB)
	11185636  -  ResidentSetSize of job (KB)
...
006 (12419551.007.000) 06/02 23:53:49 Image size of job updated: 10707800
	10457  -  MemoryUsage of job (MB)
	10707800  -  ResidentSetSize of job (KB)
...
006 (12419551.010.000) 06/02 23:53:49 Image size of job updated: 9202796
	8988  -  MemoryUsage of job (MB)
	9202796  -  ResidentSetSize of job (KB)
...
006 (12419551.014.000) 06/02 23:53:49 Image size of job updated: 9965220
	9732  -  MemoryUsage of job (MB)
	9965220  -  ResidentSetSize of job (KB)
...
006 (12419551.022.000) 06/02 23:53:49 Image size of job updated: 9536252
	9313  -  MemoryUsage of job (MB)
	9536252  -  ResidentSetSize of job (KB)
...
006 (12419551.009.000) 06/02 23:53:49 Image size of job updated: 8940764
	8732  -  MemoryUsage of job (MB)
	8940764  -  ResidentSetSize of job (KB)
...
006 (12419551.019.000) 06/02 23:53:49 Image size of job updated: 11297684
	11033  -  MemoryUsage of job (MB)
	11297684  -  ResidentSetSize of job (KB)
...
006 (12419551.008.000) 06/02 23:53:50 Image size of job updated: 9471408
	9250  -  MemoryUsage of job (MB)
	9471408  -  ResidentSetSize of job (KB)
...
006 (12419551.015.000) 06/02 23:53:50 Image size of job updated: 10910872
	10656  -  MemoryUsage of job (MB)
	10910872  -  ResidentSetSize of job (KB)
...
006 (12419551.001.000) 06/02 23:53:54 Image size of job updated: 9523840
	9301  -  MemoryUsage of job (MB)
	9523840  -  ResidentSetSize of job (KB)
...
006 (12419551.004.000) 06/02 23:53:54 Image size of job updated: 10588072
	10340  -  MemoryUsage of job (MB)
	10588072  -  ResidentSetSize of job (KB)
...
006 (12419551.003.000) 06/02 23:53:54 Image size of job updated: 9583200
	9359  -  MemoryUsage of job (MB)
	9583200  -  ResidentSetSize of job (KB)
...
006 (12419551.005.000) 06/02 23:53:54 Image size of job updated: 9773524
	9545  -  MemoryUsage of job (MB)
	9773524  -  ResidentSetSize of job (KB)
...
006 (12419551.018.000) 06/02 23:53:55 Image size of job updated: 11275384
	11012  -  MemoryUsage of job (MB)
	11275384  -  ResidentSetSize of job (KB)
...
006 (12419551.012.000) 06/02 23:53:55 Image size of job updated: 10893588
	10639  -  MemoryUsage of job (MB)
	10893588  -  ResidentSetSize of job (KB)
...
006 (12419551.021.000) 06/02 23:53:55 Image size of job updated: 10831464
	10578  -  MemoryUsage of job (MB)
	10831464  -  ResidentSetSize of job (KB)
...
006 (12419551.013.000) 06/02 23:58:49 Image size of job updated: 12829456
	12529  -  MemoryUsage of job (MB)
	12829456  -  ResidentSetSize of job (KB)
...
006 (12419551.007.000) 06/02 23:58:49 Image size of job updated: 12267940
	11981  -  MemoryUsage of job (MB)
	12267940  -  ResidentSetSize of job (KB)
...
006 (12419551.019.000) 06/02 23:58:50 Image size of job updated: 12878220
	12577  -  MemoryUsage of job (MB)
	12878220  -  ResidentSetSize of job (KB)
...
006 (12419551.015.000) 06/02 23:58:50 Image size of job updated: 12425932
	12135  -  MemoryUsage of job (MB)
	12425932  -  ResidentSetSize of job (KB)
...
006 (12419551.010.000) 06/02 23:58:50 Image size of job updated: 10522708
	10277  -  MemoryUsage of job (MB)
	10522708  -  ResidentSetSize of job (KB)
...
006 (12419551.008.000) 06/02 23:58:50 Image size of job updated: 10805404
	10553  -  MemoryUsage of job (MB)
	10805404  -  ResidentSetSize of job (KB)
...
006 (12419551.014.000) 06/02 23:58:50 Image size of job updated: 11364688
	11099  -  MemoryUsage of job (MB)
	11364688  -  ResidentSetSize of job (KB)
...
006 (12419551.022.000) 06/02 23:58:50 Image size of job updated: 10921900
	10666  -  MemoryUsage of job (MB)
	10921900  -  ResidentSetSize of job (KB)
...
006 (12419551.009.000) 06/02 23:58:50 Image size of job updated: 10450908
	10206  -  MemoryUsage of job (MB)
	10450908  -  ResidentSetSize of job (KB)
...
006 (12419551.001.000) 06/02 23:58:54 Image size of job updated: 10889476
	10635  -  MemoryUsage of job (MB)
	10889476  -  ResidentSetSize of job (KB)
...
006 (12419551.004.000) 06/02 23:58:54 Image size of job updated: 12119840
	11836  -  MemoryUsage of job (MB)
	12119840  -  ResidentSetSize of job (KB)
...
006 (12419551.003.000) 06/02 23:58:54 Image size of job updated: 10977840
	10721  -  MemoryUsage of job (MB)
	10977840  -  ResidentSetSize of job (KB)
...
006 (12419551.005.000) 06/02 23:58:55 Image size of job updated: 11186404
	10925  -  MemoryUsage of job (MB)
	11186404  -  ResidentSetSize of job (KB)
...
006 (12419551.018.000) 06/02 23:58:55 Image size of job updated: 12858796
	12558  -  MemoryUsage of job (MB)
	12858796  -  ResidentSetSize of job (KB)
...
006 (12419551.012.000) 06/02 23:58:55 Image size of job updated: 12486672
	12195  -  MemoryUsage of job (MB)
	12486672  -  ResidentSetSize of job (KB)
...
006 (12419551.021.000) 06/02 23:58:56 Image size of job updated: 12394112
	12104  -  MemoryUsage of job (MB)
	12394112  -  ResidentSetSize of job (KB)
...
006 (12419551.013.000) 06/03 00:03:49 Image size of job updated: 14417080
	14080  -  MemoryUsage of job (MB)
	14417080  -  ResidentSetSize of job (KB)
...
006 (12419551.007.000) 06/03 00:03:49 Image size of job updated: 13762452
	13440  -  MemoryUsage of job (MB)
	13762452  -  ResidentSetSize of job (KB)
...
006 (12419551.019.000) 06/03 00:03:50 Image size of job updated: 14423944
	14086  -  MemoryUsage of job (MB)
	14423944  -  ResidentSetSize of job (KB)
...
006 (12419551.010.000) 06/03 00:03:51 Image size of job updated: 11772800
	11497  -  MemoryUsage of job (MB)
	11772800  -  ResidentSetSize of job (KB)
...
006 (12419551.015.000) 06/03 00:03:51 Image size of job updated: 13946404
	13620  -  MemoryUsage of job (MB)
	13946404  -  ResidentSetSize of job (KB)
...
006 (12419551.008.000) 06/03 00:03:51 Image size of job updated: 12138740
	11855  -  MemoryUsage of job (MB)
	12138740  -  ResidentSetSize of job (KB)
...
006 (12419551.014.000) 06/03 00:03:51 Image size of job updated: 12688196
	12391  -  MemoryUsage of job (MB)
	12688196  -  ResidentSetSize of job (KB)
...
006 (12419551.022.000) 06/03 00:03:51 Image size of job updated: 12300848
	12013  -  MemoryUsage of job (MB)
	12300848  -  ResidentSetSize of job (KB)
...
006 (12419551.009.000) 06/03 00:03:51 Image size of job updated: 12112828
	11829  -  MemoryUsage of job (MB)
	12112828  -  ResidentSetSize of job (KB)
...
006 (12419551.001.000) 06/03 00:03:55 Image size of job updated: 12221580
	11936  -  MemoryUsage of job (MB)
	12221580  -  ResidentSetSize of job (KB)
...
006 (12419551.003.000) 06/03 00:03:55 Image size of job updated: 12319944
	12032  -  MemoryUsage of job (MB)
	12319944  -  ResidentSetSize of job (KB)
...
006 (12419551.004.000) 06/03 00:03:55 Image size of job updated: 13614572
	13296  -  MemoryUsage of job (MB)
	13614572  -  ResidentSetSize of job (KB)
...
006 (12419551.005.000) 06/03 00:03:55 Image size of job updated: 12491024
	12199  -  MemoryUsage of job (MB)
	12491024  -  ResidentSetSize of job (KB)
...
006 (12419551.018.000) 06/03 00:03:55 Image size of job updated: 14496104
	14157  -  MemoryUsage of job (MB)
	14496104  -  ResidentSetSize of job (KB)
...
006 (12419551.012.000) 06/03 00:03:55 Image size of job updated: 14030036
	13702  -  MemoryUsage of job (MB)
	14030036  -  ResidentSetSize of job (KB)
...
006 (12419551.021.000) 06/03 00:03:56 Image size of job updated: 13907540
	13582  -  MemoryUsage of job (MB)
	13907540  -  ResidentSetSize of job (KB)
...
006 (12419551.019.000) 06/03 00:08:50 Image size of job updated: 16062832
	15687  -  MemoryUsage of job (MB)
	16062832  -  ResidentSetSize of job (KB)
...
006 (12419551.013.000) 06/03 00:08:50 Image size of job updated: 15954820
	15581  -  MemoryUsage of job (MB)
	15954820  -  ResidentSetSize of job (KB)
...
006 (12419551.007.000) 06/03 00:08:50 Image size of job updated: 15332996
	14974  -  MemoryUsage of job (MB)
	15332996  -  ResidentSetSize of job (KB)
...
006 (12419551.010.000) 06/03 00:08:51 Image size of job updated: 13096408
	12790  -  MemoryUsage of job (MB)
	13096408  -  ResidentSetSize of job (KB)
...
006 (12419551.008.000) 06/03 00:08:51 Image size of job updated: 13463624
	13149  -  MemoryUsage of job (MB)
	13463624  -  ResidentSetSize of job (KB)
...
006 (12419551.015.000) 06/03 00:08:51 Image size of job updated: 15461272
	15099  -  MemoryUsage of job (MB)
	15461272  -  ResidentSetSize of job (KB)
...
006 (12419551.014.000) 06/03 00:08:51 Image size of job updated: 14074192
	13745  -  MemoryUsage of job (MB)
	14074192  -  ResidentSetSize of job (KB)
...
006 (12419551.022.000) 06/03 00:08:51 Image size of job updated: 13664708
	13345  -  MemoryUsage of job (MB)
	13664708  -  ResidentSetSize of job (KB)
...
006 (12419551.009.000) 06/03 00:08:51 Image size of job updated: 13773796
	13451  -  MemoryUsage of job (MB)
	13773796  -  ResidentSetSize of job (KB)
...
006 (12419551.001.000) 06/03 00:08:55 Image size of job updated: 13483932
	13168  -  MemoryUsage of job (MB)
	13483932  -  ResidentSetSize of job (KB)
...
006 (12419551.003.000) 06/03 00:08:55 Image size of job updated: 13674216
	13354  -  MemoryUsage of job (MB)
	13674216  -  ResidentSetSize of job (KB)
...
006 (12419551.004.000) 06/03 00:08:55 Image size of job updated: 15104948
	14751  -  MemoryUsage of job (MB)
	15104948  -  ResidentSetSize of job (KB)
...
006 (12419551.005.000) 06/03 00:08:56 Image size of job updated: 13907348
	13582  -  MemoryUsage of job (MB)
	13907348  -  ResidentSetSize of job (KB)
...
006 (12419551.012.000) 06/03 00:08:56 Image size of job updated: 15533460
	15170  -  MemoryUsage of job (MB)
	15533460  -  ResidentSetSize of job (KB)
...
006 (12419551.018.000) 06/03 00:08:56 Image size of job updated: 16074468
	15698  -  MemoryUsage of job (MB)
	16074468  -  ResidentSetSize of job (KB)
...
006 (12419551.021.000) 06/03 00:08:56 Image size of job updated: 15420624
	15060  -  MemoryUsage of job (MB)
	15420624  -  ResidentSetSize of job (KB)
...
040 (12419551.010.000) 06/03 00:09:33 Entered queue to transfer output files
...
006 (12419551.013.000) 06/03 00:13:51 Image size of job updated: 17681820
	17268  -  MemoryUsage of job (MB)
	17681820  -  ResidentSetSize of job (KB)
...
006 (12419551.007.000) 06/03 00:13:51 Image size of job updated: 16830328
	16436  -  MemoryUsage of job (MB)
	16830328  -  ResidentSetSize of job (KB)
...
006 (12419551.008.000) 06/03 00:13:51 Image size of job updated: 14803232
	14457  -  MemoryUsage of job (MB)
	14803232  -  ResidentSetSize of job (KB)
...
006 (12419551.015.000) 06/03 00:13:51 Image size of job updated: 17040836
	16642  -  MemoryUsage of job (MB)
	17040836  -  ResidentSetSize of job (KB)
...
006 (12419551.014.000) 06/03 00:13:51 Image size of job updated: 15410216
	15050  -  MemoryUsage of job (MB)
	15410216  -  ResidentSetSize of job (KB)
...
006 (12419551.019.000) 06/03 00:13:51 Image size of job updated: 17641496
	17229  -  MemoryUsage of job (MB)
	17641496  -  ResidentSetSize of job (KB)
...
006 (12419551.022.000) 06/03 00:13:52 Image size of job updated: 15034056
	14682  -  MemoryUsage of job (MB)
	15034056  -  ResidentSetSize of job (KB)
...
006 (12419551.009.000) 06/03 00:13:52 Image size of job updated: 15340468
	14981  -  MemoryUsage of job (MB)
	15340468  -  ResidentSetSize of job (KB)
...
006 (12419551.001.000) 06/03 00:13:56 Image size of job updated: 14844672
	14497  -  MemoryUsage of job (MB)
	14844672  -  ResidentSetSize of job (KB)
...
006 (12419551.003.000) 06/03 00:13:56 Image size of job updated: 15066152
	14714  -  MemoryUsage of job (MB)
	15066152  -  ResidentSetSize of job (KB)
...
006 (12419551.004.000) 06/03 00:13:56 Image size of job updated: 16665608
	16276  -  MemoryUsage of job (MB)
	16665608  -  ResidentSetSize of job (KB)
...
006 (12419551.005.000) 06/03 00:13:56 Image size of job updated: 15210384
	14854  -  MemoryUsage of job (MB)
	15210384  -  ResidentSetSize of job (KB)
...
006 (12419551.012.000) 06/03 00:13:56 Image size of job updated: 17130940
	16730  -  MemoryUsage of job (MB)
	17130940  -  ResidentSetSize of job (KB)
...
006 (12419551.018.000) 06/03 00:13:56 Image size of job updated: 17715476
	17301  -  MemoryUsage of job (MB)
	17715476  -  ResidentSetSize of job (KB)
...
006 (12419551.021.000) 06/03 00:13:57 Image size of job updated: 17025848
	16627  -  MemoryUsage of job (MB)
	17025848  -  ResidentSetSize of job (KB)
...
006 (12419551.013.000) 06/03 00:18:51 Image size of job updated: 19232412
	18782  -  MemoryUsage of job (MB)
	19232412  -  ResidentSetSize of job (KB)
...
006 (12419551.007.000) 06/03 00:18:51 Image size of job updated: 18382968
	17953  -  MemoryUsage of job (MB)
	18382968  -  ResidentSetSize of job (KB)
...
006 (12419551.015.000) 06/03 00:18:52 Image size of job updated: 18539276
	18105  -  MemoryUsage of job (MB)
	18539276  -  ResidentSetSize of job (KB)
...
006 (12419551.014.000) 06/03 00:18:52 Image size of job updated: 16711636
	16320  -  MemoryUsage of job (MB)
	16711636  -  ResidentSetSize of job (KB)
...
006 (12419551.019.000) 06/03 00:18:52 Image size of job updated: 19250008
	18799  -  MemoryUsage of job (MB)
	19250008  -  ResidentSetSize of job (KB)
...
006 (12419551.008.000) 06/03 00:18:52 Image size of job updated: 16137488
	15760  -  MemoryUsage of job (MB)
	16137488  -  ResidentSetSize of job (KB)
...
006 (12419551.022.000) 06/03 00:18:53 Image size of job updated: 16326340
	15944  -  MemoryUsage of job (MB)
	16326340  -  ResidentSetSize of job (KB)
...
006 (12419551.009.000) 06/03 00:18:53 Image size of job updated: 16925508
	16529  -  MemoryUsage of job (MB)
	16925508  -  ResidentSetSize of job (KB)
...
006 (12419551.001.000) 06/03 00:18:56 Image size of job updated: 16180368
	15802  -  MemoryUsage of job (MB)
	16180368  -  ResidentSetSize of job (KB)
...
006 (12419551.003.000) 06/03 00:18:56 Image size of job updated: 16520288
	16134  -  MemoryUsage of job (MB)
	16520288  -  ResidentSetSize of job (KB)
...
006 (12419551.004.000) 06/03 00:18:56 Image size of job updated: 18150844
	17726  -  MemoryUsage of job (MB)
	18150844  -  ResidentSetSize of job (KB)
...
006 (12419551.005.000) 06/03 00:18:56 Image size of job updated: 16616256
	16227  -  MemoryUsage of job (MB)
	16616256  -  ResidentSetSize of job (KB)
...
006 (12419551.021.000) 06/03 00:18:57 Image size of job updated: 18602184
	18167  -  MemoryUsage of job (MB)
	18602184  -  ResidentSetSize of job (KB)
...
006 (12419551.012.000) 06/03 00:18:57 Image size of job updated: 18741244
	18302  -  MemoryUsage of job (MB)
	18741244  -  ResidentSetSize of job (KB)
...
006 (12419551.018.000) 06/03 00:18:57 Image size of job updated: 19358312
	18905  -  MemoryUsage of job (MB)
	19358312  -  ResidentSetSize of job (KB)
...
006 (12419551.001.000) 06/03 00:20:53 Image size of job updated: 16580504
	15802  -  MemoryUsage of job (MB)
	16180368  -  ResidentSetSize of job (KB)
...
040 (12419551.001.000) 06/03 00:20:59 Entered queue to transfer output files
...
006 (12419551.013.000) 06/03 00:23:51 Image size of job updated: 20770680
	20284  -  MemoryUsage of job (MB)
	20770680  -  ResidentSetSize of job (KB)
...
006 (12419551.015.000) 06/03 00:23:52 Image size of job updated: 20045996
	19577  -  MemoryUsage of job (MB)
	20045996  -  ResidentSetSize of job (KB)
...
006 (12419551.014.000) 06/03 00:23:52 Image size of job updated: 18096188
	17673  -  MemoryUsage of job (MB)
	18096188  -  ResidentSetSize of job (KB)
...
006 (12419551.019.000) 06/03 00:23:52 Image size of job updated: 20794824
	20308  -  MemoryUsage of job (MB)
	20794824  -  ResidentSetSize of job (KB)
...
006 (12419551.007.000) 06/03 00:23:52 Image size of job updated: 19953436
	19486  -  MemoryUsage of job (MB)
	19953436  -  ResidentSetSize of job (KB)
...
006 (12419551.008.000) 06/03 00:23:53 Image size of job updated: 17478184
	17069  -  MemoryUsage of job (MB)
	17478184  -  ResidentSetSize of job (KB)
...
006 (12419551.022.000) 06/03 00:23:53 Image size of job updated: 17758668
	17343  -  MemoryUsage of job (MB)
	17758668  -  ResidentSetSize of job (KB)
...
006 (12419551.009.000) 06/03 00:23:53 Image size of job updated: 18511956
	18079  -  MemoryUsage of job (MB)
	18511956  -  ResidentSetSize of job (KB)
...
006 (12419551.003.000) 06/03 00:23:57 Image size of job updated: 17906420
	17487  -  MemoryUsage of job (MB)
	17906420  -  ResidentSetSize of job (KB)
...
006 (12419551.004.000) 06/03 00:23:57 Image size of job updated: 19633784
	19174  -  MemoryUsage of job (MB)
	19633784  -  ResidentSetSize of job (KB)
...
006 (12419551.005.000) 06/03 00:23:57 Image size of job updated: 18105316
	17681  -  MemoryUsage of job (MB)
	18105316  -  ResidentSetSize of job (KB)
...
006 (12419551.021.000) 06/03 00:23:57 Image size of job updated: 20139652
	19668  -  MemoryUsage of job (MB)
	20139652  -  ResidentSetSize of job (KB)
...
006 (12419551.018.000) 06/03 00:23:58 Image size of job updated: 20912740
	20423  -  MemoryUsage of job (MB)
	20912740  -  ResidentSetSize of job (KB)
...
006 (12419551.012.000) 06/03 00:23:58 Image size of job updated: 20234260
	19761  -  MemoryUsage of job (MB)
	20234260  -  ResidentSetSize of job (KB)
...
006 (12419551.004.000) 06/03 00:26:35 Image size of job updated: 20368564
	19174  -  MemoryUsage of job (MB)
	19633784  -  ResidentSetSize of job (KB)
...
040 (12419551.004.000) 06/03 00:26:40 Entered queue to transfer output files
...
006 (12419551.013.000) 06/03 00:28:52 Image size of job updated: 22424640
	21900  -  MemoryUsage of job (MB)
	22424640  -  ResidentSetSize of job (KB)
...
006 (12419551.015.000) 06/03 00:28:52 Image size of job updated: 21563976
	21059  -  MemoryUsage of job (MB)
	21563976  -  ResidentSetSize of job (KB)
...
006 (12419551.014.000) 06/03 00:28:52 Image size of job updated: 19505252
	19049  -  MemoryUsage of job (MB)
	19505252  -  ResidentSetSize of job (KB)
...
006 (12419551.007.000) 06/03 00:28:53 Image size of job updated: 21457964
	20956  -  MemoryUsage of job (MB)
	21457964  -  ResidentSetSize of job (KB)
...
006 (12419551.008.000) 06/03 00:28:53 Image size of job updated: 18891848
	18450  -  MemoryUsage of job (MB)
	18891848  -  ResidentSetSize of job (KB)
...
006 (12419551.022.000) 06/03 00:28:53 Image size of job updated: 19047000
	18601  -  MemoryUsage of job (MB)
	19047000  -  ResidentSetSize of job (KB)
...
006 (12419551.009.000) 06/03 00:28:53 Image size of job updated: 20150688
	19679  -  MemoryUsage of job (MB)
	20150688  -  ResidentSetSize of job (KB)
...
006 (12419551.019.000) 06/03 00:28:53 Image size of job updated: 22449504
	21924  -  MemoryUsage of job (MB)
	22449504  -  ResidentSetSize of job (KB)
...
006 (12419551.003.000) 06/03 00:28:57 Image size of job updated: 19292356
	18841  -  MemoryUsage of job (MB)
	19292356  -  ResidentSetSize of job (KB)
...
006 (12419551.005.000) 06/03 00:28:57 Image size of job updated: 19509444
	19053  -  MemoryUsage of job (MB)
	19509444  -  ResidentSetSize of job (KB)
...
006 (12419551.021.000) 06/03 00:28:58 Image size of job updated: 21664132
	21157  -  MemoryUsage of job (MB)
	21664132  -  ResidentSetSize of job (KB)
...
006 (12419551.012.000) 06/03 00:28:58 Image size of job updated: 21833444
	21322  -  MemoryUsage of job (MB)
	21833444  -  ResidentSetSize of job (KB)
...
006 (12419551.018.000) 06/03 00:28:58 Image size of job updated: 22547456
	22019  -  MemoryUsage of job (MB)
	22547456  -  ResidentSetSize of job (KB)
...
006 (12419551.013.000) 06/03 00:33:52 Image size of job updated: 24005524
	23443  -  MemoryUsage of job (MB)
	24005524  -  ResidentSetSize of job (KB)
...
006 (12419551.014.000) 06/03 00:33:53 Image size of job updated: 20795524
	20309  -  MemoryUsage of job (MB)
	20795524  -  ResidentSetSize of job (KB)
...
006 (12419551.007.000) 06/03 00:33:53 Image size of job updated: 23014268
	22475  -  MemoryUsage of job (MB)
	23014268  -  ResidentSetSize of job (KB)
...
006 (12419551.015.000) 06/03 00:33:53 Image size of job updated: 23104368
	22563  -  MemoryUsage of job (MB)
	23104368  -  ResidentSetSize of job (KB)
...
006 (12419551.009.000) 06/03 00:33:54 Image size of job updated: 21745328
	21236  -  MemoryUsage of job (MB)
	21745328  -  ResidentSetSize of job (KB)
...
006 (12419551.019.000) 06/03 00:33:54 Image size of job updated: 24037248
	23474  -  MemoryUsage of job (MB)
	24037248  -  ResidentSetSize of job (KB)
...
006 (12419551.008.000) 06/03 00:33:54 Image size of job updated: 20218416
	19745  -  MemoryUsage of job (MB)
	20218416  -  ResidentSetSize of job (KB)
...
006 (12419551.022.000) 06/03 00:33:54 Image size of job updated: 20428292
	19950  -  MemoryUsage of job (MB)
	20428292  -  ResidentSetSize of job (KB)
...
006 (12419551.003.000) 06/03 00:33:57 Image size of job updated: 20680684
	20196  -  MemoryUsage of job (MB)
	20680684  -  ResidentSetSize of job (KB)
...
006 (12419551.021.000) 06/03 00:33:58 Image size of job updated: 23220208
	22676  -  MemoryUsage of job (MB)
	23220208  -  ResidentSetSize of job (KB)
...
006 (12419551.005.000) 06/03 00:33:58 Image size of job updated: 20916812
	20427  -  MemoryUsage of job (MB)
	20916812  -  ResidentSetSize of job (KB)
...
006 (12419551.018.000) 06/03 00:33:59 Image size of job updated: 24134172
	23569  -  MemoryUsage of job (MB)
	24134172  -  ResidentSetSize of job (KB)
...
006 (12419551.012.000) 06/03 00:33:59 Image size of job updated: 23360704
	22814  -  MemoryUsage of job (MB)
	23360704  -  ResidentSetSize of job (KB)
...
040 (12419551.004.000) 06/03 00:35:37 Started transferring output files
	Seconds spent in queue: 7846
...
040 (12419551.004.000) 06/03 00:35:37 Finished transferring output files
...
005 (12419551.004.000) 06/03 00:35:37 Job terminated.
	(1) Normal termination (return value 0)
		Usr 0 00:04:55, Sys 0 00:00:41  -  Run Remote Usage
		Usr 0 00:00:00, Sys 0 00:00:00  -  Run Local Usage
		Usr 0 00:04:55, Sys 0 00:00:41  -  Total Remote Usage
		Usr 0 00:00:00, Sys 0 00:00:00  -  Total Local Usage
	59774  -  Run Bytes Sent By Job
	10846  -  Run Bytes Received By Job
	59774  -  Total Bytes Sent By Job
	10846  -  Total Bytes Received By Job
	Partitionable Resources :    Usage  Request Allocated 
	   Cpus                 :        0        4         4 
	   Disk (KB)            :      135        1      3572 
	   GPUs                 :                           0 
	   Memory (MB)          :    19174    12000     12000 

	Job terminated of its own accord at 2025-06-02T22:26:35Z with exit-code 0.
...
006 (12419551.013.000) 06/03 00:38:52 Image size of job updated: 25550500
	24952  -  MemoryUsage of job (MB)
	25550500  -  ResidentSetSize of job (KB)
...
006 (12419551.014.000) 06/03 00:38:53 Image size of job updated: 22179100
	21660  -  MemoryUsage of job (MB)
	22179100  -  ResidentSetSize of job (KB)
...
006 (12419551.007.000) 06/03 00:38:53 Image size of job updated: 24512036
	23938  -  MemoryUsage of job (MB)
	24512036  -  ResidentSetSize of job (KB)
...
006 (12419551.015.000) 06/03 00:38:54 Image size of job updated: 24609052
	24033  -  MemoryUsage of job (MB)
	24609052  -  ResidentSetSize of job (KB)
...
006 (12419551.019.000) 06/03 00:38:54 Image size of job updated: 25582932
	24984  -  MemoryUsage of job (MB)
	25582932  -  ResidentSetSize of job (KB)
...
006 (12419551.008.000) 06/03 00:38:55 Image size of job updated: 21548992
	21044  -  MemoryUsage of job (MB)
	21548992  -  ResidentSetSize of job (KB)
...
006 (12419551.022.000) 06/03 00:38:55 Image size of job updated: 21808416
	21298  -  MemoryUsage of job (MB)
	21808416  -  ResidentSetSize of job (KB)
...
006 (12419551.003.000) 06/03 00:38:58 Image size of job updated: 22077164
	21560  -  MemoryUsage of job (MB)
	22077164  -  ResidentSetSize of job (KB)
...
006 (12419551.021.000) 06/03 00:38:58 Image size of job updated: 24439808
	23199  -  MemoryUsage of job (MB)
	23754948  -  ResidentSetSize of job (KB)
...
006 (12419551.005.000) 06/03 00:38:59 Image size of job updated: 22310236
	21788  -  MemoryUsage of job (MB)
	22310236  -  ResidentSetSize of job (KB)
...
006 (12419551.012.000) 06/03 00:39:00 Image size of job updated: 24953828
	24369  -  MemoryUsage of job (MB)
	24953828  -  ResidentSetSize of job (KB)
...
006 (12419551.018.000) 06/03 00:39:00 Image size of job updated: 25689152
	25088  -  MemoryUsage of job (MB)
	25689152  -  ResidentSetSize of job (KB)
...
040 (12419551.001.000) 06/03 00:40:00 Started transferring output files
	Seconds spent in queue: 8111
...
040 (12419551.001.000) 06/03 00:40:00 Finished transferring output files
...
005 (12419551.001.000) 06/03 00:40:00 Job terminated.
	(1) Normal termination (return value 0)
		Usr 0 00:03:30, Sys 0 00:00:35  -  Run Remote Usage
		Usr 0 00:00:00, Sys 0 00:00:00  -  Run Local Usage
		Usr 0 00:03:30, Sys 0 00:00:35  -  Total Remote Usage
		Usr 0 00:00:00, Sys 0 00:00:00  -  Total Local Usage
	58458  -  Run Bytes Sent By Job
	10846  -  Run Bytes Received By Job
	58458  -  Total Bytes Sent By Job
	10846  -  Total Bytes Received By Job
	Partitionable Resources :    Usage  Request Allocated 
	   Cpus                 :        0        4         4 
	   Disk (KB)            :      136        1      3734 
	   GPUs                 :                           0 
	   Memory (MB)          :    15802    12000     12000 

	Job terminated of its own accord at 2025-06-02T22:20:53Z with exit-code 0.
...
006 (12419551.005.000) 06/03 00:41:28 Image size of job updated: 22859828
	21788  -  MemoryUsage of job (MB)
	22310236  -  ResidentSetSize of job (KB)
...
040 (12419551.005.000) 06/03 00:41:28 Started transferring output files
	Seconds spent in queue: 8197
...
040 (12419551.005.000) 06/03 00:41:28 Finished transferring output files
...
005 (12419551.005.000) 06/03 00:41:28 Job terminated.
	(1) Normal termination (return value 0)
		Usr 0 00:05:14, Sys 0 00:00:51  -  Run Remote Usage
		Usr 0 00:00:00, Sys 0 00:00:00  -  Run Local Usage
		Usr 0 00:05:14, Sys 0 00:00:51  -  Total Remote Usage
		Usr 0 00:00:00, Sys 0 00:00:00  -  Total Local Usage
	60754  -  Run Bytes Sent By Job
	10846  -  Run Bytes Received By Job
	60754  -  Total Bytes Sent By Job
	10846  -  Total Bytes Received By Job
	Partitionable Resources :    Usage  Request Allocated 
	   Cpus                 :     0.10        4         4 
	   Disk (KB)            :   138           1      3658 
	   GPUs                 :                           0 
	   Memory (MB)          : 21788       12000     12000 

	Job terminated of its own accord at 2025-06-02T22:41:28Z with exit-code 0.
...
040 (12419551.014.000) 06/03 00:42:22 Started transferring output files
	Seconds spent in queue: 8207
...
040 (12419551.014.000) 06/03 00:42:22 Finished transferring output files
...
005 (12419551.014.000) 06/03 00:42:22 Job terminated.
	(1) Normal termination (return value 0)
		Usr 0 00:05:18, Sys 0 00:00:55  -  Run Remote Usage
		Usr 0 00:00:00, Sys 0 00:00:00  -  Run Local Usage
		Usr 0 00:05:18, Sys 0 00:00:55  -  Total Remote Usage
		Usr 0 00:00:00, Sys 0 00:00:00  -  Total Local Usage
	60686  -  Run Bytes Sent By Job
	10846  -  Run Bytes Received By Job
	60686  -  Total Bytes Sent By Job
	10846  -  Total Bytes Received By Job
	Partitionable Resources :    Usage  Request Allocated 
	   Cpus                 :     0.11        4         4 
	   Disk (KB)            :   138           1      3500 
	   GPUs                 :                           0 
	   Memory (MB)          : 21660       12000     12000 

	Job terminated of its own accord at 2025-06-02T22:42:21Z with exit-code 0.
...
040 (12419551.010.000) 06/03 00:43:28 Started transferring output files
	Seconds spent in queue: 8276
...
040 (12419551.010.000) 06/03 00:43:29 Finished transferring output files
...
005 (12419551.010.000) 06/03 00:43:29 Job terminated.
	(1) Normal termination (return value 0)
		Usr 0 00:03:28, Sys 0 00:00:32  -  Run Remote Usage
		Usr 0 00:00:00, Sys 0 00:00:00  -  Run Local Usage
		Usr 0 00:03:28, Sys 0 00:00:32  -  Total Remote Usage
		Usr 0 00:00:00, Sys 0 00:00:00  -  Total Local Usage
	55631  -  Run Bytes Sent By Job
	10846  -  Run Bytes Received By Job
	55631  -  Total Bytes Sent By Job
	10846  -  Total Bytes Received By Job
	Partitionable Resources :    Usage  Request Allocated 
	   Cpus                 :        0        4         4 
	   Disk (KB)            :      131        1      3741 
	   GPUs                 :                           0 
	   Memory (MB)          :    12790    12000     12000 

	Job terminated of its own accord at 2025-06-02T22:09:28Z with exit-code 0.
...
006 (12419551.013.000) 06/03 00:43:53 Image size of job updated: 27203296
	26566  -  MemoryUsage of job (MB)
	27203296  -  ResidentSetSize of job (KB)
...
006 (12419551.015.000) 06/03 00:43:54 Image size of job updated: 26111824
	25500  -  MemoryUsage of job (MB)
	26111824  -  ResidentSetSize of job (KB)
...
006 (12419551.019.000) 06/03 00:43:54 Image size of job updated: 27242836
	26605  -  MemoryUsage of job (MB)
	27242836  -  ResidentSetSize of job (KB)
...
006 (12419551.008.000) 06/03 00:43:55 Image size of job updated: 22969568
	22432  -  MemoryUsage of job (MB)
	22969568  -  ResidentSetSize of job (KB)
...
006 (12419551.022.000) 06/03 00:43:55 Image size of job updated: 23160880
	22619  -  MemoryUsage of job (MB)
	23160880  -  ResidentSetSize of job (KB)
...
006 (12419551.003.000) 06/03 00:43:58 Image size of job updated: 23470620
	22921  -  MemoryUsage of job (MB)
	23470620  -  ResidentSetSize of job (KB)
...
006 (12419551.021.000) 06/03 00:43:59 Image size of job updated: 24439808
	23236  -  MemoryUsage of job (MB)
	23793048  -  ResidentSetSize of job (KB)
...
006 (12419551.012.000) 06/03 00:44:00 Image size of job updated: 26489332
	25869  -  MemoryUsage of job (MB)
	26489332  -  ResidentSetSize of job (KB)
...
006 (12419551.018.000) 06/03 00:44:00 Image size of job updated: 27240808
	26603  -  MemoryUsage of job (MB)
	27240808  -  ResidentSetSize of job (KB)
...
040 (12419551.013.000) 06/03 00:44:36 Entered queue to transfer output files
...
040 (12419551.013.000) 06/03 00:44:54 Started transferring output files
	Seconds spent in queue: 8361
...
040 (12419551.013.000) 06/03 00:44:54 Finished transferring output files
...
005 (12419551.013.000) 06/03 00:44:54 Job terminated.
	(1) Normal termination (return value 0)
		Usr 0 00:05:34, Sys 0 00:01:00  -  Run Remote Usage
		Usr 0 00:00:00, Sys 0 00:00:00  -  Run Local Usage
		Usr 0 00:05:34, Sys 0 00:01:00  -  Total Remote Usage
		Usr 0 00:00:00, Sys 0 00:00:00  -  Total Local Usage
	62296  -  Run Bytes Sent By Job
	10846  -  Run Bytes Received By Job
	62296  -  Total Bytes Sent By Job
	10846  -  Total Bytes Received By Job
	Partitionable Resources :    Usage  Request Allocated 
	   Cpus                 :     0.20        4         4 
	   Disk (KB)            :   137           1      3763 
	   GPUs                 :                           0 
	   Memory (MB)          : 26566       12000     12000 

	Job terminated of its own accord at 2025-06-02T22:44:31Z with exit-code 0.
...
040 (12419551.015.000) 06/03 00:46:20 Entered queue to transfer output files
...
040 (12419551.015.000) 06/03 00:46:33 Started transferring output files
	Seconds spent in queue: 8458
...
040 (12419551.015.000) 06/03 00:46:33 Finished transferring output files
...
005 (12419551.015.000) 06/03 00:46:33 Job terminated.
	(1) Normal termination (return value 0)
		Usr 0 00:06:47, Sys 0 00:00:58  -  Run Remote Usage
		Usr 0 00:00:00, Sys 0 00:00:00  -  Run Local Usage
		Usr 0 00:06:47, Sys 0 00:00:58  -  Total Remote Usage
		Usr 0 00:00:00, Sys 0 00:00:00  -  Total Local Usage
	60357  -  Run Bytes Sent By Job
	10846  -  Run Bytes Received By Job
	60357  -  Total Bytes Sent By Job
	10846  -  Total Bytes Received By Job
	Partitionable Resources :    Usage  Request Allocated 
	   Cpus                 :     0.09        4         4 
	   Disk (KB)            :   135           1      3741 
	   GPUs                 :                           0 
	   Memory (MB)          : 25500       12000     12000 

	Job terminated of its own accord at 2025-06-02T22:46:15Z with exit-code 0.
...
006 (12419551.018.000) 06/03 00:46:43 Image size of job updated: 28067964
	26603  -  MemoryUsage of job (MB)
	27240808  -  ResidentSetSize of job (KB)
...
040 (12419551.018.000) 06/03 00:46:48 Entered queue to transfer output files
...
040 (12419551.018.000) 06/03 00:46:50 Started transferring output files
	Seconds spent in queue: 8473
...
040 (12419551.018.000) 06/03 00:46:50 Finished transferring output files
...
005 (12419551.018.000) 06/03 00:46:51 Job terminated.
	(1) Normal termination (return value 0)
		Usr 0 00:06:22, Sys 0 00:00:59  -  Run Remote Usage
		Usr 0 00:00:00, Sys 0 00:00:00  -  Run Local Usage
		Usr 0 00:06:22, Sys 0 00:00:59  -  Total Remote Usage
		Usr 0 00:00:00, Sys 0 00:00:00  -  Total Local Usage
	62646  -  Run Bytes Sent By Job
	10846  -  Run Bytes Received By Job
	62646  -  Total Bytes Sent By Job
	10846  -  Total Bytes Received By Job
	Partitionable Resources :    Usage  Request Allocated 
	   Cpus                 :     0.06        4         4 
	   Disk (KB)            :   140           1      3680 
	   GPUs                 :                           0 
	   Memory (MB)          : 26603       12000     12000 

	Job terminated of its own accord at 2025-06-02T22:46:43Z with exit-code 0.
...
006 (12419551.019.000) 06/03 00:48:55 Image size of job updated: 28802860
	28128  -  MemoryUsage of job (MB)
	28802860  -  ResidentSetSize of job (KB)
...
006 (12419551.008.000) 06/03 00:48:55 Image size of job updated: 24300828
	23732  -  MemoryUsage of job (MB)
	24300828  -  ResidentSetSize of job (KB)
...
006 (12419551.022.000) 06/03 00:48:56 Image size of job updated: 24443456
	23871  -  MemoryUsage of job (MB)
	24443456  -  ResidentSetSize of job (KB)
...
006 (12419551.003.000) 06/03 00:48:59 Image size of job updated: 24834424
	24253  -  MemoryUsage of job (MB)
	24834424  -  ResidentSetSize of job (KB)
...
006 (12419551.021.000) 06/03 00:48:59 Image size of job updated: 24439808
	23284  -  MemoryUsage of job (MB)
	23842428  -  ResidentSetSize of job (KB)
...
006 (12419551.012.000) 06/03 00:49:01 Image size of job updated: 28010624
	27355  -  MemoryUsage of job (MB)
	28010624  -  ResidentSetSize of job (KB)
...
006 (12419551.019.000) 06/03 00:53:55 Image size of job updated: 30437164
	29724  -  MemoryUsage of job (MB)
	30437164  -  ResidentSetSize of job (KB)
...
006 (12419551.003.000) 06/03 00:53:59 Image size of job updated: 26186432
	25573  -  MemoryUsage of job (MB)
	26186432  -  ResidentSetSize of job (KB)
...
006 (12419551.021.000) 06/03 00:53:59 Image size of job updated: 24439808
	23332  -  MemoryUsage of job (MB)
	23891780  -  ResidentSetSize of job (KB)
...
006 (12419551.012.000) 06/03 00:54:01 Image size of job updated: 29519700
	28828  -  MemoryUsage of job (MB)
	29519700  -  ResidentSetSize of job (KB)
...
006 (12419551.019.000) 06/03 00:58:55 Image size of job updated: 32021420
	31271  -  MemoryUsage of job (MB)
	32021420  -  ResidentSetSize of job (KB)
...
006 (12419551.003.000) 06/03 00:58:59 Image size of job updated: 27521540
	26877  -  MemoryUsage of job (MB)
	27521540  -  ResidentSetSize of job (KB)
...
006 (12419551.021.000) 06/03 00:59:00 Image size of job updated: 24439808
	23391  -  MemoryUsage of job (MB)
	23952368  -  ResidentSetSize of job (KB)
...
006 (12419551.012.000) 06/03 00:59:01 Image size of job updated: 31041132
	30314  -  MemoryUsage of job (MB)
	31041132  -  ResidentSetSize of job (KB)
...
007 (12419551.022.000) 06/03 01:02:56 Shadow exception!
	Error from slot1_8@b9g03p5993.cern.ch: Job has gone over cgroup memory limit of 12000 megabytes. Peak usage: 0 megabytes.  Consider resubmitting with a higher request_memory.
	0  -  Run Bytes Sent By Job
	10846  -  Run Bytes Received By Job
...
012 (12419551.022.000) 06/03 01:02:56 Job was held.
	Error from slot1_8@b9g03p5993.cern.ch: Job has gone over cgroup memory limit of 12000 megabytes. Peak usage: 0 megabytes.  Consider resubmitting with a higher request_memory.
	Code 34 Subcode 0
...
006 (12419551.019.000) 06/03 01:03:56 Image size of job updated: 33575852
	32789  -  MemoryUsage of job (MB)
	33575852  -  ResidentSetSize of job (KB)
...
006 (12419551.003.000) 06/03 01:04:00 Image size of job updated: 28905716
	28229  -  MemoryUsage of job (MB)
	28905716  -  ResidentSetSize of job (KB)
...
006 (12419551.021.000) 06/03 01:04:00 Image size of job updated: 24439808
	23464  -  MemoryUsage of job (MB)
	24026624  -  ResidentSetSize of job (KB)
...
006 (12419551.012.000) 06/03 01:04:02 Image size of job updated: 32637396
	31873  -  MemoryUsage of job (MB)
	32637396  -  ResidentSetSize of job (KB)
...
006 (12419551.019.000) 06/03 01:08:58 Image size of job updated: 35121760
	34299  -  MemoryUsage of job (MB)
	35121760  -  ResidentSetSize of job (KB)
...
006 (12419551.003.000) 06/03 01:09:00 Image size of job updated: 30281948
	29573  -  MemoryUsage of job (MB)
	30281948  -  ResidentSetSize of job (KB)
...
006 (12419551.021.000) 06/03 01:09:00 Image size of job updated: 24439808
	23478  -  MemoryUsage of job (MB)
	24041372  -  ResidentSetSize of job (KB)
...
006 (12419551.012.000) 06/03 01:09:02 Image size of job updated: 34164424
	33364  -  MemoryUsage of job (MB)
	34164424  -  ResidentSetSize of job (KB)
...
006 (12419551.003.000) 06/03 01:09:16 Image size of job updated: 30291560
	29573  -  MemoryUsage of job (MB)
	30281948  -  ResidentSetSize of job (KB)
...
040 (12419551.003.000) 06/03 01:09:16 Started transferring output files
	Seconds spent in queue: 9866
...
040 (12419551.003.000) 06/03 01:09:16 Finished transferring output files
...
005 (12419551.003.000) 06/03 01:09:16 Job terminated.
	(1) Normal termination (return value 0)
		Usr 0 00:07:01, Sys 0 00:01:11  -  Run Remote Usage
		Usr 0 00:00:00, Sys 0 00:00:00  -  Run Local Usage
		Usr 0 00:07:01, Sys 0 00:01:11  -  Total Remote Usage
		Usr 0 00:00:00, Sys 0 00:00:00  -  Total Local Usage
	63414  -  Run Bytes Sent By Job
	10846  -  Run Bytes Received By Job
	63414  -  Total Bytes Sent By Job
	10846  -  Total Bytes Received By Job
	Partitionable Resources :    Usage  Request Allocated 
	   Cpus                 :     0.10        4         4 
	   Disk (KB)            :   138           1      3572 
	   GPUs                 :                           0 
	   Memory (MB)          : 29573       12000     12000 

	Job terminated of its own accord at 2025-06-02T23:09:16Z with exit-code 0.
...
006 (12419551.019.000) 06/03 01:13:58 Image size of job updated: 36757984
	35897  -  MemoryUsage of job (MB)
	36757984  -  ResidentSetSize of job (KB)
...
006 (12419551.021.000) 06/03 01:14:00 Image size of job updated: 24439808
	23486  -  MemoryUsage of job (MB)
	24048952  -  ResidentSetSize of job (KB)
...
006 (12419551.012.000) 06/03 01:14:03 Image size of job updated: 35685620
	34850  -  MemoryUsage of job (MB)
	35685620  -  ResidentSetSize of job (KB)
...
040 (12419551.009.000) 06/03 01:14:04 Started transferring output files
	Seconds spent in queue: 10112
...
040 (12419551.009.000) 06/03 01:14:04 Finished transferring output files
...
005 (12419551.009.000) 06/03 01:14:04 Job terminated.
	(1) Normal termination (return value 0)
		Usr 0 00:07:39, Sys 0 00:02:02  -  Run Remote Usage
		Usr 0 00:00:00, Sys 0 00:00:00  -  Run Local Usage
		Usr 0 00:07:39, Sys 0 00:02:02  -  Total Remote Usage
		Usr 0 00:00:00, Sys 0 00:00:00  -  Total Local Usage
	65304  -  Run Bytes Sent By Job
	10846  -  Run Bytes Received By Job
	65304  -  Total Bytes Sent By Job
	10846  -  Total Bytes Received By Job
	Partitionable Resources :    Usage  Request Allocated 
	   Cpus                 :     0.02        4         4 
	   Disk (KB)            :   140           1      3715 
	   GPUs                 :                           0 
	   Memory (MB)          : 21236       12000     12000 

	Job terminated of its own accord at 2025-06-02T23:14:04Z with exit-code 0.
...
006 (12419551.019.000) 06/03 01:18:58 Image size of job updated: 38334984
	37437  -  MemoryUsage of job (MB)
	38334984  -  ResidentSetSize of job (KB)
...
006 (12419551.021.000) 06/03 01:19:01 Image size of job updated: 24439808
	23510  -  MemoryUsage of job (MB)
	24073252  -  ResidentSetSize of job (KB)
...
006 (12419551.012.000) 06/03 01:19:03 Image size of job updated: 37198668
	36327  -  MemoryUsage of job (MB)
	37198668  -  ResidentSetSize of job (KB)
...
006 (12419551.012.000) 06/03 01:21:39 Image size of job updated: 37869200
	36328  -  MemoryUsage of job (MB)
	37199292  -  ResidentSetSize of job (KB)
...
040 (12419551.012.000) 06/03 01:21:39 Started transferring output files
	Seconds spent in queue: 10565
...
040 (12419551.012.000) 06/03 01:21:39 Finished transferring output files
...
005 (12419551.012.000) 06/03 01:21:39 Job terminated.
	(1) Normal termination (return value 0)
		Usr 0 00:08:47, Sys 0 00:01:20  -  Run Remote Usage
		Usr 0 00:00:00, Sys 0 00:00:00  -  Run Local Usage
		Usr 0 00:08:47, Sys 0 00:01:20  -  Total Remote Usage
		Usr 0 00:00:00, Sys 0 00:00:00  -  Total Local Usage
	66146  -  Run Bytes Sent By Job
	10846  -  Run Bytes Received By Job
	66146  -  Total Bytes Sent By Job
	10846  -  Total Bytes Received By Job
	Partitionable Resources :    Usage  Request Allocated 
	   Cpus                 :     0.06        4         4 
	   Disk (KB)            :   144           1      3680 
	   GPUs                 :                           0 
	   Memory (MB)          : 36328       12000     12000 

	Job terminated of its own accord at 2025-06-02T23:21:39Z with exit-code 0.
...
006 (12419551.019.000) 06/03 01:23:59 Image size of job updated: 39878216
	38944  -  MemoryUsage of job (MB)
	39878216  -  ResidentSetSize of job (KB)
...
006 (12419551.021.000) 06/03 01:24:02 Image size of job updated: 24439808
	23510  -  MemoryUsage of job (MB)
	24074096  -  ResidentSetSize of job (KB)
...
006 (12419551.021.000) 06/03 01:29:02 Image size of job updated: 24439808
	23518  -  MemoryUsage of job (MB)
	24082348  -  ResidentSetSize of job (KB)
...
040 (12419551.007.000) 06/03 01:31:10 Started transferring output files
	Seconds spent in queue: 11138
...
040 (12419551.007.000) 06/03 01:31:11 Finished transferring output files
...
005 (12419551.007.000) 06/03 01:31:11 Job terminated.
	(1) Normal termination (return value 0)
		Usr 0 00:08:12, Sys 0 00:02:13  -  Run Remote Usage
		Usr 0 00:00:00, Sys 0 00:00:00  -  Run Local Usage
		Usr 0 00:08:12, Sys 0 00:02:13  -  Total Remote Usage
		Usr 0 00:00:00, Sys 0 00:00:00  -  Total Local Usage
	66774  -  Run Bytes Sent By Job
	10846  -  Run Bytes Received By Job
	66774  -  Total Bytes Sent By Job
	10846  -  Total Bytes Received By Job
	Partitionable Resources :    Usage  Request Allocated 
	   Cpus                 :     0.08        4         4 
	   Disk (KB)            :   142           1      3881 
	   GPUs                 :                           0 
	   Memory (MB)          : 23938       12000     12000 

	Job terminated of its own accord at 2025-06-02T23:31:10Z with exit-code 0.
...
007 (12419551.021.000) 06/03 01:34:35 Shadow exception!
	Error from slot1_12@b9g03p7944.cern.ch: Job has gone over cgroup memory limit of 12000 megabytes. Last measured usage: 23867 megabytes.  Consider resubmitting with a higher request_memory.
	0  -  Run Bytes Sent By Job
	10846  -  Run Bytes Received By Job
...
012 (12419551.021.000) 06/03 01:34:35 Job was held.
	Error from slot1_12@b9g03p7944.cern.ch: Job has gone over cgroup memory limit of 12000 megabytes. Last measured usage: 23867 megabytes.  Consider resubmitting with a higher request_memory.
	Code 34 Subcode 0
...
040 (12419551.019.000) 06/03 01:42:43 Entered queue to transfer output files
...
040 (12419551.008.000) 06/03 02:10:30 Entered queue to transfer output files
...
040 (12419551.008.000) 06/03 02:16:55 Started transferring output files
	Seconds spent in queue: 13883
...
040 (12419551.008.000) 06/03 02:16:55 Finished transferring output files
...
005 (12419551.008.000) 06/03 02:16:56 Job terminated.
	(1) Normal termination (return value 0)
		Usr 0 00:09:59, Sys 0 00:03:16  -  Run Remote Usage
		Usr 0 00:00:00, Sys 0 00:00:00  -  Run Local Usage
		Usr 0 00:09:59, Sys 0 00:03:16  -  Total Remote Usage
		Usr 0 00:00:00, Sys 0 00:00:00  -  Total Local Usage
	68524  -  Run Bytes Sent By Job
	10846  -  Run Bytes Received By Job
	68524  -  Total Bytes Sent By Job
	10846  -  Total Bytes Received By Job
	Partitionable Resources :    Usage  Request Allocated 
	   Cpus                 :        0        4         4 
	   Disk (KB)            :      143        1      3899 
	   GPUs                 :                           0 
	   Memory (MB)          :    23732    12000     12000 

	Job terminated of its own accord at 2025-06-03T00:10:25Z with exit-code 0.
...
040 (12419551.019.000) 06/03 02:23:34 Started transferring output files
	Seconds spent in queue: 14277
...
040 (12419551.019.000) 06/03 02:23:34 Finished transferring output files
...
005 (12419551.019.000) 06/03 02:23:34 Job terminated.
	(1) Normal termination (return value 0)
		Usr 0 00:09:39, Sys 0 00:01:42  -  Run Remote Usage
		Usr 0 00:00:00, Sys 0 00:00:00  -  Run Local Usage
		Usr 0 00:09:39, Sys 0 00:01:42  -  Total Remote Usage
		Usr 0 00:00:00, Sys 0 00:00:00  -  Total Local Usage
	68946  -  Run Bytes Sent By Job
	10846  -  Run Bytes Received By Job
	68946  -  Total Bytes Sent By Job
	10846  -  Total Bytes Received By Job
	Partitionable Resources :    Usage  Request Allocated 
	   Cpus                 :        0        4         4 
	   Disk (KB)            :      144        1      3763 
	   GPUs                 :                           0 
	   Memory (MB)          :    38944    12000     12000 

	Job terminated of its own accord at 2025-06-02T23:42:38Z with exit-code 0.
...
013 (12419551.021.000) 06/03 15:02:48 Job was released.
	via condor_release (by user junghyun)
...
013 (12419551.022.000) 06/03 15:02:48 Job was released.
	via condor_release (by user junghyun)
...
040 (12419551.021.000) 06/03 15:04:51 Started transferring input files
	Seconds spent in queue: 59895
...
040 (12419551.021.000) 06/03 15:04:51 Finished transferring input files
...
040 (12419551.022.000) 06/03 15:04:51 Started transferring input files
	Seconds spent in queue: 59894
...
040 (12419551.022.000) 06/03 15:04:51 Finished transferring input files
...
001 (12419551.021.000) 06/03 15:04:52 Job executing on host: <188.184.185.87:9618?addrs=188.184.185.87-9618+[2001-1458-301-52--100-56]-9618&alias=b9g37p4253.cern.ch&noUDP&sock=startd_2458_8fe1>
	SlotName: slot1_1@b9g37p4253.cern.ch
	CondorScratchDir = "/pool/condor/dir_2701951"
	Cpus = 4
	Disk = 3811
	GPUs = 0
	Memory = 30000
...
001 (12419551.022.000) 06/03 15:04:52 Job executing on host: <128.142.161.101:9618?addrs=128.142.161.101-9618+[2001-1458-301-b8--100-23]-9618&alias=b9g03p0845.cern.ch&noUDP&sock=startd_3580173_7870>
	SlotName: slot1_6@b9g03p0845.cern.ch
	CondorScratchDir = "/pool/condor/dir_82139"
	Cpus = 4
	Disk = 3718
	GPUs = 0
	Memory = 30000
...
006 (12419551.021.000) 06/03 16:30:09 Image size of job updated: 25365720
	24772  -  MemoryUsage of job (MB)
	25365720  -  ResidentSetSize of job (KB)
...
006 (12419551.021.000) 06/03 16:35:10 Image size of job updated: 26787280
	26160  -  MemoryUsage of job (MB)
	26787280  -  ResidentSetSize of job (KB)
...
006 (12419551.021.000) 06/03 16:40:10 Image size of job updated: 28296932
	27634  -  MemoryUsage of job (MB)
	28296932  -  ResidentSetSize of job (KB)
...
006 (12419551.021.000) 06/03 16:45:11 Image size of job updated: 29299112
	28613  -  MemoryUsage of job (MB)
	29299112  -  ResidentSetSize of job (KB)
...
006 (12419551.021.000) 06/03 16:50:12 Image size of job updated: 30707824
	29989  -  MemoryUsage of job (MB)
	30707824  -  ResidentSetSize of job (KB)
...
006 (12419551.021.000) 06/03 16:55:12 Image size of job updated: 32222640
	31468  -  MemoryUsage of job (MB)
	32222640  -  ResidentSetSize of job (KB)
...
006 (12419551.021.000) 06/03 17:00:12 Image size of job updated: 33602436
	32815  -  MemoryUsage of job (MB)
	33602436  -  ResidentSetSize of job (KB)
...
040 (12419551.022.000) 06/03 17:02:28 Started transferring output files
	Seconds spent in queue: 66951
...
040 (12419551.022.000) 06/03 17:02:28 Finished transferring output files
...
005 (12419551.022.000) 06/03 17:02:28 Job terminated.
	(1) Normal termination (return value 0)
		Usr 0 00:10:31, Sys 0 00:01:08  -  Run Remote Usage
		Usr 0 00:00:00, Sys 0 00:00:00  -  Run Local Usage
		Usr 0 00:19:03, Sys 0 00:02:05  -  Total Remote Usage
		Usr 0 00:00:00, Sys 0 00:00:00  -  Total Local Usage
	63764  -  Run Bytes Sent By Job
	10846  -  Run Bytes Received By Job
	63764  -  Total Bytes Sent By Job
	21692  -  Total Bytes Received By Job
	Partitionable Resources :    Usage  Request Allocated 
	   Cpus                 :     0.05        4         4 
	   Disk (KB)            :   141         150      3718 
	   GPUs                 :                           0 
	   Memory (MB)          : 24415       30000     30000 

	Job terminated of its own accord at 2025-06-03T15:02:28Z with exit-code 0.
...
006 (12419551.021.000) 06/03 17:05:13 Image size of job updated: 35108432
	34286  -  MemoryUsage of job (MB)
	35108432  -  ResidentSetSize of job (KB)
...
006 (12419551.021.000) 06/03 17:10:13 Image size of job updated: 36486812
	35632  -  MemoryUsage of job (MB)
	36486812  -  ResidentSetSize of job (KB)
...
006 (12419551.021.000) 06/03 17:15:13 Image size of job updated: 38012964
	37123  -  MemoryUsage of job (MB)
	38012964  -  ResidentSetSize of job (KB)
...
040 (12419551.021.000) 06/03 17:31:07 Started transferring output files
	Seconds spent in queue: 68671
...
040 (12419551.021.000) 06/03 17:31:08 Finished transferring output files
...
005 (12419551.021.000) 06/03 17:31:08 Job terminated.
	(1) Normal termination (return value 0)
		Usr 0 00:18:26, Sys 0 00:01:46  -  Run Remote Usage
		Usr 0 00:00:00, Sys 0 00:00:00  -  Run Local Usage
		Usr 0 00:30:30, Sys 0 00:03:09  -  Total Remote Usage
		Usr 0 00:00:00, Sys 0 00:00:00  -  Total Local Usage
	67966  -  Run Bytes Sent By Job
	10846  -  Run Bytes Received By Job
	67966  -  Total Bytes Sent By Job
	21692  -  Total Bytes Received By Job
	Partitionable Resources :    Usage  Request Allocated 
	   Cpus                 :     0.20        4         4 
	   Disk (KB)            :   145         150      3811 
	   GPUs                 :                           0 
	   Memory (MB)          : 37123       30000     30000 

	Job terminated of its own accord at 2025-06-03T15:31:07Z with exit-code 0.
...
